ISO-10303-21;
HEADER;
FILE_DESCRIPTION (( 'STEP AP214' ),
    '1' );
FILE_NAME ('219-4MST.STEP',
    '2025-10-14T15:08:10',
    ( 'LENOVO' ),
    ( '' ),
    'SwSTEP 2.0',
    'SolidWorks 2021',
    '' );
FILE_SCHEMA (( 'AUTOMOTIVE_DESIGN' ));
ENDSEC;

DATA;
#1 = AXIS2_PLACEMENT_3D ( 'NONE', #3400, #5104, #2746 ) ;
#2 = FACE_OUTER_BOUND ( 'NONE', #5024, .T. ) ;
#3 = ORIENTED_EDGE ( 'NONE', *, *, #3219, .T. ) ;
#4 = CIRCLE ( 'NONE', #6394, 0.09999999999999993616 ) ;
#5 = CARTESIAN_POINT ( 'NONE',  ( -2.020000000000000018, -0.1898791645069245193, -3.750320303035187042 ) ) ;
#6 = LINE ( 'NONE', #983, #9123 ) ;
#7 = CARTESIAN_POINT ( 'NONE',  ( -0.5200000000000004619, -0.2000000000000000111, -3.550576545463337119 ) ) ;
#8 = EDGE_LOOP ( 'NONE', ( #6428, #496, #6914, #447 ) ) ;
#9 = DIRECTION ( 'NONE',  ( 0.000000000000000000, 1.000000000000000000, 2.891205793294678326E-16 ) ) ;
#10 = DIRECTION ( 'NONE',  ( 0.000000000000000000, 1.000000000000000000, 0.000000000000000000 ) ) ;
#11 = PLANE ( 'NONE',  #107 ) ;
#12 =( LENGTH_UNIT ( ) NAMED_UNIT ( * ) SI_UNIT ( .MILLI., .METRE. ) );
#13 = VERTEX_POINT ( 'NONE', #7443 ) ;
#14 = CIRCLE ( 'NONE', #8843, 0.4499999999999999001 ) ;
#15 = ORIENTED_EDGE ( 'NONE', *, *, #4707, .F. ) ;
#16 = EDGE_CURVE ( 'NONE', #4654, #6577, #6319, .T. ) ;
#17 = LINE ( 'NONE', #7515, #6065 ) ;
#18 = LINE ( 'NONE', #7576, #8977 ) ;
#19 =( GEOMETRIC_REPRESENTATION_CONTEXT ( 3 ) GLOBAL_UNCERTAINTY_ASSIGNED_CONTEXT ( ( #9217 ) ) GLOBAL_UNIT_ASSIGNED_CONTEXT ( ( #1830, #8776, #2467 ) ) REPRESENTATION_CONTEXT ( 'NONE', 'WORKASPACE' ) );
#20 = LINE ( 'NONE', #2515, #9034 ) ;
#21 = DIRECTION ( 'NONE',  ( 0.000000000000000000, 0.000000000000000000, -1.000000000000000000 ) ) ;
#22 = CARTESIAN_POINT ( 'NONE',  ( 4.559999999999999609, -0.2000000000000000111, 3.550576545463337119 ) ) ;
#23 = ORIENTED_EDGE ( 'NONE', *, *, #1728, .F. ) ;
#24 = FACE_OUTER_BOUND ( 'NONE', #1437, .T. ) ;
#25 = DIRECTION ( 'NONE',  ( 0.000000000000000000, 0.000000000000000000, -1.000000000000000000 ) ) ;
#26 = EDGE_CURVE ( 'NONE', #7171, #7626, #165, .T. ) ;
#27 = ORIENTED_EDGE ( 'NONE', *, *, #7452, .F. ) ;
#28 = ORIENTED_EDGE ( 'NONE', *, *, #7957, .T. ) ;
#29 = ORIENTED_EDGE ( 'NONE', *, *, #5956, .F. ) ;
#30 =( NAMED_UNIT ( * ) SI_UNIT ( $, .STERADIAN. ) SOLID_ANGLE_UNIT ( ) );
#31 = CARTESIAN_POINT ( 'NONE',  ( -0.5200000000000004619, 0.2500000000000000000, -3.550576545463337119 ) ) ;
#32 = CARTESIAN_POINT ( 'NONE',  ( -0.5200000000000004619, -1.367711462112881859, 3.810000000000000053 ) ) ;
#33 =( GEOMETRIC_REPRESENTATION_CONTEXT ( 3 ) GLOBAL_UNCERTAINTY_ASSIGNED_CONTEXT ( ( #1180 ) ) GLOBAL_UNIT_ASSIGNED_CONTEXT ( ( #8103, #8693, #2393 ) ) REPRESENTATION_CONTEXT ( 'NONE', 'WORKASPACE' ) );
#34 = DIRECTION ( 'NONE',  ( -0.000000000000000000, -1.000000000000000000, -2.891205793294678326E-16 ) ) ;
#35 = PRESENTATION_STYLE_ASSIGNMENT (( #7770 ) ) ;
#36 = ORIENTED_EDGE ( 'NONE', *, *, #2061, .F. ) ;
#37 = FACE_OUTER_BOUND ( 'NONE', #5266, .T. ) ;
#38 = EDGE_CURVE ( 'NONE', #6471, #5211, #9158, .T. ) ;
#39 = ORIENTED_EDGE ( 'NONE', *, *, #403, .T. ) ;
#40 = AXIS2_PLACEMENT_3D ( 'NONE', #8592, #1310, #2110 ) ;
#41 = CIRCLE ( 'NONE', #2350, 0.1000000000000001582 ) ;
#42 = CARTESIAN_POINT ( 'NONE',  ( 0.9949999999999997735, -1.355060417746537293, -4.059679696964812123 ) ) ;
#43 = ORIENTED_EDGE ( 'NONE', *, *, #3165, .F. ) ;
#44 = ORIENTED_EDGE ( 'NONE', *, *, #5436, .F. ) ;
#45 = EDGE_CURVE ( 'NONE', #2396, #7236, #3413, .T. ) ;
#46 = LINE ( 'NONE', #8526, #6413 ) ;
#47 = VERTEX_POINT ( 'NONE', #1048 ) ;
#48 = LINE ( 'NONE', #1589, #3396 ) ;
#49 = CARTESIAN_POINT ( 'NONE',  ( -0.9950000000000002176, -1.700000000000000400, -4.954999999999999183 ) ) ;
#50 = AXIS2_PLACEMENT_3D ( 'NONE', #5095, #5721, #6416 ) ;
#51 = DIRECTION ( 'NONE',  ( 1.000000000000000000, -0.000000000000000000, -0.000000000000000000 ) ) ;
#52 = CARTESIAN_POINT ( 'NONE',  ( -3.535000000000000142, -1.150000000000000355, 3.350000000000000533 ) ) ;
#53 = CIRCLE ( 'NONE', #3136, 0.1000000000000011297 ) ;
#54 = FACE_OUTER_BOUND ( 'NONE', #8785, .T. ) ;
#55 = CARTESIAN_POINT ( 'NONE',  ( 4.559999999999999609, -0.1772281201405800644, -4.000000000000000000 ) ) ;
#56 = CARTESIAN_POINT ( 'NONE',  ( -4.084999999999999964, -1.450000000000000178, -4.954999999999999183 ) ) ;
#57 = VERTEX_POINT ( 'NONE', #8811 ) ;
#58 = DIRECTION ( 'NONE',  ( -0.000000000000000000, -1.000000000000000000, -0.000000000000000000 ) ) ;
#59 = EDGE_CURVE ( 'NONE', #4432, #2945, #6452, .T. ) ;
#60 = ADVANCED_FACE ( 'NONE', ( #320 ), #381, .T. ) ;
#61 = ORIENTED_EDGE ( 'NONE', *, *, #167, .T. ) ;
#62 = EDGE_LOOP ( 'NONE', ( #7551, #8099, #7461, #484 ) ) ;
#63 = VECTOR ( 'NONE', #7793, 1000.000000000000000 ) ;
#64 = EDGE_LOOP ( 'NONE', ( #9076, #1902, #8148, #2012 ) ) ;
#65 = EDGE_CURVE ( 'NONE', #305, #4748, #487, .T. ) ;
#66 =( LENGTH_UNIT ( ) NAMED_UNIT ( * ) SI_UNIT ( .MILLI., .METRE. ) );
#67 = ORIENTED_EDGE ( 'NONE', *, *, #5571, .T. ) ;
#68 = ADVANCED_FACE ( 'NONE', ( #398 ), #7145, .T. ) ;
#69 = LINE ( 'NONE', #1947, #9157 ) ;
#70 = LINE ( 'NONE', #441, #3191 ) ;
#71 = DIRECTION ( 'NONE',  ( 0.000000000000000000, -0.9987187878592513890, -0.05060417746537783368 ) ) ;
#72 = ORIENTED_EDGE ( 'NONE', *, *, #7419, .F. ) ;
#73 = CYLINDRICAL_SURFACE ( 'NONE', #601, 0.1999999999999996503 ) ;
#74 = FACE_OUTER_BOUND ( 'NONE', #5057, .T. ) ;
#75 = PLANE ( 'NONE',  #5572 ) ;
#76 = CARTESIAN_POINT ( 'NONE',  ( 2.019999999999999574, -1.349999999999999645, 4.159551575750739083 ) ) ;
#77 = DIRECTION ( 'NONE',  ( -1.000000000000000000, -0.000000000000000000, -0.000000000000000000 ) ) ;
#78 = EDGE_CURVE ( 'NONE', #4938, #316, #594, .T. ) ;
#79 = DIRECTION ( 'NONE',  ( -1.000000000000000000, -0.000000000000000000, 0.000000000000000000 ) ) ;
#80 = VERTEX_POINT ( 'NONE', #8400 ) ;
#81 = FILL_AREA_STYLE ('',( #5634 ) ) ;
#82 =( LENGTH_UNIT ( ) NAMED_UNIT ( * ) SI_UNIT ( .MILLI., .METRE. ) );
#83 = EDGE_LOOP ( 'NONE', ( #7401, #1214, #3924, #4754 ) ) ;
#84 = ORIENTED_EDGE ( 'NONE', *, *, #1217, .F. ) ;
#85 = ORIENTED_EDGE ( 'NONE', *, *, #6135, .T. ) ;
#86 = FACE_OUTER_BOUND ( 'NONE', #2797, .T. ) ;
#87 = CYLINDRICAL_SURFACE ( 'NONE', #8494, 0.1000000000000011297 ) ;
#88 = CARTESIAN_POINT ( 'NONE',  ( -3.310000000000000497, 4.649244398944980539, 0.09999999999999995004 ) ) ;
#89 = DIRECTION ( 'NONE',  ( -1.000000000000000000, 0.000000000000000000, 0.000000000000000000 ) ) ;
#90 = VERTEX_POINT ( 'NONE', #8867 ) ;
#91 = STYLED_ITEM ( 'NONE', ( #7966 ), #4301 ) ;
#92 = ADVANCED_FACE ( 'NONE', ( #911 ), #9108, .F. ) ;
#93 = DIRECTION ( 'NONE',  ( 1.000000000000000000, 0.000000000000000000, 0.000000000000000000 ) ) ;
#94 = EDGE_CURVE ( 'NONE', #90, #551, #3989, .T. ) ;
#95 = LINE ( 'NONE', #3102, #3425 ) ;
#96 = ORIENTED_EDGE ( 'NONE', *, *, #6615, .T. ) ;
#97 =( NAMED_UNIT ( * ) PLANE_ANGLE_UNIT ( ) SI_UNIT ( $, .RADIAN. ) );
#98 = SURFACE_SIDE_STYLE ('',( #6237 ) ) ;
#99 = CARTESIAN_POINT ( 'NONE',  ( 4.084999999999999964, -1.700000000000000400, -4.954999999999999183 ) ) ;
#100 = ORIENTED_EDGE ( 'NONE', *, *, #5548, .T. ) ;
#101 = CARTESIAN_POINT ( 'NONE',  ( -1.770000000000000240, 2.780000000000000249, 0.5999999999999994227 ) ) ;
#102 = EDGE_CURVE ( 'NONE', #8093, #7042, #4117, .T. ) ;
#103 = AXIS2_PLACEMENT_3D ( 'NONE', #1738, #2453, #6013 ) ;
#104 = ORIENTED_EDGE ( 'NONE', *, *, #4565, .T. ) ;
#105 = COLOUR_RGB ( '',0.7921568627450980005, 0.8196078431372548767, 0.9333333333333333481 ) ;
#106 = UNCERTAINTY_MEASURE_WITH_UNIT (LENGTH_MEASURE( 1.000000000000000082E-05 ), #8921, 'distance_accuracy_value', 'NONE');
#107 = AXIS2_PLACEMENT_3D ( 'NONE', #2256, #1591, #4995 ) ;
#108 = CARTESIAN_POINT ( 'NONE',  ( 4.559999999999999609, 0.000000000000000000, 3.550576545463337119 ) ) ;
#109 = CARTESIAN_POINT ( 'NONE',  ( 0.5200000000000000178, 0.000000000000000000, -3.349999999999997424 ) ) ;
#110 = FILL_AREA_STYLE_COLOUR ( '', #1574 ) ;
#111 = DIRECTION ( 'NONE',  ( -1.000000000000000000, 0.000000000000000000, 0.000000000000000000 ) ) ;
#112 = ORIENTED_EDGE ( 'NONE', *, *, #7311, .T. ) ;
#113 = DIRECTION ( 'NONE',  ( 0.000000000000000000, 0.000000000000000000, -1.000000000000000000 ) ) ;
#114 = CARTESIAN_POINT ( 'NONE',  ( 4.559999999999999609, 0.2500000000000000000, -3.550576545463337119 ) ) ;
#115 = VECTOR ( 'NONE', #2031, 1000.000000000000000 ) ;
#116 = ADVANCED_FACE ( 'NONE', ( #748 ), #5465, .F. ) ;
#117 = CARTESIAN_POINT ( 'NONE',  ( 3.310000000000000053, 1.999999999999999112, -6.505213034913026604E-16 ) ) ;
#118 = AXIS2_PLACEMENT_3D ( 'NONE', #8593, #2054, #528 ) ;
#119 = DIRECTION ( 'NONE',  ( -0.000000000000000000, 0.7071067811865404673, -0.7071067811865545671 ) ) ;
#120 = ORIENTED_EDGE ( 'NONE', *, *, #891, .F. ) ;
#121 = CARTESIAN_POINT ( 'NONE',  ( 0.7699999999999997957, 1.999999999999999112, 0.5999999999999992006 ) ) ;
#122 = LINE ( 'NONE', #431, #358 ) ;
#123 = LINE ( 'NONE', #2683, #6295 ) ;
#124 = AXIS2_PLACEMENT_3D ( 'NONE', #3483, #9113, #1401 ) ;
#125 = EDGE_LOOP ( 'NONE', ( #4037, #6745, #6218, #3213 ) ) ;
#126 = ORIENTED_EDGE ( 'NONE', *, *, #6960, .T. ) ;
#127 = CARTESIAN_POINT ( 'NONE',  ( -3.209999999999999964, 1.999999999999999112, 0.09999999999999917288 ) ) ;
#128 = EDGE_LOOP ( 'NONE', ( #3377, #1071, #7202, #4242 ) ) ;
#129 = CARTESIAN_POINT ( 'NONE',  ( -3.060000000000000053, -0.2000000000000000111, -3.550576545463337119 ) ) ;
#130 = ORIENTED_EDGE ( 'NONE', *, *, #4823, .T. ) ;
#131 = CARTESIAN_POINT ( 'NONE',  ( 5.565000000000000391, 2.500000000000000000, -2.599999999999999201 ) ) ;
#132 = ORIENTED_EDGE ( 'NONE', *, *, #3731, .T. ) ;
#133 = EDGE_CURVE ( 'NONE', #6526, #537, #6764, .T. ) ;
#134 = STYLED_ITEM ( 'NONE', ( #673 ), #6082 ) ;
#135 = DIRECTION ( 'NONE',  ( 0.000000000000000000, 0.000000000000000000, -1.000000000000000000 ) ) ;
#136 = SURFACE_STYLE_USAGE ( .BOTH. , #2765 ) ;
#137 = CARTESIAN_POINT ( 'NONE',  ( -4.084999999999999964, -1.450000000000000178, 4.159551575750739083 ) ) ;
#138 = CARTESIAN_POINT ( 'NONE',  ( 3.535000000000000142, -1.367711462112881859, 3.810000000000000053 ) ) ;
#139 = CARTESIAN_POINT ( 'NONE',  ( -5.080000000000000071, 2.880000000000000338, 0.000000000000000000 ) ) ;
#140 = EDGE_LOOP ( 'NONE', ( #7008, #1036, #2260, #6933 ) ) ;
#141 = ORIENTED_EDGE ( 'NONE', *, *, #7344, .T. ) ;
#142 = LINE ( 'NONE', #6846, #155 ) ;
#143 = ORIENTED_EDGE ( 'NONE', *, *, #7815, .T. ) ;
#144 = STYLED_ITEM ( 'NONE', ( #7373 ), #2070 ) ;
#145 = ORIENTED_EDGE ( 'NONE', *, *, #8296, .T. ) ;
#146 = EDGE_CURVE ( 'NONE', #5211, #4338, #799, .T. ) ;
#147 = ADVANCED_FACE ( 'NONE', ( #3703 ), #3938, .T. ) ;
#148 = FACE_OUTER_BOUND ( 'NONE', #3853, .T. ) ;
#149 = CARTESIAN_POINT ( 'NONE',  ( 0.5200000000000000178, -1.150000000000000133, -3.550576545463337119 ) ) ;
#150 = CARTESIAN_POINT ( 'NONE',  ( 4.084999999999999964, -1.700000000000000400, 3.350000000000000533 ) ) ;
#151 = VERTEX_POINT ( 'NONE', #2891 ) ;
#152 = CARTESIAN_POINT ( 'NONE',  ( -5.815000000000000391, 2.250000000000000444, -3.349999999999998312 ) ) ;
#153 = PRESENTATION_LAYER_ASSIGNMENT (  '', '', ( #4003 ) ) ;
#154 = ADVANCED_FACE ( 'NONE', ( #832 ), #4261, .T. ) ;
#155 = VECTOR ( 'NONE', #7616, 1000.000000000000000 ) ;
#156 = ORIENTED_EDGE ( 'NONE', *, *, #6076, .F. ) ;
#157 = DIRECTION ( 'NONE',  ( 1.000000000000000000, 0.000000000000000000, 0.000000000000000000 ) ) ;
#158 = DIRECTION ( 'NONE',  ( -0.000000000000000000, 0.000000000000000000, 1.000000000000000000 ) ) ;
#159 = DIRECTION ( 'NONE',  ( 0.000000000000000000, 0.000000000000000000, -1.000000000000000000 ) ) ;
#160 = CARTESIAN_POINT ( 'NONE',  ( -4.309999999999999609, 1.999999999999999112, 0.6999999999999992895 ) ) ;
#161 = ORIENTED_EDGE ( 'NONE', *, *, #3648, .T. ) ;
#162 = CARTESIAN_POINT ( 'NONE',  ( -4.410000000000000142, 1.999999999999999112, 0.5999999999999992006 ) ) ;
#163 = CARTESIAN_POINT ( 'NONE',  ( -4.709999999999999964, 2.500000000000000000, 2.300000000000000266 ) ) ;
#164 = CYLINDRICAL_SURFACE ( 'NONE', #8881, 0.1999999999999996503 ) ;
#165 = LINE ( 'NONE', #5309, #6086 ) ;
#166 = LINE ( 'NONE', #3857, #3277 ) ;
#167 = EDGE_CURVE ( 'NONE', #8707, #3782, #5736, .T. ) ;
#168 = ORIENTED_EDGE ( 'NONE', *, *, #4545, .T. ) ;
#169 = AXIS2_PLACEMENT_3D ( 'NONE', #88, #5577, #820 ) ;
#170 = DIRECTION ( 'NONE',  ( 0.000000000000000000, -1.000000000000000000, 0.000000000000000000 ) ) ;
#171 = VERTEX_POINT ( 'NONE', #5626 ) ;
#172 = EDGE_LOOP ( 'NONE', ( #5170, #6546, #4905, #1140, #8144, #8793, #2753, #8822 ) ) ;
#173 = AXIS2_PLACEMENT_3D ( 'NONE', #706, #2739, #453 ) ;
#174 = ORIENTED_EDGE ( 'NONE', *, *, #5357, .F. ) ;
#175 = EDGE_CURVE ( 'NONE', #5946, #7741, #2638, .T. ) ;
#176 = DIRECTION ( 'NONE',  ( 0.000000000000000000, 0.000000000000000000, 1.000000000000000000 ) ) ;
#177 = DIRECTION ( 'NONE',  ( 0.000000000000000000, -1.000000000000000000, -2.891205793294678326E-16 ) ) ;
#178 = VECTOR ( 'NONE', #6670, 1000.000000000000000 ) ;
#179 = CARTESIAN_POINT ( 'NONE',  ( 3.535000000000000142, -1.700000000000000178, -4.954999999999999183 ) ) ;
#180 = ORIENTED_EDGE ( 'NONE', *, *, #8149, .T. ) ;
#181 = EDGE_CURVE ( 'NONE', #5498, #3036, #5629, .T. ) ;
#182 = AXIS2_PLACEMENT_3D ( 'NONE', #765, #3829, #1721 ) ;
#183 = ORIENTED_EDGE ( 'NONE', *, *, #1688, .T. ) ;
#184 = VECTOR ( 'NONE', #1609, 1000.000000000000000 ) ;
#185 = ORIENTED_EDGE ( 'NONE', *, *, #7957, .F. ) ;
#186 = CARTESIAN_POINT ( 'NONE',  ( 3.310000000000000053, 2.780000000000000249, 0.09999999999999951983 ) ) ;
#187 = CARTESIAN_POINT ( 'NONE',  ( -3.060000000000000053, 0.000000000000000000, 3.550576545463337119 ) ) ;
#188 = CARTESIAN_POINT ( 'NONE',  ( -0.6700000000000003730, 2.249999999999999112, 0.6999999999999992895 ) ) ;
#189 = DIRECTION ( 'NONE',  ( 0.000000000000000000, 0.000000000000000000, 1.000000000000000000 ) ) ;
#190 = ORIENTED_EDGE ( 'NONE', *, *, #2402, .T. ) ;
#191 = DIRECTION ( 'NONE',  ( 1.000000000000000000, 0.000000000000000000, -1.219727444046192981E-16 ) ) ;
#192 = CARTESIAN_POINT ( 'NONE',  ( -0.5200000000000004619, -1.349999999999999645, 4.159551575750739083 ) ) ;
#193 = DIRECTION ( 'NONE',  ( 0.000000000000000000, 0.000000000000000000, -1.000000000000000000 ) ) ;
#194 = EDGE_CURVE ( 'NONE', #8360, #4420, #8698, .T. ) ;
#195 = AXIS2_PLACEMENT_3D ( 'NONE', #2009, #2658, #8118 ) ;
#196 = CARTESIAN_POINT ( 'NONE',  ( 3.209999999999999964, 2.499999999999999112, 2.060000000000005382 ) ) ;
#197 = DIRECTION ( 'NONE',  ( -1.000000000000000000, -0.000000000000000000, -0.000000000000000000 ) ) ;
#198 = ORIENTED_EDGE ( 'NONE', *, *, #5715, .F. ) ;
#199 = FACE_OUTER_BOUND ( 'NONE', #7527, .T. ) ;
#200 = VERTEX_POINT ( 'NONE', #5118 ) ;
#201 = ORIENTED_EDGE ( 'NONE', *, *, #5678, .F. ) ;
#202 = FILL_AREA_STYLE_COLOUR ( '', #2217 ) ;
#203 = LINE ( 'NONE', #8243, #6607 ) ;
#204 = EDGE_CURVE ( 'NONE', #4390, #749, #2649, .T. ) ;
#205 = CARTESIAN_POINT ( 'NONE',  ( -0.9950000000000002176, -1.450000000000000178, -4.159551575750739083 ) ) ;
#206 = SURFACE_STYLE_USAGE ( .BOTH. , #2782 ) ;
#207 = ORIENTED_EDGE ( 'NONE', *, *, #6779, .F. ) ;
#208 = ORIENTED_EDGE ( 'NONE', *, *, #2421, .F. ) ;
#209 = AXIS2_PLACEMENT_3D ( 'NONE', #4332, #607, #2764 ) ;
#210 = ORIENTED_EDGE ( 'NONE', *, *, #8066, .T. ) ;
#211 = DIRECTION ( 'NONE',  ( 1.000000000000000000, 0.000000000000000000, 0.000000000000000000 ) ) ;
#212 = DIRECTION ( 'NONE',  ( 1.000000000000000000, 0.000000000000000000, 0.000000000000000000 ) ) ;
#213 = DIRECTION ( 'NONE',  ( -0.000000000000000000, -0.9987187878592515000, 0.05060417746537709816 ) ) ;
#214 = UNCERTAINTY_MEASURE_WITH_UNIT (LENGTH_MEASURE( 1.000000000000000082E-05 ), #439, 'distance_accuracy_value', 'NONE');
#215 = CARTESIAN_POINT ( 'NONE',  ( -4.814999999999998614, 2.250000000000000444, 3.350000000000000533 ) ) ;
#216 = ORIENTED_EDGE ( 'NONE', *, *, #3800, .F. ) ;
#217 = DIRECTION ( 'NONE',  ( -1.000000000000000000, -0.000000000000000000, -0.000000000000000000 ) ) ;
#218 = PLANE ( 'NONE',  #3704 ) ;
#219 = AXIS2_PLACEMENT_3D ( 'NONE', #8983, #6879, #4691 ) ;
#220 = ADVANCED_FACE ( 'NONE', ( #2675 ), #3612, .F. ) ;
#221 = VERTEX_POINT ( 'NONE', #5179 ) ;
#222 = LINE ( 'NONE', #3737, #277 ) ;
#223 = DIRECTION ( 'NONE',  ( -0.7071067811865481278, -0.000000000000000000, -0.7071067811865469066 ) ) ;
#224 = ORIENTED_EDGE ( 'NONE', *, *, #8604, .T. ) ;
#225 = STYLED_ITEM ( 'NONE', ( #7691 ), #6491 ) ;
#226 = ORIENTED_EDGE ( 'NONE', *, *, #8339, .T. ) ;
#227 = FACE_OUTER_BOUND ( 'NONE', #8020, .T. ) ;
#228 = DIRECTION ( 'NONE',  ( 1.000000000000000000, 0.000000000000000000, 0.000000000000000000 ) ) ;
#229 = DIRECTION ( 'NONE',  ( 0.000000000000000000, 1.000000000000000000, 0.000000000000000000 ) ) ;
#230 = DIRECTION ( 'NONE',  ( -1.000000000000000000, -0.000000000000000000, 0.000000000000000000 ) ) ;
#231 = DIRECTION ( 'NONE',  ( -0.000000000000000000, 0.000000000000000000, 1.000000000000000000 ) ) ;
#232 = CARTESIAN_POINT ( 'NONE',  ( -3.060000000000000053, -0.1898791645069245193, -3.750320303035187042 ) ) ;
#233 = EDGE_CURVE ( 'NONE', #7760, #2973, #5675, .T. ) ;
#234 = ORIENTED_EDGE ( 'NONE', *, *, #6200, .F. ) ;
#235 = COLOUR_RGB ( '',1.000000000000000000, 1.000000000000000000, 0.5019607843137254832 ) ;
#236 = EDGE_LOOP ( 'NONE', ( #1840, #3560, #7958, #4263, #1993, #2646, #3856, #1184 ) ) ;
#237 = CARTESIAN_POINT ( 'NONE',  ( -4.309999999999999609, 2.780000000000000249, 0.6999999999999995115 ) ) ;
#238 = AXIS2_PLACEMENT_3D ( 'NONE', #4083, #8306, #3210 ) ;
#239 = ORIENTED_EDGE ( 'NONE', *, *, #6142, .T. ) ;
#240 = DIRECTION ( 'NONE',  ( -0.000000000000000000, 3.907034855803616961E-16, -1.000000000000000000 ) ) ;
#241 = PRESENTATION_STYLE_ASSIGNMENT (( #4458 ) ) ;
#242 = LINE ( 'NONE', #8870, #3318 ) ;
#243 = DIRECTION ( 'NONE',  ( -1.000000000000000000, -4.565061778886337988E-16, 2.313075504410495651E-17 ) ) ;
#244 = ORIENTED_EDGE ( 'NONE', *, *, #1915, .T. ) ;
#245 = STYLED_ITEM ( 'NONE', ( #7506 ), #1653 ) ;
#246 = VECTOR ( 'NONE', #240, 1000.000000000000000 ) ;
#247 = CARTESIAN_POINT ( 'NONE',  ( 1.769999999999999352, 4.649244398944980539, 0.6999999999999998446 ) ) ;
#248 = DIRECTION ( 'NONE',  ( -1.000000000000000000, -0.000000000000000000, -0.000000000000000000 ) ) ;
#249 = DIRECTION ( 'NONE',  ( -0.000000000000000000, -0.000000000000000000, 1.000000000000000000 ) ) ;
#250 = DIRECTION ( 'NONE',  ( -0.000000000000000000, -1.000000000000000000, -2.891205793294678326E-16 ) ) ;
#251 = DIRECTION ( 'NONE',  ( -1.000000000000000000, -0.000000000000000000, -0.000000000000000000 ) ) ;
#252 = CARTESIAN_POINT ( 'NONE',  ( 4.559999999999999609, 0.2500000000000000000, 3.550576545463337119 ) ) ;
#253 = ORIENTED_EDGE ( 'NONE', *, *, #7106, .T. ) ;
#254 = ORIENTED_EDGE ( 'NONE', *, *, #7777, .F. ) ;
#255 = EDGE_CURVE ( 'NONE', #3922, #3172, #5644, .T. ) ;
#256 = CLOSED_SHELL ( 'NONE', ( #5059, #2485, #3170, #4851, #9072, #8623, #8018, #9192, #4301, #5457, #1794, #6443, #606, #68, #661, #1810, #4610, #5401 ) ) ;
#257 = VERTEX_POINT ( 'NONE', #131 ) ;
#258 = LINE ( 'NONE', #6330, #3189 ) ;
#259 =( NAMED_UNIT ( * ) SI_UNIT ( $, .STERADIAN. ) SOLID_ANGLE_UNIT ( ) );
#260 = AXIS2_PLACEMENT_3D ( 'NONE', #1731, #7435, #8173 ) ;
#261 = CARTESIAN_POINT ( 'NONE',  ( -3.060000000000000053, -0.2000000000000000111, -3.550576545463337119 ) ) ;
#262 = DIRECTION ( 'NONE',  ( 1.000000000000000000, -0.000000000000000000, -0.000000000000000000 ) ) ;
#263 = VERTEX_POINT ( 'NONE', #7064 ) ;
#264 = VECTOR ( 'NONE', #1891, 1000.000000000000000 ) ;
#265 = EDGE_CURVE ( 'NONE', #7350, #5094, #2571, .T. ) ;
#266 = ORIENTED_EDGE ( 'NONE', *, *, #4751, .F. ) ;
#267 = ORIENTED_EDGE ( 'NONE', *, *, #5185, .F. ) ;
#268 =( REPRESENTATION_RELATIONSHIP ('NONE','NONE', #2309, #5595 ) REPRESENTATION_RELATIONSHIP_WITH_TRANSFORMATION ( #5345 )SHAPE_REPRESENTATION_RELATIONSHIP( ) );
#269 = EDGE_CURVE ( 'NONE', #9165, #6500, #8750, .T. ) ;
#270 =( GEOMETRIC_REPRESENTATION_CONTEXT ( 3 ) GLOBAL_UNCERTAINTY_ASSIGNED_CONTEXT ( ( #1433 ) ) GLOBAL_UNIT_ASSIGNED_CONTEXT ( ( #5827, #97, #1545 ) ) REPRESENTATION_CONTEXT ( 'NONE', 'WORKASPACE' ) );
#271 = DIRECTION ( 'NONE',  ( -0.000000000000000000, -0.000000000000000000, -1.000000000000000000 ) ) ;
#272 = PLANE ( 'NONE',  #2938 ) ;
#273 = CARTESIAN_POINT ( 'NONE',  ( -5.084848592972852188, -2.724962148243218252, -2.619848592972848778 ) ) ;
#274 = CARTESIAN_POINT ( 'NONE',  ( 0.7699999999999997957, 2.780000000000000249, 0.6999999999999995115 ) ) ;
#275 = CARTESIAN_POINT ( 'NONE',  ( 3.209999999999999964, 2.249999999999999112, -0.6999999999999994005 ) ) ;
#276 = ORIENTED_EDGE ( 'NONE', *, *, #2175, .F. ) ;
#277 = VECTOR ( 'NONE', #6753, 1000.000000000000000 ) ;
#278 = CARTESIAN_POINT ( 'NONE',  ( 3.060000000000000053, 0.000000000000000000, -3.550576545463337119 ) ) ;
#279 = EDGE_CURVE ( 'NONE', #6298, #6776, #2662, .T. ) ;
#280 = EDGE_LOOP ( 'NONE', ( #43, #9027, #8076 ) ) ;
#281 = ORIENTED_EDGE ( 'NONE', *, *, #8700, .F. ) ;
#282 = LINE ( 'NONE', #5087, #330 ) ;
#283 = EDGE_LOOP ( 'NONE', ( #7483, #5015, #4419, #8190 ) ) ;
#284 = AXIS2_PLACEMENT_3D ( 'NONE', #3332, #5432, #7600 ) ;
#285 = ADVANCED_FACE ( 'NONE', ( #8810 ), #2594, .T. ) ;
#286 = CARTESIAN_POINT ( 'NONE',  ( 2.019999999999999574, -1.700000000000000178, -4.159551575750739083 ) ) ;
#287 = VECTOR ( 'NONE', #5272, 1000.000000000000000 ) ;
#288 = SURFACE_STYLE_USAGE ( .BOTH. , #6081 ) ;
#289 = CARTESIAN_POINT ( 'NONE',  ( 2.019999999999999574, 0.2500000000000000000, 3.349999999999997424 ) ) ;
#290 = CARTESIAN_POINT ( 'NONE',  ( -3.060000000000000053, -0.1772281201405800644, 4.000000000000000000 ) ) ;
#291 = ORIENTED_EDGE ( 'NONE', *, *, #8415, .F. ) ;
#292 = DIRECTION ( 'NONE',  ( 1.000000000000000000, -0.000000000000000000, 0.000000000000000000 ) ) ;
#293 = SPHERICAL_SURFACE ( 'NONE', #6950, 0.1000000000000000056 ) ;
#294 = VERTEX_POINT ( 'NONE', #737 ) ;
#295 = AXIS2_PLACEMENT_3D ( 'NONE', #7, #3016, #7935 ) ;
#296 = FACE_OUTER_BOUND ( 'NONE', #7725, .T. ) ;
#297 = ORIENTED_EDGE ( 'NONE', *, *, #2742, .T. ) ;
#298 = DIRECTION ( 'NONE',  ( 1.000000000000000000, 0.000000000000000000, 0.000000000000000000 ) ) ;
#299 = ORIENTED_EDGE ( 'NONE', *, *, #1828, .T. ) ;
#300 = DIRECTION ( 'NONE',  ( 0.000000000000000000, 0.000000000000000000, 1.000000000000000000 ) ) ;
#301 = VECTOR ( 'NONE', #1743, 1000.000000000000000 ) ;
#302 = EDGE_CURVE ( 'NONE', #4966, #1330, #8779, .T. ) ;
#303 = COLOUR_RGB ( '',1.000000000000000000, 1.000000000000000000, 0.5019607843137254832 ) ;
#304 = CARTESIAN_POINT ( 'NONE',  ( 1.769999999999999352, 4.649244398944980539, 0.5999999999999998668 ) ) ;
#305 = VERTEX_POINT ( 'NONE', #3742 ) ;
#306 = ADVANCED_FACE ( 'NONE', ( #5764 ), #6688, .F. ) ;
#307 = DIRECTION ( 'NONE',  ( 0.000000000000000000, 0.000000000000000000, -1.000000000000000000 ) ) ;
#308 = CARTESIAN_POINT ( 'NONE',  ( -5.815000000000000391, 2.250000000000000444, -3.349999999999998312 ) ) ;
#309 = PLANE ( 'NONE',  #803 ) ;
#310 = CARTESIAN_POINT ( 'NONE',  ( 2.019999999999999574, 0.2500000000000000000, -3.349999999999997424 ) ) ;
#311 = DIRECTION ( 'NONE',  ( 0.000000000000000000, 0.000000000000000000, -1.000000000000000000 ) ) ;
#312 = CARTESIAN_POINT ( 'NONE',  ( 2.019999999999999574, -1.450000000000000178, -4.159551575750739083 ) ) ;
#313 = VECTOR ( 'NONE', #2473, 1000.000000000000000 ) ;
#314 = ORIENTED_EDGE ( 'NONE', *, *, #5139, .T. ) ;
#315 = EDGE_CURVE ( 'NONE', #762, #9013, #5660, .T. ) ;
#316 = VERTEX_POINT ( 'NONE', #8259 ) ;
#317 = EDGE_CURVE ( 'NONE', #3886, #8718, #8100, .T. ) ;
#318 = SURFACE_STYLE_FILL_AREA ( #5181 ) ;
#319 = PLANE ( 'NONE',  #8083 ) ;
#320 = FACE_OUTER_BOUND ( 'NONE', #8691, .T. ) ;
#321 = DIRECTION ( 'NONE',  ( 0.000000000000000000, 0.000000000000000000, -1.000000000000000000 ) ) ;
#322 = AXIS2_PLACEMENT_3D ( 'NONE', #6797, #9172, #7764 ) ;
#323 = DIRECTION ( 'NONE',  ( 1.000000000000000000, -0.000000000000000000, -0.000000000000000000 ) ) ;
#324 = ORIENTED_EDGE ( 'NONE', *, *, #367, .T. ) ;
#325 = VECTOR ( 'NONE', #2561, 1000.000000000000000 ) ;
#326 = ORIENTED_EDGE ( 'NONE', *, *, #1455, .F. ) ;
#327 = DIRECTION ( 'NONE',  ( 0.000000000000000000, 0.000000000000000000, 1.000000000000000000 ) ) ;
#328 = AXIS2_PLACEMENT_3D ( 'NONE', #6125, #651, #6313 ) ;
#329 = ORIENTED_EDGE ( 'NONE', *, *, #8039, .F. ) ;
#330 = VECTOR ( 'NONE', #6968, 1000.000000000000114 ) ;
#331 = ORIENTED_EDGE ( 'NONE', *, *, #8547, .T. ) ;
#332 = CARTESIAN_POINT ( 'NONE',  ( -3.060000000000000053, 0.000000000000000000, 3.349999999999997424 ) ) ;
#333 = DIRECTION ( 'NONE',  ( 1.000000000000000000, -0.000000000000000000, -0.000000000000000000 ) ) ;
#334 = DIRECTION ( 'NONE',  ( 0.000000000000000000, -0.05060417746537709816, 0.9987187878592515000 ) ) ;
#335 = FILL_AREA_STYLE ('',( #5998 ) ) ;
#336 = CARTESIAN_POINT ( 'NONE',  ( 3.060000000000000053, -1.150000000000000133, 3.350000000000000533 ) ) ;
#337 = ORIENTED_EDGE ( 'NONE', *, *, #279, .F. ) ;
#338 = SURFACE_STYLE_FILL_AREA ( #2648 ) ;
#339 = AXIS2_PLACEMENT_3D ( 'NONE', #8322, #8902, #3283 ) ;
#340 = CARTESIAN_POINT ( 'NONE',  ( 1.544999999999999929, -1.150000000000000355, -4.049289471110532723 ) ) ;
#341 = DIRECTION ( 'NONE',  ( -1.000000000000000000, 0.000000000000000000, -0.000000000000000000 ) ) ;
#343 = EDGE_CURVE ( 'NONE', #2984, #1179, #2104, .T. ) ;
#342 = ORIENTED_EDGE ( 'NONE', *, *, #7106, .F. ) ;
#344 = DIRECTION ( 'NONE',  ( 0.000000000000000000, 0.000000000000000000, -1.000000000000000000 ) ) ;
#345 = LINE ( 'NONE', #8627, #63 ) ;
#346 = ORIENTED_EDGE ( 'NONE', *, *, #8490, .T. ) ;
#347 = PRESENTATION_LAYER_ASSIGNMENT (  '', '', ( #4221 ) ) ;
#348 = CARTESIAN_POINT ( 'NONE',  ( 2.019999999999999574, 0.2500000000000000000, 3.349999999999997424 ) ) ;
#349 = CIRCLE ( 'NONE', #4746, 0.1000000000000011297 ) ;
#350 = EDGE_CURVE ( 'NONE', #5559, #2277, #1945, .T. ) ;
#351 = CARTESIAN_POINT ( 'NONE',  ( 5.565000000000000391, 2.250000000000000444, 0.000000000000000000 ) ) ;
#352 = DIRECTION ( 'NONE',  ( 0.000000000000000000, -1.000000000000000000, -2.891205793294678326E-16 ) ) ;
#353 = CARTESIAN_POINT ( 'NONE',  ( 0.5200000000000000178, 0.2500000000000000000, 3.550576545463337119 ) ) ;
#354 = CARTESIAN_POINT ( 'NONE',  ( -3.310000000000000497, 2.880000000000000338, 0.5999999999999993117 ) ) ;
#355 = DIRECTION ( 'NONE',  ( -0.000000000000000000, -1.000000000000000000, -2.891205793294678326E-16 ) ) ;
#356 = EDGE_CURVE ( 'NONE', #6161, #3391, #5114, .T. ) ;
#357 = CARTESIAN_POINT ( 'NONE',  ( -2.020000000000000018, -1.149999999999999911, -4.049289471110532723 ) ) ;
#358 = VECTOR ( 'NONE', #3871, 1000.000000000000000 ) ;
#359 = VERTEX_POINT ( 'NONE', #8310 ) ;
#360 =( GEOMETRIC_REPRESENTATION_CONTEXT ( 3 ) GLOBAL_UNCERTAINTY_ASSIGNED_CONTEXT ( ( #4644 ) ) GLOBAL_UNIT_ASSIGNED_CONTEXT ( ( #5478, #2410, #4704 ) ) REPRESENTATION_CONTEXT ( 'NONE', 'WORKASPACE' ) );
#361 = VERTEX_POINT ( 'NONE', #3266 ) ;
#362 = PRESENTATION_LAYER_ASSIGNMENT (  '', '', ( #6845 ) ) ;
#363 = CARTESIAN_POINT ( 'NONE',  ( 1.769999999999999352, 4.649244398944980539, 0.09999999999999995004 ) ) ;
#364 = ADVANCED_FACE ( 'NONE', ( #2058 ), #3804, .F. ) ;
#365 = COLOUR_RGB ( '',1.000000000000000000, 1.000000000000000000, 0.5019607843137254832 ) ;
#366 = DIRECTION ( 'NONE',  ( 0.000000000000000000, 0.000000000000000000, -1.000000000000000000 ) ) ;
#367 = EDGE_CURVE ( 'NONE', #6049, #5697, #8172, .T. ) ;
#368 = CARTESIAN_POINT ( 'NONE',  ( 4.410000000000000142, 2.499999999999999556, -2.060000000000005382 ) ) ;
#369 = ORIENTED_EDGE ( 'NONE', *, *, #1194, .T. ) ;
#370 = VECTOR ( 'NONE', #8655, 1000.000000000000000 ) ;
#371 = DIRECTION ( 'NONE',  ( 0.000000000000000000, 0.000000000000000000, -1.000000000000000000 ) ) ;
#372 = CARTESIAN_POINT ( 'NONE',  ( -1.545000000000000373, -1.700000000000000178, -3.350000000000000533 ) ) ;
#373 = ORIENTED_EDGE ( 'NONE', *, *, #1663, .T. ) ;
#374 = CARTESIAN_POINT ( 'NONE',  ( -0.5200000000000004619, -1.150000000000000133, -3.350000000000000533 ) ) ;
#375 = DIRECTION ( 'NONE',  ( -0.000000000000000000, -1.052623468432525814E-16, 1.000000000000000000 ) ) ;
#376 = FILL_AREA_STYLE ('',( #8145 ) ) ;
#377 = ORIENTED_EDGE ( 'NONE', *, *, #2142, .T. ) ;
#378 = LINE ( 'NONE', #1173, #6572 ) ;
#379 = ORIENTED_EDGE ( 'NONE', *, *, #3874, .T. ) ;
#380 = EDGE_CURVE ( 'NONE', #305, #430, #8000, .T. ) ;
#381 = SPHERICAL_SURFACE ( 'NONE', #4977, 0.1000000000000000056 ) ;
#382 = DIRECTION ( 'NONE',  ( -0.000000000000000000, -0.000000000000000000, -1.000000000000000000 ) ) ;
#383 = CARTESIAN_POINT ( 'NONE',  ( -4.559999999999999609, -0.1898791645069244916, 3.750320303035187042 ) ) ;
#384 = ORIENTED_EDGE ( 'NONE', *, *, #8913, .T. ) ;
#385 = SURFACE_STYLE_FILL_AREA ( #4764 ) ;
#386 = EDGE_CURVE ( 'NONE', #5312, #6908, #2041, .T. ) ;
#387 = ADVANCED_FACE ( 'NONE', ( #5127 ), #2073, .T. ) ;
#388 = COLOUR_RGB ( '',1.000000000000000000, 1.000000000000000000, 0.5019607843137254832 ) ;
#389 = CARTESIAN_POINT ( 'NONE',  ( -4.559999999999999609, 0.000000000000000000, -3.349999999999997424 ) ) ;
#390 = VECTOR ( 'NONE', #1851, 1000.000000000000000 ) ;
#391 = ORIENTED_EDGE ( 'NONE', *, *, #2026, .T. ) ;
#392 =( LENGTH_UNIT ( ) NAMED_UNIT ( * ) SI_UNIT ( .MILLI., .METRE. ) );
#393 = CARTESIAN_POINT ( 'NONE',  ( -0.9950000000000002176, -1.450000000000000178, -4.954999999999999183 ) ) ;
#394 = DIRECTION ( 'NONE',  ( 1.000000000000000000, 0.000000000000000000, -0.000000000000000000 ) ) ;
#395 = DIRECTION ( 'NONE',  ( 1.000000000000000000, 0.000000000000000000, 0.000000000000000000 ) ) ;
#396 = EDGE_CURVE ( 'NONE', #2145, #6728, #1961, .T. ) ;
#397 = FACE_OUTER_BOUND ( 'NONE', #6649, .T. ) ;
#398 = FACE_OUTER_BOUND ( 'NONE', #5351, .T. ) ;
#399 = VERTEX_POINT ( 'NONE', #2511 ) ;
#400 = PRESENTATION_STYLE_ASSIGNMENT (( #4123 ) ) ;
#401 = DIRECTION ( 'NONE',  ( 0.000000000000000000, 0.000000000000000000, -1.000000000000000000 ) ) ;
#402 = ORIENTED_EDGE ( 'NONE', *, *, #8320, .F. ) ;
#403 = EDGE_CURVE ( 'NONE', #1736, #4186, #5157, .T. ) ;
#404 =( GEOMETRIC_REPRESENTATION_CONTEXT ( 3 ) GLOBAL_UNCERTAINTY_ASSIGNED_CONTEXT ( ( #1659 ) ) GLOBAL_UNIT_ASSIGNED_CONTEXT ( ( #6519, #8022, #3907 ) ) REPRESENTATION_CONTEXT ( 'NONE', 'WORKASPACE' ) );
#405 = DIRECTION ( 'NONE',  ( 0.000000000000000000, -1.000000000000000000, 0.000000000000000000 ) ) ;
#406 = ORIENTED_EDGE ( 'NONE', *, *, #497, .F. ) ;
#407 = STYLED_ITEM ( 'NONE', ( #3937 ), #4610 ) ;
#408 = LINE ( 'NONE', #1099, #390 ) ;
#409 = VERTEX_POINT ( 'NONE', #5324 ) ;
#410 = AXIS2_PLACEMENT_3D ( 'NONE', #3217, #5328, #4712 ) ;
#411 = SURFACE_SIDE_STYLE ('',( #3464 ) ) ;
#412 = CLOSED_SHELL ( 'NONE', ( #7347, #8756, #1241, #6956, #417, #4768, #1001, #6241, #3259, #8856, #752, #774, #2972, #7394, #2629, #5716, #7824, #1166, #4833, #7747, #8274, #8337, #4452, #8689, #8802, #6867, #5592, #7615, #4264, #1570, #2811, #7669, #534, #5958, #6389, #5026, #7438, #9040, #5282, #4402, #7782, #6053, #8266, #1232, #7758, #2329, #8943, #3049, #1201, #154, #2287, #1384, #4971, #6595, #2620, #6299, #3454, #7643, #7661 ) ) ;
#413 = DIRECTION ( 'NONE',  ( -0.000000000000000000, -0.000000000000000000, 1.000000000000000000 ) ) ;
#414 = VECTOR ( 'NONE', #3045, 1000.000000000000000 ) ;
#415 = DIRECTION ( 'NONE',  ( 0.000000000000000000, 0.000000000000000000, 1.000000000000000000 ) ) ;
#416 = EDGE_CURVE ( 'NONE', #5760, #7798, #8277, .T. ) ;
#417 = ADVANCED_FACE ( 'NONE', ( #8122 ), #9198, .F. ) ;
#418 = CARTESIAN_POINT ( 'NONE',  ( -0.9950000000000002176, -0.1772281201405800644, -4.000000000000000000 ) ) ;
#419 = DIRECTION ( 'NONE',  ( 0.000000000000000000, 0.000000000000000000, 1.000000000000000000 ) ) ;
#420 = CARTESIAN_POINT ( 'NONE',  ( 0.5200000000000000178, -1.150000000000000133, 3.350000000000000533 ) ) ;
#421 = VECTOR ( 'NONE', #4540, 1000.000000000000000 ) ;
#422 = CIRCLE ( 'NONE', #2322, 0.1000000000000001582 ) ;
#423 = ORIENTED_EDGE ( 'NONE', *, *, #4131, .F. ) ;
#424 = AXIS2_PLACEMENT_3D ( 'NONE', #4292, #898, #5347 ) ;
#425 = CIRCLE ( 'NONE', #8825, 0.3500000000000004774 ) ;
#426 = ORIENTED_EDGE ( 'NONE', *, *, #4829, .F. ) ;
#427 = DIRECTION ( 'NONE',  ( 0.000000000000000000, 0.000000000000000000, -1.000000000000000000 ) ) ;
#428 = VECTOR ( 'NONE', #3047, 1000.000000000000000 ) ;
#429 = DIRECTION ( 'NONE',  ( 1.000000000000000000, -0.000000000000000000, -1.219727444046192981E-16 ) ) ;
#430 = VERTEX_POINT ( 'NONE', #5584 ) ;
#431 = CARTESIAN_POINT ( 'NONE',  ( -3.209999999999999964, 2.499999999999999556, -2.060000000000005382 ) ) ;
#432 = VECTOR ( 'NONE', #248, 1000.000000000000000 ) ;
#433 = LINE ( 'NONE', #2787, #6636 ) ;
#434 = CARTESIAN_POINT ( 'NONE',  ( 2.019999999999999574, 0.2500000000000000000, 3.550576545463337119 ) ) ;
#435 = DIRECTION ( 'NONE',  ( 0.000000000000000000, -0.000000000000000000, 1.000000000000000000 ) ) ;
#436 = EDGE_LOOP ( 'NONE', ( #7645, #1687, #6713, #2659 ) ) ;
#437 = ORIENTED_EDGE ( 'NONE', *, *, #5529, .T. ) ;
#438 = VECTOR ( 'NONE', #4937, 1000.000000000000000 ) ;
#439 =( LENGTH_UNIT ( ) NAMED_UNIT ( * ) SI_UNIT ( .MILLI., .METRE. ) );
#440 = CARTESIAN_POINT ( 'NONE',  ( -4.410000000000000142, 1.999999999999999112, -0.7000000000000001776 ) ) ;
#441 = CARTESIAN_POINT ( 'NONE',  ( 1.769999999999999352, 4.649244398944980539, -1.014106625800827399E-16 ) ) ;
#442 = SURFACE_STYLE_USAGE ( .BOTH. , #8949 ) ;
#443 = DIRECTION ( 'NONE',  ( 1.000000000000000000, -0.000000000000000000, -2.168404344971009854E-16 ) ) ;
#444 = DIRECTION ( 'NONE',  ( 0.000000000000000000, 0.000000000000000000, -1.000000000000000000 ) ) ;
#445 = ORIENTED_EDGE ( 'NONE', *, *, #2433, .T. ) ;
#446 = VECTOR ( 'NONE', #5242, 1000.000000000000000 ) ;
#447 = ORIENTED_EDGE ( 'NONE', *, *, #8384, .T. ) ;
#448 = AXIS2_PLACEMENT_3D ( 'NONE', #1394, #8343, #8398 ) ;
#449 = LINE ( 'NONE', #8167, #6628 ) ;
#450 = ORIENTED_EDGE ( 'NONE', *, *, #8591, .T. ) ;
#451 = ADVANCED_FACE ( 'NONE', ( #5017 ), #8035, .T. ) ;
#452 = VECTOR ( 'NONE', #371, 1000.000000000000000 ) ;
#453 = DIRECTION ( 'NONE',  ( 0.000000000000000000, -0.000000000000000000, -1.000000000000000000 ) ) ;
#454 = DIRECTION ( 'NONE',  ( 0.000000000000000000, 0.000000000000000000, -1.000000000000000000 ) ) ;
#455 = ORIENTED_EDGE ( 'NONE', *, *, #4930, .T. ) ;
#456 = ORIENTED_EDGE ( 'NONE', *, *, #3569, .T. ) ;
#457 = VECTOR ( 'NONE', #5926, 1000.000000000000000 ) ;
#458 = EDGE_LOOP ( 'NONE', ( #1566, #4500, #1268, #1852 ) ) ;
#459 = CARTESIAN_POINT ( 'NONE',  ( -0.5200000000000004619, -1.450000000000000178, -4.159551575750739083 ) ) ;
#460 = ORIENTED_EDGE ( 'NONE', *, *, #4276, .F. ) ;
#461 = CYLINDRICAL_SURFACE ( 'NONE', #9152, 0.09999999999999993616 ) ;
#462 = ORIENTED_EDGE ( 'NONE', *, *, #3532, .F. ) ;
#463 = SURFACE_STYLE_FILL_AREA ( #4907 ) ;
#464 = PLANE ( 'NONE',  #6371 ) ;
#465 = DIRECTION ( 'NONE',  ( -1.000000000000000000, -0.000000000000000000, -0.000000000000000000 ) ) ;
#466 = EDGE_CURVE ( 'NONE', #7077, #2724, #8218, .T. ) ;
#467 = ORIENTED_EDGE ( 'NONE', *, *, #796, .F. ) ;
#468 = DIRECTION ( 'NONE',  ( -1.000000000000000000, 0.000000000000000000, 0.000000000000000000 ) ) ;
#469 = VECTOR ( 'NONE', #2154, 1000.000000000000000 ) ;
#470 = EDGE_CURVE ( 'NONE', #6690, #7077, #4980, .T. ) ;
#471 = EDGE_LOOP ( 'NONE', ( #982, #4048, #3145, #4394 ) ) ;
#472 =( GEOMETRIC_REPRESENTATION_CONTEXT ( 3 ) GLOBAL_UNCERTAINTY_ASSIGNED_CONTEXT ( ( #2144 ) ) GLOBAL_UNIT_ASSIGNED_CONTEXT ( ( #8497, #2232, #5791 ) ) REPRESENTATION_CONTEXT ( 'NONE', 'WORKASPACE' ) );
#473 = ORIENTED_EDGE ( 'NONE', *, *, #8328, .F. ) ;
#474 = CIRCLE ( 'NONE', #4457, 0.1999999999999996503 ) ;
#475 = FACE_OUTER_BOUND ( 'NONE', #5879, .T. ) ;
#476 = ORIENTED_EDGE ( 'NONE', *, *, #5455, .T. ) ;
#477 = DIRECTION ( 'NONE',  ( 0.000000000000000000, 0.000000000000000000, -1.000000000000000000 ) ) ;
#478 = ORIENTED_EDGE ( 'NONE', *, *, #6514, .F. ) ;
#479 = DIRECTION ( 'NONE',  ( -1.000000000000000000, -0.000000000000000000, -0.000000000000000000 ) ) ;
#480 = CIRCLE ( 'NONE', #7556, 0.1000000000000000472 ) ;
#481 = ORIENTED_EDGE ( 'NONE', *, *, #2353, .T. ) ;
#482 = FACE_OUTER_BOUND ( 'NONE', #1095, .T. ) ;
#483 = DIRECTION ( 'NONE',  ( -1.000000000000000000, -0.000000000000000000, -0.000000000000000000 ) ) ;
#484 = ORIENTED_EDGE ( 'NONE', *, *, #3900, .T. ) ;
#485 = AXIS2_PLACEMENT_3D ( 'NONE', #2927, #4494, #9073 ) ;
#486 = FACE_OUTER_BOUND ( 'NONE', #3768, .T. ) ;
#487 = LINE ( 'NONE', #2655, #3449 ) ;
#488 = PLANE ( 'NONE',  #8789 ) ;
#489 = ORIENTED_EDGE ( 'NONE', *, *, #8356, .T. ) ;
#490 = CARTESIAN_POINT ( 'NONE',  ( -4.084999999999999964, -1.450000000000000178, -4.159551575750739083 ) ) ;
#491 = VERTEX_POINT ( 'NONE', #5010 ) ;
#492 = DIRECTION ( 'NONE',  ( -1.000000000000000000, -0.000000000000000000, -0.000000000000000000 ) ) ;
#493 = EDGE_CURVE ( 'NONE', #3036, #3118, #4999, .T. ) ;
#494 = LINE ( 'NONE', #4006, #6420 ) ;
#495 = AXIS2_PLACEMENT_3D ( 'NONE', #7809, #6368, #4179 ) ;
#496 = ORIENTED_EDGE ( 'NONE', *, *, #6150, .F. ) ;
#497 = EDGE_CURVE ( 'NONE', #3652, #9013, #2149, .T. ) ;
#498 = LINE ( 'NONE', #3836, #6596 ) ;
#499 =( NAMED_UNIT ( * ) SI_UNIT ( $, .STERADIAN. ) SOLID_ANGLE_UNIT ( ) );
#500 = ORIENTED_EDGE ( 'NONE', *, *, #4188, .F. ) ;
#501 = PLANE ( 'NONE',  #4898 ) ;
#502 = COLOUR_RGB ( '',1.000000000000000000, 1.000000000000000000, 0.5019607843137254832 ) ;
#503 = DIRECTION ( 'NONE',  ( 0.000000000000000000, 0.7071067811865404673, -0.7071067811865545671 ) ) ;
#504 = DIRECTION ( 'NONE',  ( 1.000000000000000000, -0.000000000000000000, -7.457968512368043882E-17 ) ) ;
#505 =( GEOMETRIC_REPRESENTATION_CONTEXT ( 3 ) GLOBAL_UNCERTAINTY_ASSIGNED_CONTEXT ( ( #5500 ) ) GLOBAL_UNIT_ASSIGNED_CONTEXT ( ( #4832, #7101, #8377 ) ) REPRESENTATION_CONTEXT ( 'NONE', 'WORKASPACE' ) );
#506 = ORIENTED_EDGE ( 'NONE', *, *, #1915, .F. ) ;
#507 = EDGE_LOOP ( 'NONE', ( #8538, #5950, #1558, #226 ) ) ;
#508 = DIRECTION ( 'NONE',  ( 0.000000000000000000, 1.000000000000000000, 2.891205793294678326E-16 ) ) ;
#509 = DIRECTION ( 'NONE',  ( -0.000000000000000000, -0.000000000000000000, 1.000000000000000000 ) ) ;
#510 = EDGE_LOOP ( 'NONE', ( #5804, #3775, #7711, #4352 ) ) ;
#511 = EDGE_CURVE ( 'NONE', #6981, #5945, #5173, .T. ) ;
#512 = DIRECTION ( 'NONE',  ( 1.000000000000000000, 0.000000000000000000, -1.118695276855206521E-16 ) ) ;
#513 = FILL_AREA_STYLE ('',( #9004 ) ) ;
#514 = DIRECTION ( 'NONE',  ( 0.000000000000000000, 0.000000000000000000, -1.000000000000000000 ) ) ;
#515 = VERTEX_POINT ( 'NONE', #3440 ) ;
#516 = LINE ( 'NONE', #163, #6842 ) ;
#517 = EDGE_CURVE ( 'NONE', #9194, #3640, #8289, .T. ) ;
#518 = ORIENTED_EDGE ( 'NONE', *, *, #9144, .T. ) ;
#519 = CYLINDRICAL_SURFACE ( 'NONE', #4071, 0.1000000000000000056 ) ;
#520 = CARTESIAN_POINT ( 'NONE',  ( 4.309999999999999609, 2.880000000000000338, 0.5999999999999993117 ) ) ;
#521 = ORIENTED_EDGE ( 'NONE', *, *, #5489, .F. ) ;
#522 = PRESENTATION_STYLE_ASSIGNMENT (( #288 ) ) ;
#523 = AXIS2_PLACEMENT_3D ( 'NONE', #664, #1526, #871 ) ;
#524 = ORIENTED_EDGE ( 'NONE', *, *, #3007, .F. ) ;
#525 = DIRECTION ( 'NONE',  ( 1.000000000000000000, -0.000000000000000000, -0.000000000000000000 ) ) ;
#526 = VECTOR ( 'NONE', #8798, 1000.000000000000000 ) ;
#527 = DIRECTION ( 'NONE',  ( -1.000000000000000000, -0.000000000000000000, -0.000000000000000000 ) ) ;
#528 = DIRECTION ( 'NONE',  ( 0.000000000000000000, -1.000000000000000000, 2.602085213965212614E-15 ) ) ;
#529 = CARTESIAN_POINT ( 'NONE',  ( 0.9949999999999997735, -1.700000000000000178, -3.350000000000000533 ) ) ;
#530 = DIRECTION ( 'NONE',  ( 0.000000000000000000, 0.000000000000000000, 1.000000000000000000 ) ) ;
#531 = EDGE_LOOP ( 'NONE', ( #437, #6970, #5713, #5130 ) ) ;
#532 = DIRECTION ( 'NONE',  ( 1.000000000000000000, 0.000000000000000000, -2.168404344971009854E-16 ) ) ;
#533 = CARTESIAN_POINT ( 'NONE',  ( -1.770000000000000240, 2.880000000000000338, 0.5999999999999994227 ) ) ;
#534 = ADVANCED_FACE ( 'NONE', ( #2162 ), #2670, .F. ) ;
#535 = VECTOR ( 'NONE', #4090, 1000.000000000000000 ) ;
#536 = VERTEX_POINT ( 'NONE', #1894 ) ;
#537 = VERTEX_POINT ( 'NONE', #3211 ) ;
#538 = LINE ( 'NONE', #2909, #6585 ) ;
#539 = LINE ( 'NONE', #4335, #565 ) ;
#540 = CARTESIAN_POINT ( 'NONE',  ( -5.565000000000000391, 2.500000000000000000, -3.099999999999998757 ) ) ;
#541 = SURFACE_SIDE_STYLE ('',( #7709 ) ) ;
#542 = ORIENTED_EDGE ( 'NONE', *, *, #6280, .T. ) ;
#543 = EDGE_CURVE ( 'NONE', #1682, #2280, #4914, .T. ) ;
#544 = LINE ( 'NONE', #2440, #6792 ) ;
#545 = DIRECTION ( 'NONE',  ( 1.000000000000000000, 0.000000000000000000, 0.000000000000000000 ) ) ;
#546 =( LENGTH_UNIT ( ) NAMED_UNIT ( * ) SI_UNIT ( .MILLI., .METRE. ) );
#547 = CIRCLE ( 'NONE', #3342, 0.09999999999999993616 ) ;
#548 = DIRECTION ( 'NONE',  ( -1.000000000000000000, 0.000000000000000000, -0.000000000000000000 ) ) ;
#549 = EDGE_CURVE ( 'NONE', #3817, #3922, #5232, .T. ) ;
#550 = AXIS2_PLACEMENT_3D ( 'NONE', #2480, #8796, #3772 ) ;
#551 = VERTEX_POINT ( 'NONE', #434 ) ;
#552 = CARTESIAN_POINT ( 'NONE',  ( -4.709999999999999964, 2.400000000000000355, 2.300000000000000266 ) ) ;
#553 = VERTEX_POINT ( 'NONE', #6756 ) ;
#554 = FACE_OUTER_BOUND ( 'NONE', #7932, .T. ) ;
#555 = MECHANICAL_DESIGN_GEOMETRIC_PRESENTATION_REPRESENTATION (  '', ( #2107 ), #9111 ) ;
#556 = ORIENTED_EDGE ( 'NONE', *, *, #7719, .F. ) ;
#557 = CARTESIAN_POINT ( 'NONE',  ( -4.559999999999999609, 0.000000000000000000, -3.550576545463337119 ) ) ;
#558 = FACE_OUTER_BOUND ( 'NONE', #5102, .T. ) ;
#559 = UNCERTAINTY_MEASURE_WITH_UNIT (LENGTH_MEASURE( 1.000000000000000082E-05 ), #9097, 'distance_accuracy_value', 'NONE');
#560 = DIRECTION ( 'NONE',  ( 0.000000000000000000, 0.7071067811865404673, -0.7071067811865545671 ) ) ;
#561 = FACE_OUTER_BOUND ( 'NONE', #5332, .T. ) ;
#562 = CARTESIAN_POINT ( 'NONE',  ( -5.815000000000000391, 0.000000000000000000, 3.350000000000000977 ) ) ;
#563 = ORIENTED_EDGE ( 'NONE', *, *, #688, .F. ) ;
#564 = AXIS2_PLACEMENT_3D ( 'NONE', #2355, #2243, #933 ) ;
#565 = VECTOR ( 'NONE', #4461, 1000.000000000000000 ) ;
#566 = CARTESIAN_POINT ( 'NONE',  ( -0.5200000000000004619, -0.1772281201405800644, -4.000000000000000000 ) ) ;
#567 = ORIENTED_EDGE ( 'NONE', *, *, #8320, .T. ) ;
#568 =( LENGTH_UNIT ( ) NAMED_UNIT ( * ) SI_UNIT ( .MILLI., .METRE. ) );
#569 = DIRECTION ( 'NONE',  ( 0.000000000000000000, 0.000000000000000000, 1.000000000000000000 ) ) ;
#570 = CARTESIAN_POINT ( 'NONE',  ( 5.815000000000000391, 2.500000000000000000, 3.349999999999999645 ) ) ;
#571 = ORIENTED_EDGE ( 'NONE', *, *, #3341, .F. ) ;
#572 = CLOSED_SHELL ( 'NONE', ( #4860, #8030, #8877, #116, #3918, #1498, #2148, #2645, #4329, #3894, #5642, #3212, #8309, #4653, #6704, #8554, #2093, #9050 ) ) ;
#573 = VERTEX_POINT ( 'NONE', #9129 ) ;
#574 = CYLINDRICAL_SURFACE ( 'NONE', #550, 0.2499999999999997780 ) ;
#575 = VECTOR ( 'NONE', #1798, 1000.000000000000000 ) ;
#576 = CARTESIAN_POINT ( 'NONE',  ( 3.535000000000000142, -1.700000000000000178, -3.350000000000000533 ) ) ;
#577 =( NAMED_UNIT ( * ) SI_UNIT ( $, .STERADIAN. ) SOLID_ANGLE_UNIT ( ) );
#578 = CARTESIAN_POINT ( 'NONE',  ( 4.084999999999999964, -1.150000000000000355, 3.350000000000000533 ) ) ;
#579 = VERTEX_POINT ( 'NONE', #1216 ) ;
#580 = ORIENTED_EDGE ( 'NONE', *, *, #1978, .T. ) ;
#581 = LINE ( 'NONE', #8674, #457 ) ;
#582 = PRESENTATION_LAYER_ASSIGNMENT (  '', '', ( #4696 ) ) ;
#583 = VERTEX_POINT ( 'NONE', #4878 ) ;
#584 = EDGE_CURVE ( 'NONE', #1914, #1015, #1855, .T. ) ;
#585 = CARTESIAN_POINT ( 'NONE',  ( 4.084999999999999964, -1.349999999999999645, 4.159551575750739083 ) ) ;
#586 = PLANE ( 'NONE',  #5833 ) ;
#587 = PLANE ( 'NONE',  #118 ) ;
#588 = AXIS2_PLACEMENT_3D ( 'NONE', #4035, #6765, #3962 ) ;
#589 = CARTESIAN_POINT ( 'NONE',  ( 3.209999999999999964, 4.649244398944980539, 0.1000000000000000611 ) ) ;
#590 = EDGE_LOOP ( 'NONE', ( #969, #612, #7185, #6697 ) ) ;
#591 = ORIENTED_EDGE ( 'NONE', *, *, #4414, .F. ) ;
#592 = PLANE ( 'NONE',  #5957 ) ;
#593 = VECTOR ( 'NONE', #4672, 1000.000000000000000 ) ;
#594 = LINE ( 'NONE', #7507, #7017 ) ;
#595 = EDGE_LOOP ( 'NONE', ( #6079, #3872, #3021, #2741 ) ) ;
#596 = VECTOR ( 'NONE', #4395, 1000.000000000000000 ) ;
#597 = DIRECTION ( 'NONE',  ( 0.000000000000000000, 0.000000000000000000, -1.000000000000000000 ) ) ;
#598 = VERTEX_POINT ( 'NONE', #562 ) ;
#599 = CARTESIAN_POINT ( 'NONE',  ( 3.060000000000000053, -0.1772281201405800644, 4.000000000000000000 ) ) ;
#600 = CARTESIAN_POINT ( 'NONE',  ( -2.020000000000000018, -0.2000000000000000111, 3.550576545463337119 ) ) ;
#601 = AXIS2_PLACEMENT_3D ( 'NONE', #8692, #4612, #2444 ) ;
#602 = ORIENTED_EDGE ( 'NONE', *, *, #5249, .F. ) ;
#603 = ORIENTED_EDGE ( 'NONE', *, *, #6333, .T. ) ;
#604 = EDGE_CURVE ( 'NONE', #5201, #3729, #2003, .T. ) ;
#605 = ORIENTED_EDGE ( 'NONE', *, *, #5990, .F. ) ;
#606 = ADVANCED_FACE ( 'NONE', ( #8157 ), #5467, .T. ) ;
#607 = DIRECTION ( 'NONE',  ( -1.000000000000000000, -0.000000000000000000, -0.000000000000000000 ) ) ;
#608 = DIRECTION ( 'NONE',  ( 0.000000000000000000, -0.000000000000000000, 1.000000000000000000 ) ) ;
#609 = DIRECTION ( 'NONE',  ( -1.000000000000000000, -0.000000000000000000, -0.000000000000000000 ) ) ;
#610 = EDGE_CURVE ( 'NONE', #6002, #8650, #5440, .T. ) ;
#611 = LINE ( 'NONE', #4202, #6768 ) ;
#612 = ORIENTED_EDGE ( 'NONE', *, *, #4159, .F. ) ;
#613 = CARTESIAN_POINT ( 'NONE',  ( -4.709999999999999964, 2.400000000000000355, 1.800000000000000711 ) ) ;
#614 = ORIENTED_EDGE ( 'NONE', *, *, #3495, .T. ) ;
#615 = ORIENTED_EDGE ( 'NONE', *, *, #4414, .T. ) ;
#616 = CARTESIAN_POINT ( 'NONE',  ( -3.060000000000000053, -0.2000000000000000111, 3.550576545463337119 ) ) ;
#617 = EDGE_CURVE ( 'NONE', #3366, #8842, #2531, .T. ) ;
#618 = SURFACE_STYLE_USAGE ( .BOTH. , #4706 ) ;
#619 = DIRECTION ( 'NONE',  ( 0.000000000000000000, 0.000000000000000000, -1.000000000000000000 ) ) ;
#620 = LINE ( 'NONE', #4215, #438 ) ;
#621 = VECTOR ( 'NONE', #9182, 1000.000000000000000 ) ;
#622 = CARTESIAN_POINT ( 'NONE',  ( 0.6699999999999998179, 2.249999999999999556, -1.810000000000000275 ) ) ;
#623 = CARTESIAN_POINT ( 'NONE',  ( -0.5200000000000004619, 0.000000000000000000, -3.349999999999997424 ) ) ;
#624 = EDGE_LOOP ( 'NONE', ( #4990, #5079, #7225, #1643 ) ) ;
#625 = CARTESIAN_POINT ( 'NONE',  ( -0.5200000000000004619, -0.1898791645069245193, 3.750320303035187042 ) ) ;
#626 = EDGE_CURVE ( 'NONE', #5376, #5787, #8654, .T. ) ;
#627 = CARTESIAN_POINT ( 'NONE',  ( 4.559999999999999609, 0.000000000000000000, -3.349999999999997424 ) ) ;
#628 = AXIS2_PLACEMENT_3D ( 'NONE', #6163, #3445, #3382 ) ;
#629 = EDGE_LOOP ( 'NONE', ( #6791, #521, #6234, #2805 ) ) ;
#630 = CIRCLE ( 'NONE', #2798, 0.1000000000000000472 ) ;
#631 = ORIENTED_EDGE ( 'NONE', *, *, #7204, .F. ) ;
#632 = ADVANCED_FACE ( 'NONE', ( #2394 ), #5493, .T. ) ;
#633 = ORIENTED_EDGE ( 'NONE', *, *, #16, .F. ) ;
#634 = FILL_AREA_STYLE_COLOUR ( '', #8644 ) ;
#635 = AXIS2_PLACEMENT_3D ( 'NONE', #2359, #2246, #807 ) ;
#636 = DIRECTION ( 'NONE',  ( 0.000000000000000000, -0.000000000000000000, -1.000000000000000000 ) ) ;
#637 = VERTEX_POINT ( 'NONE', #6823 ) ;
#638 = FACE_OUTER_BOUND ( 'NONE', #8831, .T. ) ;
#639 = CYLINDRICAL_SURFACE ( 'NONE', #4286, 0.1000000000000011297 ) ;
#640 =( GEOMETRIC_REPRESENTATION_CONTEXT ( 3 ) GLOBAL_UNCERTAINTY_ASSIGNED_CONTEXT ( ( #6372 ) ) GLOBAL_UNIT_ASSIGNED_CONTEXT ( ( #1516, #5106, #3064 ) ) REPRESENTATION_CONTEXT ( 'NONE', 'WORKASPACE' ) );
#641 = EDGE_LOOP ( 'NONE', ( #4251, #679, #6495, #3432 ) ) ;
#642 = DIRECTION ( 'NONE',  ( 0.000000000000000000, 0.000000000000000000, -1.000000000000000000 ) ) ;
#643 = FACE_OUTER_BOUND ( 'NONE', #5547, .T. ) ;
#644 = PLANE ( 'NONE',  #7195 ) ;
#645 = DIRECTION ( 'NONE',  ( 1.000000000000000000, 0.000000000000000000, -7.228014483236699514E-16 ) ) ;
#646 = DIRECTION ( 'NONE',  ( -1.000000000000000000, 0.000000000000000000, 0.000000000000000000 ) ) ;
#647 = ORIENTED_EDGE ( 'NONE', *, *, #3972, .T. ) ;
#648 = SURFACE_SIDE_STYLE ('',( #4679 ) ) ;
#649 = VERTEX_POINT ( 'NONE', #1821 ) ;
#650 = CARTESIAN_POINT ( 'NONE',  ( 0.5200000000000000178, 0.2500000000000000000, -3.349999999999997424 ) ) ;
#651 = DIRECTION ( 'NONE',  ( -0.000000000000000000, -1.000000000000000000, -2.891205793294678326E-16 ) ) ;
#652 = AXIS2_PLACEMENT_3D ( 'NONE', #6312, #9091, #793 ) ;
#653 = ADVANCED_FACE ( 'NONE', ( #5518 ), #4348, .F. ) ;
#654 = ORIENTED_EDGE ( 'NONE', *, *, #2238, .T. ) ;
#655 = COLOUR_RGB ( '',1.000000000000000000, 1.000000000000000000, 0.5019607843137254832 ) ;
#656 = EDGE_CURVE ( 'NONE', #7654, #2241, #8619, .T. ) ;
#657 = CYLINDRICAL_SURFACE ( 'NONE', #8405, 0.4500000000000002887 ) ;
#658 = ORIENTED_EDGE ( 'NONE', *, *, #7032, .T. ) ;
#659 = DIRECTION ( 'NONE',  ( -1.000000000000000000, 4.565061778886337988E-16, 2.313075504410495651E-17 ) ) ;
#660 = VERTEX_POINT ( 'NONE', #5008 ) ;
#661 = ADVANCED_FACE ( 'NONE', ( #2 ), #3117, .T. ) ;
#662 = AXIS2_PLACEMENT_3D ( 'NONE', #6039, #2097, #7533 ) ;
#663 = ORIENTED_EDGE ( 'NONE', *, *, #2615, .F. ) ;
#664 = CARTESIAN_POINT ( 'NONE',  ( -1.770000000000000240, 2.780000000000000249, 0.09999999999999958922 ) ) ;
#665 = ORIENTED_EDGE ( 'NONE', *, *, #8238, .T. ) ;
#666 = CARTESIAN_POINT ( 'NONE',  ( -5.815000000000000391, 2.500000000000000000, -3.099999999999998757 ) ) ;
#667 = FACE_OUTER_BOUND ( 'NONE', #8916, .T. ) ;
#668 =( GEOMETRIC_REPRESENTATION_CONTEXT ( 3 ) GLOBAL_UNCERTAINTY_ASSIGNED_CONTEXT ( ( #8472 ) ) GLOBAL_UNIT_ASSIGNED_CONTEXT ( ( #1387, #2119, #1991 ) ) REPRESENTATION_CONTEXT ( 'NONE', 'WORKASPACE' ) );
#669 =( NAMED_UNIT ( * ) PLANE_ANGLE_UNIT ( ) SI_UNIT ( $, .RADIAN. ) );
#670 = CARTESIAN_POINT ( 'NONE',  ( 4.815000000000000391, 2.000000000000000000, -3.349999999999998312 ) ) ;
#671 = DIRECTION ( 'NONE',  ( 0.000000000000000000, 0.000000000000000000, 1.000000000000000000 ) ) ;
#672 = ORIENTED_EDGE ( 'NONE', *, *, #1761, .T. ) ;
#673 = PRESENTATION_STYLE_ASSIGNMENT (( #5389 ) ) ;
#674 = ORIENTED_EDGE ( 'NONE', *, *, #8502, .F. ) ;
#675 = UNCERTAINTY_MEASURE_WITH_UNIT (LENGTH_MEASURE( 1.000000000000000082E-05 ), #2835, 'distance_accuracy_value', 'NONE');
#676 = LINE ( 'NONE', #8705, #7083 ) ;
#677 = ORIENTED_EDGE ( 'NONE', *, *, #2964, .T. ) ;
#678 = VECTOR ( 'NONE', #2099, 1000.000000000000000 ) ;
#679 = ORIENTED_EDGE ( 'NONE', *, *, #8078, .F. ) ;
#680 = SURFACE_SIDE_STYLE ('',( #9120 ) ) ;
#681 = AXIS2_PLACEMENT_3D ( 'NONE', #6130, #1255, #2066 ) ;
#682 = ORIENTED_EDGE ( 'NONE', *, *, #45, .F. ) ;
#683 = CARTESIAN_POINT ( 'NONE',  ( 4.559999999999998721, -1.150000000000000799, -3.798968757172755062 ) ) ;
#684 = ADVANCED_FACE ( 'NONE', ( #9095 ), #687, .F. ) ;
#685 = VECTOR ( 'NONE', #8408, 1000.000000000000000 ) ;
#686 = VECTOR ( 'NONE', #3268, 1000.000000000000000 ) ;
#687 = PLANE ( 'NONE',  #2663 ) ;
#688 = EDGE_CURVE ( 'NONE', #2829, #772, #5919, .T. ) ;
#689 = DIRECTION ( 'NONE',  ( -0.000000000000000000, -1.000000000000000000, -2.891205793294678326E-16 ) ) ;
#690 = AXIS2_PLACEMENT_3D ( 'NONE', #4993, #548, #6388 ) ;
#691 = EDGE_LOOP ( 'NONE', ( #8125, #1059, #4235, #8107 ) ) ;
#692 = LINE ( 'NONE', #2136, #3707 ) ;
#693 = DIRECTION ( 'NONE',  ( 0.000000000000000000, 1.000000000000000000, 2.891205793294678326E-16 ) ) ;
#694 = EDGE_LOOP ( 'NONE', ( #1862, #1751, #8199, #1623 ) ) ;
#696 = CYLINDRICAL_SURFACE ( 'NONE', #6316, 0.09999999999999982514 ) ;
#695 = DIRECTION ( 'NONE',  ( -0.000000000000000000, -0.000000000000000000, -1.000000000000000000 ) ) ;
#697 =( NAMED_UNIT ( * ) SI_UNIT ( $, .STERADIAN. ) SOLID_ANGLE_UNIT ( ) );
#698 = EDGE_CURVE ( 'NONE', #399, #5840, #8998, .T. ) ;
#699 = ORIENTED_EDGE ( 'NONE', *, *, #8547, .F. ) ;
#700 = ORIENTED_EDGE ( 'NONE', *, *, #5317, .T. ) ;
#701 = ORIENTED_EDGE ( 'NONE', *, *, #8535, .F. ) ;
#702 = EDGE_LOOP ( 'NONE', ( #8317, #130, #4684, #5844 ) ) ;
#703 = AXIS2_PLACEMENT_3D ( 'NONE', #5857, #4911, #4519 ) ;
#704 = CYLINDRICAL_SURFACE ( 'NONE', #5392, 0.1999999999999996503 ) ;
#705 = FILL_AREA_STYLE ('',( #3581 ) ) ;
#706 = CARTESIAN_POINT ( 'NONE',  ( 4.559999999999999609, -1.450000000000000178, 4.159551575750739083 ) ) ;
#707 = SURFACE_STYLE_USAGE ( .BOTH. , #3585 ) ;
#708 = EDGE_CURVE ( 'NONE', #4919, #7143, #6186, .T. ) ;
#709 = CIRCLE ( 'NONE', #124, 0.1000000000000000056 ) ;
#710 = STYLED_ITEM ( 'NONE', ( #4171 ), #1810 ) ;
#711 = ORIENTED_EDGE ( 'NONE', *, *, #7680, .F. ) ;
#712 = ORIENTED_EDGE ( 'NONE', *, *, #403, .F. ) ;
#713 = CARTESIAN_POINT ( 'NONE',  ( 3.209999999999999964, 1.999999999999999112, 0.5999999999999992006 ) ) ;
#714 = EDGE_CURVE ( 'NONE', #6405, #13, #6026, .T. ) ;
#715 = DIRECTION ( 'NONE',  ( 0.000000000000000000, 3.035766082959414782E-15, -1.000000000000000000 ) ) ;
#716 = DIRECTION ( 'NONE',  ( 0.000000000000000000, 0.000000000000000000, -1.000000000000000000 ) ) ;
#717 = ORIENTED_EDGE ( 'NONE', *, *, #2264, .F. ) ;
#718 = EDGE_LOOP ( 'NONE', ( #1501, #2020, #6777, #4066 ) ) ;
#719 = DIRECTION ( 'NONE',  ( -1.000000000000000000, 4.565061778886337002E-16, 0.000000000000000000 ) ) ;
#720 = ORIENTED_EDGE ( 'NONE', *, *, #2610, .T. ) ;
#721 = CARTESIAN_POINT ( 'NONE',  ( -0.5200000000000004619, -1.349999999999999645, -4.159551575750739083 ) ) ;
#722 =( LENGTH_UNIT ( ) NAMED_UNIT ( * ) SI_UNIT ( .MILLI., .METRE. ) );
#723 = LINE ( 'NONE', #1357, #3854 ) ;
#724 = AXIS2_PLACEMENT_3D ( 'NONE', #4556, #5892, #6601 ) ;
#725 = ORIENTED_EDGE ( 'NONE', *, *, #3501, .T. ) ;
#726 = CYLINDRICAL_SURFACE ( 'NONE', #5321, 0.3500000000000004774 ) ;
#727 = LINE ( 'NONE', #8512, #3727 ) ;
#728 = EDGE_LOOP ( 'NONE', ( #8359, #5699, #3169, #8517 ) ) ;
#729 = EDGE_CURVE ( 'NONE', #8578, #5856, #6075, .T. ) ;
#730 = LINE ( 'NONE', #7115, #847 ) ;
#731 = DIRECTION ( 'NONE',  ( 0.000000000000000000, 0.000000000000000000, -1.000000000000000000 ) ) ;
#732 = ORIENTED_EDGE ( 'NONE', *, *, #2857, .T. ) ;
#733 = VERTEX_POINT ( 'NONE', #5080 ) ;
#734 = LINE ( 'NONE', #8426, #3637 ) ;
#735 = ORIENTED_EDGE ( 'NONE', *, *, #4739, .F. ) ;
#736 = EDGE_CURVE ( 'NONE', #3442, #7100, #5993, .T. ) ;
#737 = CARTESIAN_POINT ( 'NONE',  ( 0.9949999999999997735, -1.150000000000000355, -3.798968757172755062 ) ) ;
#738 = ORIENTED_EDGE ( 'NONE', *, *, #1777, .T. ) ;
#739 = AXIS2_PLACEMENT_3D ( 'NONE', #4270, #3364, #9184 ) ;
#740 = CIRCLE ( 'NONE', #5575, 0.1999999999999996503 ) ;
#741 = CARTESIAN_POINT ( 'NONE',  ( 0.5200000000000000178, 0.2500000000000000000, -3.349999999999997424 ) ) ;
#742 = CARTESIAN_POINT ( 'NONE',  ( -1.870000000000000107, 1.999999999999999112, 0.5999999999999992006 ) ) ;
#743 = CARTESIAN_POINT ( 'NONE',  ( -0.5200000000000004619, -1.150000000000000133, -3.550576545463337119 ) ) ;
#744 = ADVANCED_FACE ( 'NONE', ( #5894 ), #8959, .F. ) ;
#745 = DIRECTION ( 'NONE',  ( 0.000000000000000000, 0.000000000000000000, -1.000000000000000000 ) ) ;
#746 =( NAMED_UNIT ( * ) SI_UNIT ( $, .STERADIAN. ) SOLID_ANGLE_UNIT ( ) );
#747 = CARTESIAN_POINT ( 'NONE',  ( -4.559999999999999609, 0.000000000000000000, 3.349999999999997424 ) ) ;
#748 = FACE_OUTER_BOUND ( 'NONE', #1381, .T. ) ;
#749 = VERTEX_POINT ( 'NONE', #2267 ) ;
#750 = EDGE_CURVE ( 'NONE', #3552, #4199, #6046, .T. ) ;
#751 = VERTEX_POINT ( 'NONE', #2975 ) ;
#752 = ADVANCED_FACE ( 'NONE', ( #5905 ), #6517, .F. ) ;
#753 = CARTESIAN_POINT ( 'NONE',  ( 4.559999999999999609, -0.2000000000000000111, -3.550576545463337119 ) ) ;
#754 = COLOUR_RGB ( '',1.000000000000000000, 1.000000000000000000, 0.5019607843137254832 ) ;
#755 = ORIENTED_EDGE ( 'NONE', *, *, #688, .T. ) ;
#756 = ORIENTED_EDGE ( 'NONE', *, *, #5645, .F. ) ;
#757 = CARTESIAN_POINT ( 'NONE',  ( 4.815000000000000391, 2.000000000000000000, -3.349999999999998312 ) ) ;
#758 = DIRECTION ( 'NONE',  ( 0.000000000000000000, -1.000000000000000000, -3.907034855803616961E-16 ) ) ;
#759 = CIRCLE ( 'NONE', #7748, 0.3500000000000004774 ) ;
#760 = LINE ( 'NONE', #5013, #7277 ) ;
#761 = CARTESIAN_POINT ( 'NONE',  ( 4.559999999999999609, -1.349999999999999645, -4.159551575750739083 ) ) ;
#762 = VERTEX_POINT ( 'NONE', #152 ) ;
#763 = LINE ( 'NONE', #8013, #421 ) ;
#764 = EDGE_LOOP ( 'NONE', ( #7928, #7028, #7998, #1699, #6725, #7186, #5156, #605 ) ) ;
#765 = CARTESIAN_POINT ( 'NONE',  ( 0.000000000000000000, 0.000000000000000000, 0.000000000000000000 ) ) ;
#766 = PLANE ( 'NONE',  #6386 ) ;
#767 = CARTESIAN_POINT ( 'NONE',  ( 0.6699999999999998179, 2.249999999999999556, -1.810000000000000275 ) ) ;
#768 = ORIENTED_EDGE ( 'NONE', *, *, #4341, .T. ) ;
#769 = SURFACE_STYLE_USAGE ( .BOTH. , #2730 ) ;
#770 =( GEOMETRIC_REPRESENTATION_CONTEXT ( 3 ) GLOBAL_UNCERTAINTY_ASSIGNED_CONTEXT ( ( #3322 ) ) GLOBAL_UNIT_ASSIGNED_CONTEXT ( ( #4151, #4940, #3953 ) ) REPRESENTATION_CONTEXT ( 'NONE', 'WORKASPACE' ) );
#771 = COLOUR_RGB ( '',1.000000000000000000, 1.000000000000000000, 0.5019607843137254832 ) ;
#772 = VERTEX_POINT ( 'NONE', #890 ) ;
#773 = ORIENTED_EDGE ( 'NONE', *, *, #1662, .T. ) ;
#774 = ADVANCED_FACE ( 'NONE', ( #9118 ), #3760, .F. ) ;
#775 = LINE ( 'NONE', #6251, #6936 ) ;
#776 = CARTESIAN_POINT ( 'NONE',  ( -5.309999999999999609, 2.400000000000000355, 2.300000000000000711 ) ) ;
#777 = CARTESIAN_POINT ( 'NONE',  ( -4.410000000000000142, 2.780000000000000249, 0.09999999999999954758 ) ) ;
#778 = EDGE_CURVE ( 'NONE', #936, #2760, #9061, .T. ) ;
#779 = AXIS2_PLACEMENT_3D ( 'NONE', #1385, #8226, #2113 ) ;
#780 = DIRECTION ( 'NONE',  ( 1.000000000000000000, -0.000000000000000000, -0.000000000000000000 ) ) ;
#781 = ORIENTED_EDGE ( 'NONE', *, *, #2650, .F. ) ;
#782 = EDGE_LOOP ( 'NONE', ( #174, #8868, #3050, #9134 ) ) ;
#783 = AXIS2_PLACEMENT_3D ( 'NONE', #1759, #251, #8894 ) ;
#784 = ORIENTED_EDGE ( 'NONE', *, *, #5334, .F. ) ;
#785 = CARTESIAN_POINT ( 'NONE',  ( -4.559999999999999609, 0.000000000000000000, -3.349999999999997424 ) ) ;
#786 = PLANE ( 'NONE',  #3869 ) ;
#787 = CARTESIAN_POINT ( 'NONE',  ( -4.709999999999999964, 2.400000000000000355, 2.300000000000000266 ) ) ;
#788 = ORIENTED_EDGE ( 'NONE', *, *, #8735, .F. ) ;
#789 = DIRECTION ( 'NONE',  ( 0.000000000000000000, 0.000000000000000000, -1.000000000000000000 ) ) ;
#790 = ORIENTED_EDGE ( 'NONE', *, *, #3691, .F. ) ;
#791 = CARTESIAN_POINT ( 'NONE',  ( -3.060000000000000053, -1.700000000000000178, 4.159551575750739083 ) ) ;
#792 = VERTEX_POINT ( 'NONE', #5390 ) ;
#793 = DIRECTION ( 'NONE',  ( 0.000000000000000000, 0.000000000000000000, 1.000000000000000000 ) ) ;
#794 = DIRECTION ( 'NONE',  ( -0.000000000000000000, -1.000000000000000000, -0.000000000000000000 ) ) ;
#795 = LINE ( 'NONE', #6060, #1170 ) ;
#796 = EDGE_CURVE ( 'NONE', #1367, #7947, #2956, .T. ) ;
#797 = EDGE_LOOP ( 'NONE', ( #4888, #6782, #5494, #112 ) ) ;
#798 = PRESENTATION_LAYER_ASSIGNMENT (  '', '', ( #2103 ) ) ;
#799 = LINE ( 'NONE', #5358, #6744 ) ;
#800 = EDGE_LOOP ( 'NONE', ( #4875, #7431, #4513, #1675 ) ) ;
#801 =( NAMED_UNIT ( * ) PLANE_ANGLE_UNIT ( ) SI_UNIT ( $, .RADIAN. ) );
#802 = ORIENTED_EDGE ( 'NONE', *, *, #2719, .T. ) ;
#803 = AXIS2_PLACEMENT_3D ( 'NONE', #374, #5228, #5378 ) ;
#804 = ORIENTED_EDGE ( 'NONE', *, *, #4640, .T. ) ;
#805 = ORIENTED_EDGE ( 'NONE', *, *, #8397, .T. ) ;
#806 = ADVANCED_FACE ( 'NONE', ( #6171 ), #5341, .F. ) ;
#807 = DIRECTION ( 'NONE',  ( 0.000000000000000000, 0.000000000000000000, 1.000000000000000000 ) ) ;
#808 = UNCERTAINTY_MEASURE_WITH_UNIT (LENGTH_MEASURE( 1.000000000000000082E-05 ), #2285, 'distance_accuracy_value', 'NONE');
#809 = SURFACE_SIDE_STYLE ('',( #6362 ) ) ;
#810 = CARTESIAN_POINT ( 'NONE',  ( -0.5200000000000004619, 0.2500000000000000000, -3.349999999999997424 ) ) ;
#811 = DIRECTION ( 'NONE',  ( 0.000000000000000000, 0.000000000000000000, 1.000000000000000000 ) ) ;
#812 = DIRECTION ( 'NONE',  ( 1.000000000000000000, 0.000000000000000000, -0.000000000000000000 ) ) ;
#813 = DIRECTION ( 'NONE',  ( 1.000000000000000000, -0.000000000000000000, -0.000000000000000000 ) ) ;
#814 =( NAMED_UNIT ( * ) PLANE_ANGLE_UNIT ( ) SI_UNIT ( $, .RADIAN. ) );
#815 = ORIENTED_EDGE ( 'NONE', *, *, #3668, .T. ) ;
#816 = EDGE_CURVE ( 'NONE', #5441, #1567, #6093, .T. ) ;
#817 = AXIS2_PLACEMENT_3D ( 'NONE', #139, #879, #4587 ) ;
#818 = ORIENTED_EDGE ( 'NONE', *, *, #2026, .F. ) ;
#819 = EDGE_LOOP ( 'NONE', ( #3712, #784, #2028, #3438 ) ) ;
#820 = DIRECTION ( 'NONE',  ( 0.000000000000000000, 0.000000000000000000, -1.000000000000000000 ) ) ;
#821 = ORIENTED_EDGE ( 'NONE', *, *, #3302, .F. ) ;
#822 = DIRECTION ( 'NONE',  ( 0.000000000000000000, 0.9987187878592513890, -0.05060417746537783368 ) ) ;
#823 = VECTOR ( 'NONE', #2057, 1000.000000000000000 ) ;
#824 = DIRECTION ( 'NONE',  ( 0.000000000000000000, 1.000000000000000000, 2.891205793294678326E-16 ) ) ;
#825 = ADVANCED_FACE ( 'NONE', ( #9135 ), #3340, .F. ) ;
#826 = EDGE_CURVE ( 'NONE', #2893, #3085, #2861, .T. ) ;
#827 = ORIENTED_EDGE ( 'NONE', *, *, #1348, .F. ) ;
#828 = ORIENTED_EDGE ( 'NONE', *, *, #750, .T. ) ;
#830 = SPHERICAL_SURFACE ( 'NONE', #5187, 0.1000000000000000056 ) ;
#829 = DIRECTION ( 'NONE',  ( 0.000000000000000000, 0.000000000000000000, 1.000000000000000000 ) ) ;
#831 = CARTESIAN_POINT ( 'NONE',  ( -0.5200000000000004619, -0.1898791645069244916, 3.750320303035187042 ) ) ;
#832 = FACE_OUTER_BOUND ( 'NONE', #8223, .T. ) ;
#833 = DIRECTION ( 'NONE',  ( -1.000000000000000000, -0.000000000000000000, -0.000000000000000000 ) ) ;
#834 = ORIENTED_EDGE ( 'NONE', *, *, #5155, .T. ) ;
#835 = DIRECTION ( 'NONE',  ( 1.000000000000000000, 0.000000000000000000, -2.168404344971009854E-16 ) ) ;
#836 = ORIENTED_EDGE ( 'NONE', *, *, #2563, .F. ) ;
#837 = ADVANCED_FACE ( 'NONE', ( #5932 ), #9201, .T. ) ;
#838 = ORIENTED_EDGE ( 'NONE', *, *, #8814, .F. ) ;
#839 = VERTEX_POINT ( 'NONE', #5446 ) ;
#840 = EDGE_LOOP ( 'NONE', ( #6022, #2584, #185, #180 ) ) ;
#841 = LINE ( 'NONE', #8912, #4289 ) ;
#842 = CARTESIAN_POINT ( 'NONE',  ( 4.309999999999999609, 4.649244398944980539, -1.014106625800827399E-16 ) ) ;
#843 = DIRECTION ( 'NONE',  ( 0.000000000000000000, -0.000000000000000000, -1.000000000000000000 ) ) ;
#844 =( NAMED_UNIT ( * ) SI_UNIT ( $, .STERADIAN. ) SOLID_ANGLE_UNIT ( ) );
#845 = ORIENTED_EDGE ( 'NONE', *, *, #8318, .T. ) ;
#846 = EDGE_CURVE ( 'NONE', #7100, #1739, #14, .T. ) ;
#847 = VECTOR ( 'NONE', #8447, 1000.000000000000000 ) ;
#848 = ORIENTED_EDGE ( 'NONE', *, *, #5784, .T. ) ;
#849 = ORIENTED_EDGE ( 'NONE', *, *, #4149, .T. ) ;
#850 = CARTESIAN_POINT ( 'NONE',  ( -5.815000000000000391, 2.250000000000000444, 2.350000000000001421 ) ) ;
#851 = MECHANICAL_DESIGN_GEOMETRIC_PRESENTATION_REPRESENTATION (  '', ( #8452 ), #33 ) ;
#852 = CARTESIAN_POINT ( 'NONE',  ( -2.020000000000000018, 0.000000000000000000, 3.349999999999997424 ) ) ;
#853 = ORIENTED_EDGE ( 'NONE', *, *, #3428, .F. ) ;
#854 = FILL_AREA_STYLE ('',( #1515 ) ) ;
#855 = EDGE_LOOP ( 'NONE', ( #9151, #5818, #9109, #9178 ) ) ;
#856 = PLANE ( 'NONE',  #2082 ) ;
#857 = VERTEX_POINT ( 'NONE', #8158 ) ;
#858 = DIRECTION ( 'NONE',  ( -1.000000000000000000, -0.000000000000000000, -0.000000000000000000 ) ) ;
#859 = DIRECTION ( 'NONE',  ( 0.000000000000000000, 1.000000000000000000, 0.000000000000000000 ) ) ;
#860 = EDGE_CURVE ( 'NONE', #6954, #1542, #3134, .T. ) ;
#861 = ORIENTED_EDGE ( 'NONE', *, *, #3998, .T. ) ;
#862 = VERTEX_POINT ( 'NONE', #4047 ) ;
#863 = FACE_OUTER_BOUND ( 'NONE', #5003, .T. ) ;
#864 = EDGE_CURVE ( 'NONE', #7143, #1567, #95, .T. ) ;
#865 = SURFACE_STYLE_FILL_AREA ( #7013 ) ;
#866 = DIRECTION ( 'NONE',  ( 0.000000000000000000, -0.000000000000000000, -1.000000000000000000 ) ) ;
#867 = CARTESIAN_POINT ( 'NONE',  ( 3.535000000000000142, -1.700000000000000178, 3.350000000000000533 ) ) ;
#868 = ORIENTED_EDGE ( 'NONE', *, *, #6044, .F. ) ;
#869 = ORIENTED_EDGE ( 'NONE', *, *, #45, .T. ) ;
#870 = ORIENTED_EDGE ( 'NONE', *, *, #1117, .T. ) ;
#871 = DIRECTION ( 'NONE',  ( 0.000000000000000000, 0.000000000000000000, -1.000000000000000000 ) ) ;
#872 = VERTEX_POINT ( 'NONE', #8787 ) ;
#873 = VECTOR ( 'NONE', #465, 1000.000000000000000 ) ;
#874 = CARTESIAN_POINT ( 'NONE',  ( -4.084999999999999964, -1.700000000000000178, 3.350000000000000533 ) ) ;
#875 = EDGE_CURVE ( 'NONE', #3172, #3997, #6203, .T. ) ;
#876 = DIRECTION ( 'NONE',  ( -0.000000000000000000, -1.000000000000000000, -0.000000000000000000 ) ) ;
#877 = CARTESIAN_POINT ( 'NONE',  ( -1.545000000000000373, -1.700000000000000178, 4.954999999999999183 ) ) ;
#878 = ORIENTED_EDGE ( 'NONE', *, *, #2492, .T. ) ;
#879 = DIRECTION ( 'NONE',  ( 0.000000000000000000, 1.000000000000000000, 0.000000000000000000 ) ) ;
#880 = ORIENTED_EDGE ( 'NONE', *, *, #8008, .F. ) ;
#881 = VECTOR ( 'NONE', #4404, 1000.000000000000000 ) ;
#882 = EDGE_CURVE ( 'NONE', #8196, #359, #3243, .T. ) ;
#883 = ORIENTED_EDGE ( 'NONE', *, *, #543, .T. ) ;
#884 =( GEOMETRIC_REPRESENTATION_CONTEXT ( 3 ) GLOBAL_UNCERTAINTY_ASSIGNED_CONTEXT ( ( #7811 ) ) GLOBAL_UNIT_ASSIGNED_CONTEXT ( ( #4183, #5553, #2815 ) ) REPRESENTATION_CONTEXT ( 'NONE', 'WORKASPACE' ) );
#885 = DIRECTION ( 'NONE',  ( -0.000000000000000000, -1.000000000000000000, -2.891205793294678326E-16 ) ) ;
#886 = ORIENTED_EDGE ( 'NONE', *, *, #2146, .F. ) ;
#887 = ORIENTED_EDGE ( 'NONE', *, *, #8210, .F. ) ;
#888 = DIRECTION ( 'NONE',  ( 0.000000000000000000, 0.000000000000000000, -1.000000000000000000 ) ) ;
#889 = AXIS2_PLACEMENT_3D ( 'NONE', #3269, #3081, #3809 ) ;
#890 = CARTESIAN_POINT ( 'NONE',  ( 3.060000000000000053, 0.000000000000000000, 3.550576545463337119 ) ) ;
#891 = EDGE_CURVE ( 'NONE', #4782, #1768, #3328, .T. ) ;
#892 = VERTEX_POINT ( 'NONE', #4778 ) ;
#894 = LINE ( 'NONE', #3198, #913 ) ;
#893 =( LENGTH_UNIT ( ) NAMED_UNIT ( * ) SI_UNIT ( .MILLI., .METRE. ) );
#895 = SURFACE_STYLE_FILL_AREA ( #8514 ) ;
#896 = CARTESIAN_POINT ( 'NONE',  ( 4.410000000000000142, 2.499999999999999556, -2.060000000000005382 ) ) ;
#897 = CARTESIAN_POINT ( 'NONE',  ( -2.020000000000000018, 0.2500000000000000000, -3.349999999999997424 ) ) ;
#898 = DIRECTION ( 'NONE',  ( 1.000000000000000000, -0.000000000000000000, -0.000000000000000000 ) ) ;
#899 = CARTESIAN_POINT ( 'NONE',  ( -4.410000000000000142, 2.780000000000000249, 0.09999999999999951983 ) ) ;
#900 = ORIENTED_EDGE ( 'NONE', *, *, #2563, .T. ) ;
#901 = EDGE_CURVE ( 'NONE', #5620, #4520, #142, .T. ) ;
#902 =( GEOMETRIC_REPRESENTATION_CONTEXT ( 3 ) GLOBAL_UNCERTAINTY_ASSIGNED_CONTEXT ( ( #9089 ) ) GLOBAL_UNIT_ASSIGNED_CONTEXT ( ( #546, #2005, #3358 ) ) REPRESENTATION_CONTEXT ( 'NONE', 'WORKASPACE' ) );
#903 = ORIENTED_EDGE ( 'NONE', *, *, #8149, .F. ) ;
#904 = ORIENTED_EDGE ( 'NONE', *, *, #2548, .T. ) ;
#905 = CIRCLE ( 'NONE', #6530, 0.4499999999999999001 ) ;
#906 = AXIS2_PLACEMENT_3D ( 'NONE', #3421, #5569, #8611 ) ;
#907 = SURFACE_STYLE_USAGE ( .BOTH. , #5253 ) ;
#908 = ADVANCED_FACE ( 'NONE', ( #6470 ), #4836, .F. ) ;
#909 = CARTESIAN_POINT ( 'NONE',  ( 4.559999999999999609, -1.367711462112881859, 3.810000000000000053 ) ) ;
#910 = CARTESIAN_POINT ( 'NONE',  ( 4.559999999999999609, -1.700000000000000178, -4.159551575750739083 ) ) ;
#911 = FACE_OUTER_BOUND ( 'NONE', #629, .T. ) ;
#912 = ORIENTED_EDGE ( 'NONE', *, *, #6850, .F. ) ;
#913 = VECTOR ( 'NONE', #5795, 1000.000000000000000 ) ;
#914 = CIRCLE ( 'NONE', #4903, 0.1000000000000001582 ) ;
#915 = CIRCLE ( 'NONE', #3599, 0.3500000000000004774 ) ;
#916 = VERTEX_POINT ( 'NONE', #2733 ) ;
#917 = CARTESIAN_POINT ( 'NONE',  ( 0.6699999999999998179, 1.999999999999999112, -0.7000000000000001776 ) ) ;
#918 = ORIENTED_EDGE ( 'NONE', *, *, #4214, .T. ) ;
#919 = ORIENTED_EDGE ( 'NONE', *, *, #6866, .T. ) ;
#920 = PLANE ( 'NONE',  #5975 ) ;
#921 = AXIS2_PLACEMENT_3D ( 'NONE', #753, #4811, #8413 ) ;
#922 = DIRECTION ( 'NONE',  ( -1.000000000000000000, -0.000000000000000000, 0.000000000000000000 ) ) ;
#923 = DIRECTION ( 'NONE',  ( 7.457968512368043882E-17, -0.000000000000000000, 1.000000000000000000 ) ) ;
#924 = VECTOR ( 'NONE', #6123, 1000.000000000000000 ) ;
#925 = ADVANCED_FACE ( 'NONE', ( #3164 ), #4296, .F. ) ;
#926 =( GEOMETRIC_REPRESENTATION_CONTEXT ( 3 ) GLOBAL_UNCERTAINTY_ASSIGNED_CONTEXT ( ( #8279 ) ) GLOBAL_UNIT_ASSIGNED_CONTEXT ( ( #1122, #8116, #6735 ) ) REPRESENTATION_CONTEXT ( 'NONE', 'WORKASPACE' ) );
#927 = ORIENTED_EDGE ( 'NONE', *, *, #6874, .F. ) ;
#928 = VECTOR ( 'NONE', #8819, 1000.000000000000000 ) ;
#929 = EDGE_LOOP ( 'NONE', ( #4368, #6216, #7364, #4187 ) ) ;
#930 = DIRECTION ( 'NONE',  ( 4.565061778886337002E-16, 1.000000000000000000, 0.000000000000000000 ) ) ;
#931 = FACE_OUTER_BOUND ( 'NONE', #7125, .T. ) ;
#932 = VECTOR ( 'NONE', #8276, 1000.000000000000000 ) ;
#933 = DIRECTION ( 'NONE',  ( 0.000000000000000000, 0.000000000000000000, -1.000000000000000000 ) ) ;
#934 = UNCERTAINTY_MEASURE_WITH_UNIT (LENGTH_MEASURE( 1.000000000000000082E-05 ), #7242, 'distance_accuracy_value', 'NONE');
#935 = DIRECTION ( 'NONE',  ( 0.000000000000000000, 0.000000000000000000, 1.000000000000000000 ) ) ;
#936 = VERTEX_POINT ( 'NONE', #2212 ) ;
#938 = EDGE_CURVE ( 'NONE', #8945, #8995, #46, .T. ) ;
#937 = EDGE_LOOP ( 'NONE', ( #950, #4073, #3115, #8989, #7975, #3143 ) ) ;
#939 = ORIENTED_EDGE ( 'NONE', *, *, #8271, .F. ) ;
#940 = EDGE_CURVE ( 'NONE', #171, #749, #6397, .T. ) ;
#941 = AXIS2_PLACEMENT_3D ( 'NONE', #150, #89, #888 ) ;
#942 = VECTOR ( 'NONE', #3403, 1000.000000000000000 ) ;
#943 = FILL_AREA_STYLE_COLOUR ( '', #3463 ) ;
#944 = CARTESIAN_POINT ( 'NONE',  ( -4.084999999999999964, -1.150000000000000355, 3.798968757172755062 ) ) ;
#945 = CARTESIAN_POINT ( 'NONE',  ( -3.060000000000000053, -0.1772281201405800644, 4.000000000000000000 ) ) ;
#946 = DIRECTION ( 'NONE',  ( 0.000000000000000000, -0.7071067811865398012, -0.7071067811865552333 ) ) ;
#947 = ORIENTED_EDGE ( 'NONE', *, *, #9104, .T. ) ;
#948 = CARTESIAN_POINT ( 'NONE',  ( -3.209999999999999964, 2.780000000000000249, 0.5999999999999993117 ) ) ;
#949 = AXIS2_PLACEMENT_3D ( 'NONE', #3682, #4466, #6507 ) ;
#950 = ORIENTED_EDGE ( 'NONE', *, *, #4588, .T. ) ;
#951 = VECTOR ( 'NONE', #8852, 1000.000000000000000 ) ;
#952 = LINE ( 'NONE', #1406, #7283 ) ;
#953 = VECTOR ( 'NONE', #7545, 1000.000000000000000 ) ;
#954 = EDGE_CURVE ( 'NONE', #8920, #2166, #6344, .T. ) ;
#955 = CARTESIAN_POINT ( 'NONE',  ( 0.5200000000000000178, -1.150000000000000133, 3.798968757172755062 ) ) ;
#956 = ORIENTED_EDGE ( 'NONE', *, *, #4016, .T. ) ;
#957 = DIRECTION ( 'NONE',  ( 1.000000000000000000, -4.565061778886337988E-16, 2.313075504410461447E-17 ) ) ;
#958 = CARTESIAN_POINT ( 'NONE',  ( 0.9949999999999997735, -1.150000000000000355, 4.049289471110532723 ) ) ;
#959 = CIRCLE ( 'NONE', #779, 0.1000000000000000056 ) ;
#960 = CARTESIAN_POINT ( 'NONE',  ( -2.020000000000000018, -0.2000000000000000111, -3.550576545463337119 ) ) ;
#961 = ORIENTED_EDGE ( 'NONE', *, *, #7452, .T. ) ;
#962 = VECTOR ( 'NONE', #3690, 1000.000000000000000 ) ;
#963 = LINE ( 'NONE', #7622, #7096 ) ;
#964 = DIRECTION ( 'NONE',  ( 0.000000000000000000, -0.000000000000000000, 1.000000000000000000 ) ) ;
#965 = VECTOR ( 'NONE', #6361, 1000.000000000000000 ) ;
#966 = AXIS2_PLACEMENT_3D ( 'NONE', #1546, #7849, #9206 ) ;
#967 = CARTESIAN_POINT ( 'NONE',  ( -2.020000000000000018, -0.1898791645069244916, 3.750320303035187042 ) ) ;
#968 = DIRECTION ( 'NONE',  ( 0.000000000000000000, 0.000000000000000000, 1.000000000000000000 ) ) ;
#969 = ORIENTED_EDGE ( 'NONE', *, *, #5249, .T. ) ;
#970 = ORIENTED_EDGE ( 'NONE', *, *, #1181, .F. ) ;
#971 = ORIENTED_EDGE ( 'NONE', *, *, #796, .T. ) ;
#972 = ADVANCED_FACE ( 'NONE', ( #6358 ), #6355, .F. ) ;
#973 = EDGE_CURVE ( 'NONE', #2962, #5201, #282, .T. ) ;
#974 = AXIS2_PLACEMENT_3D ( 'NONE', #5320, #2505, #7650 ) ;
#975 = PLANE ( 'NONE',  #2734 ) ;
#976 = PLANE ( 'NONE',  #6568 ) ;
#977 = CLOSED_SHELL ( 'NONE', ( #364, #220, #3281, #4479, #1711, #5291, #1265, #92, #7479, #2736, #5135, #2500, #6757, #2265, #925, #2943, #1435, #306 ) ) ;
#978 = AXIS2_PLACEMENT_3D ( 'NONE', #4238, #9148, #5496 ) ;
#979 = ORIENTED_EDGE ( 'NONE', *, *, #1797, .F. ) ;
#980 = FACE_OUTER_BOUND ( 'NONE', #7340, .T. ) ;
#981 = LINE ( 'NONE', #2685, #932 ) ;
#982 = ORIENTED_EDGE ( 'NONE', *, *, #5009, .T. ) ;
#983 = CARTESIAN_POINT ( 'NONE',  ( -4.815000000000000391, 2.000000000000000000, 3.349999999999999201 ) ) ;
#984 = ORIENTED_EDGE ( 'NONE', *, *, #3983, .T. ) ;
#985 = SURFACE_STYLE_USAGE ( .BOTH. , #5411 ) ;
#986 = VERTEX_POINT ( 'NONE', #3385 ) ;
#987 = CARTESIAN_POINT ( 'NONE',  ( -0.7700000000000006839, 2.780000000000000249, 0.09999999999999940881 ) ) ;
#988 = DIRECTION ( 'NONE',  ( 1.000000000000000000, -0.000000000000000000, 0.000000000000000000 ) ) ;
#989 = CARTESIAN_POINT ( 'NONE',  ( -5.815000000000000391, 2.500000000000000000, -3.349999999999998312 ) ) ;
#990 = VECTOR ( 'NONE', #2817, 1000.000000000000000 ) ;
#991 = EDGE_CURVE ( 'NONE', #2424, #4103, #6485, .T. ) ;
#992 = AXIS2_PLACEMENT_3D ( 'NONE', #2624, #4824, #4882 ) ;
#993 = VERTEX_POINT ( 'NONE', #4228 ) ;
#994 = FACE_OUTER_BOUND ( 'NONE', #937, .T. ) ;
#995 = CARTESIAN_POINT ( 'NONE',  ( 4.559999999999999609, -0.2000000000000000111, 3.550576545463337119 ) ) ;
#996 = VECTOR ( 'NONE', #1760, 1000.000000000000000 ) ;
#997 = DIRECTION ( 'NONE',  ( 0.000000000000000000, 2.602085213965212614E-15, 1.000000000000000000 ) ) ;
#998 = DIRECTION ( 'NONE',  ( -1.000000000000000000, 0.000000000000000000, 1.219727444046192981E-16 ) ) ;
#999 = ORIENTED_EDGE ( 'NONE', *, *, #5922, .T. ) ;
#1000 =( GEOMETRIC_REPRESENTATION_CONTEXT ( 3 ) GLOBAL_UNCERTAINTY_ASSIGNED_CONTEXT ( ( #7082 ) ) GLOBAL_UNIT_ASSIGNED_CONTEXT ( ( #5647, #8086, #6578 ) ) REPRESENTATION_CONTEXT ( 'NONE', 'WORKASPACE' ) );
#1001 = ADVANCED_FACE ( 'NONE', ( #3460 ), #8574, .F. ) ;
#1002 = VERTEX_POINT ( 'NONE', #2677 ) ;
#1003 = ORIENTED_EDGE ( 'NONE', *, *, #1777, .F. ) ;
#1004 = FILL_AREA_STYLE_COLOUR ( '', #2022 ) ;
#1005 = CARTESIAN_POINT ( 'NONE',  ( 2.019999999999999574, -1.700000000000000178, -4.954999999999999183 ) ) ;
#1006 = DIRECTION ( 'NONE',  ( 0.000000000000000000, 0.000000000000000000, -1.000000000000000000 ) ) ;
#1007 = CARTESIAN_POINT ( 'NONE',  ( -1.770000000000000240, 1.999999999999999112, 0.6999999999999992895 ) ) ;
#1008 = DIRECTION ( 'NONE',  ( 0.000000000000000000, -1.000000000000000000, -0.000000000000000000 ) ) ;
#1009 = ADVANCED_FACE ( 'NONE', ( #199 ), #6458, .T. ) ;
#1010 = DIRECTION ( 'NONE',  ( 0.000000000000000000, -0.9987187878592513890, 0.05060417746537783368 ) ) ;
#1011 = LINE ( 'NONE', #3862, #7276 ) ;
#1012 = LINE ( 'NONE', #5524, #7128 ) ;
#1013 = PRESENTATION_LAYER_ASSIGNMENT (  '', '', ( #7374 ) ) ;
#1014 = LINE ( 'NONE', #1303, #7397 ) ;
#1015 = VERTEX_POINT ( 'NONE', #7157 ) ;
#1016 = DIRECTION ( 'NONE',  ( 1.000000000000000000, -0.000000000000000000, -0.000000000000000000 ) ) ;
#1017 = ORIENTED_EDGE ( 'NONE', *, *, #4456, .T. ) ;
#1018 = VERTEX_POINT ( 'NONE', #7031 ) ;
#1019 = DIRECTION ( 'NONE',  ( 0.000000000000000000, 1.000000000000000000, -0.000000000000000000 ) ) ;
#1020 = EDGE_CURVE ( 'NONE', #2761, #3015, #345, .T. ) ;
#1021 = CARTESIAN_POINT ( 'NONE',  ( -0.7700000000000006839, 2.780000000000000249, 0.09999999999999940881 ) ) ;
#1022 = ADVANCED_FACE ( 'NONE', ( #296 ), #766, .F. ) ;
#1023 = CARTESIAN_POINT ( 'NONE',  ( -3.060000000000000053, 0.2500000000000000000, -3.349999999999997424 ) ) ;
#1024 = VERTEX_POINT ( 'NONE', #31 ) ;
#1025 = FACE_OUTER_BOUND ( 'NONE', #2953, .T. ) ;
#1026 = AXIS2_PLACEMENT_3D ( 'NONE', #566, #8312, #1287 ) ;
#1027 = ORIENTED_EDGE ( 'NONE', *, *, #1788, .T. ) ;
#1028 = FACE_OUTER_BOUND ( 'NONE', #4114, .T. ) ;
#1029 = PRODUCT_CONTEXT ( 'NONE', #2434, 'mechanical' ) ;
#1030 = SURFACE_STYLE_USAGE ( .BOTH. , #98 ) ;
#1031 = VECTOR ( 'NONE', #6112, 1000.000000000000000 ) ;
#1032 = CARTESIAN_POINT ( 'NONE',  ( 2.019999999999999574, -1.150000000000000133, 3.350000000000000533 ) ) ;
#1033 = CARTESIAN_POINT ( 'NONE',  ( 4.559999999999999609, 0.000000000000000000, -3.550576545463337119 ) ) ;
#1034 = DIRECTION ( 'NONE',  ( -1.000000000000000000, -0.000000000000000000, -0.000000000000000000 ) ) ;
#1035 = AXIS2_PLACEMENT_3D ( 'NONE', #7293, #8029, #8686 ) ;
#1036 = ORIENTED_EDGE ( 'NONE', *, *, #1603, .F. ) ;
#1037 = VERTEX_POINT ( 'NONE', #2270 ) ;
#1038 = ORIENTED_EDGE ( 'NONE', *, *, #4597, .T. ) ;
#1039 = VECTOR ( 'NONE', #8500, 1000.000000000000000 ) ;
#1040 =( NAMED_UNIT ( * ) SI_UNIT ( $, .STERADIAN. ) SOLID_ANGLE_UNIT ( ) );
#1041 = ORIENTED_EDGE ( 'NONE', *, *, #7254, .T. ) ;
#1042 = DIRECTION ( 'NONE',  ( -0.000000000000000000, -0.000000000000000000, -1.000000000000000000 ) ) ;
#1043 = FACE_OUTER_BOUND ( 'NONE', #3851, .T. ) ;
#1044 = VERTEX_POINT ( 'NONE', #2919 ) ;
#1045 = FACE_OUTER_BOUND ( 'NONE', #4586, .T. ) ;
#1046 = AXIS2_PLACEMENT_3D ( 'NONE', #600, #6324, #1938 ) ;
#1047 = VECTOR ( 'NONE', #5238, 1000.000000000000000 ) ;
#1048 = CARTESIAN_POINT ( 'NONE',  ( -0.7700000000000006839, 2.780000000000000249, -6.418476861114183291E-16 ) ) ;
#1049 = ORIENTED_EDGE ( 'NONE', *, *, #938, .F. ) ;
#1050 = CARTESIAN_POINT ( 'NONE',  ( 0.6700000000000000400, 1.999999999999999112, 0.5999999999999992006 ) ) ;
#1051 = ORIENTED_EDGE ( 'NONE', *, *, #1474, .F. ) ;
#1052 = ADVANCED_FACE ( 'NONE', ( #3407 ), #461, .T. ) ;
#1053 = CARTESIAN_POINT ( 'NONE',  ( 0.5200000000000000178, 0.2500000000000000000, 3.349999999999997424 ) ) ;
#1054 = DIRECTION ( 'NONE',  ( 1.000000000000000000, 0.000000000000000000, 0.000000000000000000 ) ) ;
#1055 = DIRECTION ( 'NONE',  ( 0.000000000000000000, 0.000000000000000000, -1.000000000000000000 ) ) ;
#1056 = EDGE_CURVE ( 'NONE', #3922, #2780, #3567, .T. ) ;
#1057 = CARTESIAN_POINT ( 'NONE',  ( 4.410000000000000142, 2.249999999999999556, -1.810000000000000275 ) ) ;
#1058 = COLOUR_RGB ( '',1.000000000000000000, 1.000000000000000000, 1.000000000000000000 ) ;
#1059 = ORIENTED_EDGE ( 'NONE', *, *, #3874, .F. ) ;
#1060 = ORIENTED_EDGE ( 'NONE', *, *, #3758, .T. ) ;
#1061 = LINE ( 'NONE', #7644, #6848 ) ;
#1062 = EDGE_LOOP ( 'NONE', ( #8065, #4682, #5434, #8130 ) ) ;
#1063 = LINE ( 'NONE', #7280, #4120 ) ;
#1064 = DIRECTION ( 'NONE',  ( 1.000000000000000000, 0.000000000000000000, 0.000000000000000000 ) ) ;
#1065 = LINE ( 'NONE', #909, #4209 ) ;
#1066 = CARTESIAN_POINT ( 'NONE',  ( -4.084999999999999964, -1.450000000000000178, 4.159551575750739083 ) ) ;
#1067 = EDGE_CURVE ( 'NONE', #4290, #2612, #6525, .T. ) ;
#1068 = DIRECTION ( 'NONE',  ( 0.000000000000000000, -0.000000000000000000, 1.000000000000000000 ) ) ;
#1069 = ORIENTED_EDGE ( 'NONE', *, *, #7061, .T. ) ;
#1070 = ORIENTED_EDGE ( 'NONE', *, *, #9067, .T. ) ;
#1071 = ORIENTED_EDGE ( 'NONE', *, *, #8008, .T. ) ;
#1072 = EDGE_CURVE ( 'NONE', #3886, #1015, #480, .T. ) ;
#1073 = DIRECTION ( 'NONE',  ( -0.000000000000000000, -1.000000000000000000, -2.891205793294678326E-16 ) ) ;
#1074 = PRESENTATION_LAYER_ASSIGNMENT (  '', '', ( #3720 ) ) ;
#1075 = CARTESIAN_POINT ( 'NONE',  ( 1.869999999999999662, 4.649244398944980539, 0.5999999999999998668 ) ) ;
#1076 = SURFACE_STYLE_USAGE ( .BOTH. , #8263 ) ;
#1077 = CARTESIAN_POINT ( 'NONE',  ( 4.559999999999999609, -1.150000000000000133, -3.798968757172755062 ) ) ;
#1078 = ORIENTED_EDGE ( 'NONE', *, *, #6874, .T. ) ;
#1079 = DIRECTION ( 'NONE',  ( 0.000000000000000000, 0.000000000000000000, 1.000000000000000000 ) ) ;
#1080 = DIRECTION ( 'NONE',  ( 0.000000000000000000, 1.000000000000000000, 2.891205793294678326E-16 ) ) ;
#1081 = ORIENTED_EDGE ( 'NONE', *, *, #4089, .T. ) ;
#1082 = EDGE_CURVE ( 'NONE', #2577, #8045, #378, .T. ) ;
#1083 = ORIENTED_EDGE ( 'NONE', *, *, #7680, .T. ) ;
#1084 = FACE_OUTER_BOUND ( 'NONE', #4230, .T. ) ;
#1085 = LINE ( 'NONE', #578, #4105 ) ;
#1086 = VERTEX_POINT ( 'NONE', #6652 ) ;
#1087 = ADVANCED_FACE ( 'NONE', ( #3486 ), #5994, .F. ) ;
#1088 = CARTESIAN_POINT ( 'NONE',  ( 4.559999999999999609, -1.150000000000000133, 3.350000000000000533 ) ) ;
#1089 = VERTEX_POINT ( 'NONE', #4669 ) ;
#1090 = EDGE_LOOP ( 'NONE', ( #6566, #1601, #7904, #6746 ) ) ;
#1091 = DIRECTION ( 'NONE',  ( 0.000000000000000000, 0.000000000000000000, 1.000000000000000000 ) ) ;
#1092 = CARTESIAN_POINT ( 'NONE',  ( -0.5200000000000004619, -0.2000000000000000111, -3.550576545463337119 ) ) ;
#1093 = EDGE_CURVE ( 'NONE', #8801, #2821, #408, .T. ) ;
#1094 = DIRECTION ( 'NONE',  ( 0.000000000000000000, -1.000000000000000000, 0.000000000000000000 ) ) ;
#1095 = EDGE_LOOP ( 'NONE', ( #2084, #1780, #8736, #3802 ) ) ;
#1096 = ORIENTED_EDGE ( 'NONE', *, *, #604, .T. ) ;
#1097 = SURFACE_STYLE_FILL_AREA ( #7081 ) ;
#1098 = EDGE_CURVE ( 'NONE', #2973, #151, #425, .T. ) ;
#1099 = CARTESIAN_POINT ( 'NONE',  ( 1.769999999999999352, 2.780000000000000249, -6.418476861114183291E-16 ) ) ;
#1100 = FACE_OUTER_BOUND ( 'NONE', #7134, .T. ) ;
#1101 = CARTESIAN_POINT ( 'NONE',  ( 3.060000000000000053, -0.2000000000000000111, 3.550576545463337119 ) ) ;
#1102 = AXIS2_PLACEMENT_3D ( 'NONE', #6751, #6684, #3372 ) ;
#1103 = DIRECTION ( 'NONE',  ( -1.000000000000000000, -0.000000000000000000, -0.000000000000000000 ) ) ;
#1104 = SURFACE_SIDE_STYLE ('',( #7113 ) ) ;
#1105 = PLANE ( 'NONE',  #4991 ) ;
#1106 = ORIENTED_EDGE ( 'NONE', *, *, #3511, .F. ) ;
#1107 = VECTOR ( 'NONE', #5045, 1000.000000000000114 ) ;
#1108 = ADVANCED_FACE ( 'NONE', ( #3515 ), #2477, .T. ) ;
#1109 = CARTESIAN_POINT ( 'NONE',  ( -2.020000000000000018, 0.2500000000000000000, 3.349999999999997424 ) ) ;
#1110 = EDGE_CURVE ( 'NONE', #6345, #257, #3528, .T. ) ;
#1111 = EDGE_LOOP ( 'NONE', ( #7278, #7497, #8418, #1884 ) ) ;
#1112 = ORIENTED_EDGE ( 'NONE', *, *, #8490, .F. ) ;
#1113 = CARTESIAN_POINT ( 'NONE',  ( 3.209999999999999964, 2.499999999999999112, 2.060000000000005382 ) ) ;
#1114 = CIRCLE ( 'NONE', #8301, 0.1000000000000001582 ) ;
#1115 = ORIENTED_EDGE ( 'NONE', *, *, #4823, .F. ) ;
#1116 = VECTOR ( 'NONE', #2374, 1000.000000000000000 ) ;
#1117 = EDGE_CURVE ( 'NONE', #583, #4730, #1634, .T. ) ;
#1118 = AXIS2_PLACEMENT_3D ( 'NONE', #7732, #6106, #8427 ) ;
#1119 = ORIENTED_EDGE ( 'NONE', *, *, #5851, .F. ) ;
#1120 = AXIS2_PLACEMENT_3D ( 'NONE', #5197, #7292, #2481 ) ;
#1121 = CARTESIAN_POINT ( 'NONE',  ( 2.019999999999999574, -0.1772281201405800644, -4.000000000000000000 ) ) ;
#1122 =( LENGTH_UNIT ( ) NAMED_UNIT ( * ) SI_UNIT ( .MILLI., .METRE. ) );
#1123 = ORIENTED_EDGE ( 'NONE', *, *, #1603, .T. ) ;
#1124 = CARTESIAN_POINT ( 'NONE',  ( -3.310000000000000497, 2.880000000000000338, 0.09999999999999940881 ) ) ;
#1125 = CARTESIAN_POINT ( 'NONE',  ( -0.5200000000000004619, -0.2000000000000000111, 3.550576545463337119 ) ) ;
#1126 = CARTESIAN_POINT ( 'NONE',  ( -4.309999999999999609, 4.649244398944980539, 1.154297719170181592E-16 ) ) ;
#1127 = PRESENTATION_STYLE_ASSIGNMENT (( #5734 ) ) ;
#1128 = LINE ( 'NONE', #767, #7442 ) ;
#1129 = AXIS2_PLACEMENT_3D ( 'NONE', #6266, #545, #4858 ) ;
#1130 = LINE ( 'NONE', #4804, #685 ) ;
#1131 = FACE_OUTER_BOUND ( 'NONE', #8363, .T. ) ;
#1132 = VERTEX_POINT ( 'NONE', #3235 ) ;
#1133 = FACE_OUTER_BOUND ( 'NONE', #6024, .T. ) ;
#1134 = DIRECTION ( 'NONE',  ( 0.000000000000000000, 0.000000000000000000, -1.000000000000000000 ) ) ;
#1135 = VECTOR ( 'NONE', #323, 1000.000000000000000 ) ;
#1136 = CARTESIAN_POINT ( 'NONE',  ( -0.7700000000000006839, 2.780000000000000249, 0.09999999999999940881 ) ) ;
#1137 = DIRECTION ( 'NONE',  ( -0.000000000000000000, -1.052623468432525814E-16, 1.000000000000000000 ) ) ;
#1138 = VERTEX_POINT ( 'NONE', #8224 ) ;
#1139 = EDGE_CURVE ( 'NONE', #5337, #4800, #7979, .T. ) ;
#1140 = ORIENTED_EDGE ( 'NONE', *, *, #4561, .T. ) ;
#1141 = ADVANCED_FACE ( 'NONE', ( #1678 ), #1608, .T. ) ;
#1142 = CIRCLE ( 'NONE', #2502, 0.1000000000000001582 ) ;
#1143 = DIRECTION ( 'NONE',  ( 1.219727444046192981E-16, -2.891205793294678326E-16, 1.000000000000000000 ) ) ;
#1144 = MECHANICAL_DESIGN_GEOMETRIC_PRESENTATION_REPRESENTATION (  '', ( #8669 ), #4534 ) ;
#1145 = DIRECTION ( 'NONE',  ( -0.000000000000000000, -1.000000000000000000, -2.891205793294678326E-16 ) ) ;
#1146 = DIRECTION ( 'NONE',  ( 0.000000000000000000, 0.000000000000000000, -1.000000000000000000 ) ) ;
#1147 = EDGE_LOOP ( 'NONE', ( #3003, #2625, #9203, #5893 ) ) ;
#1148 = DIRECTION ( 'NONE',  ( -4.565061778886337002E-16, 1.000000000000000000, 0.000000000000000000 ) ) ;
#1149 = CARTESIAN_POINT ( 'NONE',  ( 4.084999999999999964, -0.1772281201405800644, 4.000000000000000000 ) ) ;
#1150 = ORIENTED_EDGE ( 'NONE', *, *, #4510, .F. ) ;
#1151 = DIRECTION ( 'NONE',  ( 1.000000000000000000, -0.000000000000000000, 0.000000000000000000 ) ) ;
#1152 = LINE ( 'NONE', #5316, #7259 ) ;
#1153 = ORIENTED_EDGE ( 'NONE', *, *, #1378, .F. ) ;
#1154 = VECTOR ( 'NONE', #7525, 1000.000000000000000 ) ;
#1155 = EDGE_CURVE ( 'NONE', #4401, #4713, #7867, .T. ) ;
#1156 = LINE ( 'NONE', #7469, #7319 ) ;
#1157 = FACE_OUTER_BOUND ( 'NONE', #5092, .T. ) ;
#1158 = EDGE_CURVE ( 'NONE', #2224, #4683, #4791, .T. ) ;
#1159 = ORIENTED_EDGE ( 'NONE', *, *, #3750, .F. ) ;
#1160 = ORIENTED_EDGE ( 'NONE', *, *, #4807, .T. ) ;
#1161 = DIRECTION ( 'NONE',  ( 4.565061778886337002E-16, 1.000000000000000000, 0.000000000000000000 ) ) ;
#1162 = AXIS2_PLACEMENT_3D ( 'NONE', #1813, #6025, #3205 ) ;
#1163 = DIRECTION ( 'NONE',  ( 1.000000000000000000, -0.000000000000000000, -0.000000000000000000 ) ) ;
#1164 = LINE ( 'NONE', #3470, #1039 ) ;
#1165 = VECTOR ( 'NONE', #1666, 1000.000000000000000 ) ;
#1166 = ADVANCED_FACE ( 'NONE', ( #1849 ), #6520, .F. ) ;
#1167 = EDGE_LOOP ( 'NONE', ( #7294, #712, #3784, #6979, #1051, #44, #3764, #1159 ) ) ;
#1168 = AXIS2_PLACEMENT_3D ( 'NONE', #3642, #8631, #1727 ) ;
#1169 = ORIENTED_EDGE ( 'NONE', *, *, #279, .T. ) ;
#1170 = VECTOR ( 'NONE', #8286, 1000.000000000000000 ) ;
#1171 = ORIENTED_EDGE ( 'NONE', *, *, #3532, .T. ) ;
#1172 = LINE ( 'NONE', #252, #7065 ) ;
#1173 = CARTESIAN_POINT ( 'NONE',  ( 2.019999999999998685, -1.150000000000000799, -4.049289471110532723 ) ) ;
#1174 = LINE ( 'NONE', #1733, #7099 ) ;
#1175 = DIRECTION ( 'NONE',  ( 0.000000000000000000, 0.000000000000000000, 1.000000000000000000 ) ) ;
#1176 = DIRECTION ( 'NONE',  ( 0.000000000000000000, 1.000000000000000000, 0.000000000000000000 ) ) ;
#1177 = CARTESIAN_POINT ( 'NONE',  ( -4.709999999999999964, 2.400000000000000355, 2.300000000000000266 ) ) ;
#1178 = ORIENTED_EDGE ( 'NONE', *, *, #7117, .T. ) ;
#1179 = VERTEX_POINT ( 'NONE', #896 ) ;
#1180 = UNCERTAINTY_MEASURE_WITH_UNIT (LENGTH_MEASURE( 1.000000000000000082E-05 ), #8103, 'distance_accuracy_value', 'NONE');
#1181 = EDGE_CURVE ( 'NONE', #5312, #2214, #7878, .T. ) ;
#1182 = LINE ( 'NONE', #589, #4317 ) ;
#1183 =( NAMED_UNIT ( * ) PLANE_ANGLE_UNIT ( ) SI_UNIT ( $, .RADIAN. ) );
#1184 = ORIENTED_EDGE ( 'NONE', *, *, #5529, .F. ) ;
#1185 = CARTESIAN_POINT ( 'NONE',  ( 0.6699999999999998179, 2.499999999999999112, 2.060000000000005382 ) ) ;
#1186 = DIRECTION ( 'NONE',  ( 0.000000000000000000, -1.000000000000000000, 0.000000000000000000 ) ) ;
#1187 = LINE ( 'NONE', #5261, #7349 ) ;
#1188 = AXIS2_PLACEMENT_3D ( 'NONE', #4297, #2792, #2858 ) ;
#1189 = VERTEX_POINT ( 'NONE', #2435 ) ;
#1190 = COLOUR_RGB ( '',1.000000000000000000, 1.000000000000000000, 0.5019607843137254832 ) ;
#1191 = SURFACE_STYLE_FILL_AREA ( #5097 ) ;
#1192 = SURFACE_STYLE_USAGE ( .BOTH. , #411 ) ;
#1193 = ORIENTED_EDGE ( 'NONE', *, *, #3495, .F. ) ;
#1194 = EDGE_CURVE ( 'NONE', #6679, #5416, #1719, .T. ) ;
#1195 = DIRECTION ( 'NONE',  ( 0.000000000000000000, -0.7071067811865398012, -0.7071067811865552333 ) ) ;
#1196 = FILL_AREA_STYLE ('',( #6137 ) ) ;
#1197 = VERTEX_POINT ( 'NONE', #1987 ) ;
#1198 = PLANE ( 'NONE',  #4077 ) ;
#1199 = EDGE_CURVE ( 'NONE', #892, #5094, #7854, .T. ) ;
#1200 = CARTESIAN_POINT ( 'NONE',  ( 4.559999999999999609, -1.349999999999999645, 4.159551575750739083 ) ) ;
#1201 = ADVANCED_FACE ( 'NONE', ( #4805 ), #644, .F. ) ;
#1202 = LINE ( 'NONE', #32, #4554 ) ;
#1203 = ORIENTED_EDGE ( 'NONE', *, *, #4722, .T. ) ;
#1204 = MECHANICAL_DESIGN_GEOMETRIC_PRESENTATION_REPRESENTATION (  '', ( #3287 ), #1336 ) ;
#1205 = ORIENTED_EDGE ( 'NONE', *, *, #3741, .T. ) ;
#1206 = FACE_OUTER_BOUND ( 'NONE', #4701, .T. ) ;
#1207 = VERTEX_POINT ( 'NONE', #3291 ) ;
#1208 = EDGE_CURVE ( 'NONE', #8160, #2664, #1664, .T. ) ;
#1209 = DIRECTION ( 'NONE',  ( 1.000000000000000000, -0.000000000000000000, -0.000000000000000000 ) ) ;
#1210 = LINE ( 'NONE', #5754, #4208 ) ;
#1211 = MECHANICAL_DESIGN_GEOMETRIC_PRESENTATION_REPRESENTATION (  '', ( #6953 ), #8330 ) ;
#1212 = CARTESIAN_POINT ( 'NONE',  ( -5.815000000000000391, 2.250000000000000444, 2.350000000000001421 ) ) ;
#1213 = CARTESIAN_POINT ( 'NONE',  ( 1.769999999999999352, 1.999999999999999112, -8.673617379884035472E-16 ) ) ;
#1214 = ORIENTED_EDGE ( 'NONE', *, *, #1978, .F. ) ;
#1215 = ORIENTED_EDGE ( 'NONE', *, *, #2192, .T. ) ;
#1216 = CARTESIAN_POINT ( 'NONE',  ( -5.309999999999999609, 2.400000000000000355, 2.300000000000000711 ) ) ;
#1217 = EDGE_CURVE ( 'NONE', #8557, #5840, #1734, .T. ) ;
#1218 = SURFACE_SIDE_STYLE ('',( #1989 ) ) ;
#1219 = CARTESIAN_POINT ( 'NONE',  ( -0.7700000000000006839, 1.999999999999999112, 0.09999999999999917288 ) ) ;
#1220 = DIRECTION ( 'NONE',  ( -0.000000000000000000, -0.000000000000000000, -1.000000000000000000 ) ) ;
#1221 = CARTESIAN_POINT ( 'NONE',  ( 4.559999999999999609, 0.000000000000000000, 3.550576545463337119 ) ) ;
#1222 =( NAMED_UNIT ( * ) SI_UNIT ( $, .STERADIAN. ) SOLID_ANGLE_UNIT ( ) );
#1223 = CARTESIAN_POINT ( 'NONE',  ( -1.870000000000000107, 1.999999999999999112, 0.09999999999999928391 ) ) ;
#1224 = CARTESIAN_POINT ( 'NONE',  ( 5.453268590217984269, -1.350000000000000089, -2.988268590217982634 ) ) ;
#1225 = LINE ( 'NONE', #1451, #4337 ) ;
#1226 = VECTOR ( 'NONE', #119, 1000.000000000000000 ) ;
#1227 = LINE ( 'NONE', #3896, #7131 ) ;
#1228 = STYLED_ITEM ( 'NONE', ( #9166 ), #837 ) ;
#1229 = ORIENTED_EDGE ( 'NONE', *, *, #8288, .F. ) ;
#1230 = ORIENTED_EDGE ( 'NONE', *, *, #3714, .T. ) ;
#1231 = DIRECTION ( 'NONE',  ( -1.000000000000000000, -0.000000000000000000, 0.000000000000000000 ) ) ;
#1232 = ADVANCED_FACE ( 'NONE', ( #1919 ), #586, .F. ) ;
#1233 = DIRECTION ( 'NONE',  ( 0.000000000000000000, 0.000000000000000000, -1.000000000000000000 ) ) ;
#1234 = EDGE_CURVE ( 'NONE', #6365, #5760, #7896, .T. ) ;
#1235 = PRODUCT_RELATED_PRODUCT_CATEGORY ( 'part', '', ( #6261 ) ) ;
#1236 = FILL_AREA_STYLE ('',( #7482 ) ) ;
#1237 = LINE ( 'NONE', #5124, #4349 ) ;
#1238 = COLOUR_RGB ( '',1.000000000000000000, 1.000000000000000000, 0.5019607843137254832 ) ;
#1239 = VERTEX_POINT ( 'NONE', #8444 ) ;
#1240 = LINE ( 'NONE', #1066, #4514 ) ;
#1241 = ADVANCED_FACE ( 'NONE', ( #4910 ), #7618, .T. ) ;
#1242 = CARTESIAN_POINT ( 'NONE',  ( 2.019999999999999574, -0.1772281201405800644, 4.000000000000000000 ) ) ;
#1243 = CIRCLE ( 'NONE', #4677, 0.1000000000000001582 ) ;
#1244 = DIRECTION ( 'NONE',  ( 1.000000000000000000, 0.000000000000000000, 0.000000000000000000 ) ) ;
#1245 = CARTESIAN_POINT ( 'NONE',  ( 1.869999999999999662, 2.249999999999999112, 0.6999999999999992895 ) ) ;
#1246 = DIRECTION ( 'NONE',  ( 1.000000000000000000, -0.000000000000000000, -0.000000000000000000 ) ) ;
#1247 = CARTESIAN_POINT ( 'NONE',  ( 3.209999999999999964, 1.999999999999999112, -0.7000000000000001776 ) ) ;
#1248 = EDGE_CURVE ( 'NONE', #2612, #1811, #7934, .T. ) ;
#1249 = VERTEX_POINT ( 'NONE', #1242 ) ;
#1250 = VECTOR ( 'NONE', #3405, 1000.000000000000000 ) ;
#1251 = VECTOR ( 'NONE', #6904, 1000.000000000000000 ) ;
#1252 =( NAMED_UNIT ( * ) PLANE_ANGLE_UNIT ( ) SI_UNIT ( $, .RADIAN. ) );
#1253 = ADVANCED_FACE ( 'NONE', ( #7951 ), #1620, .F. ) ;
#1254 = EDGE_CURVE ( 'NONE', #7420, #6896, #7911, .T. ) ;
#1255 = DIRECTION ( 'NONE',  ( 0.000000000000000000, 1.000000000000000000, 2.891205793294678326E-16 ) ) ;
#1256 = ORIENTED_EDGE ( 'NONE', *, *, #6333, .F. ) ;
#1257 = AXIS2_PLACEMENT_3D ( 'NONE', #6353, #693, #5484 ) ;
#1258 = DIRECTION ( 'NONE',  ( 0.000000000000000000, 0.000000000000000000, 1.000000000000000000 ) ) ;
#1259 = LINE ( 'NONE', #5867, #4528 ) ;
#1260 = FACE_OUTER_BOUND ( 'NONE', #8598, .T. ) ;
#1261 = ORIENTED_EDGE ( 'NONE', *, *, #4108, .F. ) ;
#1262 = COLOUR_RGB ( '',1.000000000000000000, 1.000000000000000000, 0.5019607843137254832 ) ;
#1263 = LINE ( 'NONE', #1560, #7085 ) ;
#1264 =( NAMED_UNIT ( * ) SI_UNIT ( $, .STERADIAN. ) SOLID_ANGLE_UNIT ( ) );
#1265 = ADVANCED_FACE ( 'NONE', ( #4895 ), #6120, .F. ) ;
#1266 = DIRECTION ( 'NONE',  ( -4.565061778886337002E-16, 1.000000000000000000, 0.000000000000000000 ) ) ;
#1267 = DIRECTION ( 'NONE',  ( 0.000000000000000000, 1.000000000000000000, 0.000000000000000000 ) ) ;
#1268 = ORIENTED_EDGE ( 'NONE', *, *, #4193, .T. ) ;
#1269 = AXIS2_PLACEMENT_3D ( 'NONE', #6287, #2094, #619 ) ;
#1270 = PLANE ( 'NONE',  #195 ) ;
#1271 = CARTESIAN_POINT ( 'NONE',  ( -4.559999999999999609, 0.2500000000000000000, 3.349999999999997424 ) ) ;
#1272 = CARTESIAN_POINT ( 'NONE',  ( -3.060000000000000053, 0.2500000000000000000, -3.349999999999997424 ) ) ;
#1273 = CYLINDRICAL_SURFACE ( 'NONE', #5203, 0.4500000000000002887 ) ;
#1274 = VECTOR ( 'NONE', #1568, 1000.000000000000000 ) ;
#1275 = ORIENTED_EDGE ( 'NONE', *, *, #8710, .F. ) ;
#1276 = VECTOR ( 'NONE', #8614, 1000.000000000000000 ) ;
#1277 = EDGE_CURVE ( 'NONE', #7565, #5755, #4941, .T. ) ;
#1278 = AXIS2_PLACEMENT_3D ( 'NONE', #6589, #7903, #3177 ) ;
#1279 = VERTEX_POINT ( 'NONE', #4244 ) ;
#1280 = LINE ( 'NONE', #4762, #1154 ) ;
#1281 = DIRECTION ( 'NONE',  ( -1.000000000000000000, 4.565061778886337988E-16, -2.313075504410495651E-17 ) ) ;
#1282 = DIRECTION ( 'NONE',  ( 0.000000000000000000, 0.000000000000000000, 1.000000000000000000 ) ) ;
#1283 = DIRECTION ( 'NONE',  ( 0.000000000000000000, 0.000000000000000000, -1.000000000000000000 ) ) ;
#1284 = VERTEX_POINT ( 'NONE', #4967 ) ;
#1285 = DIRECTION ( 'NONE',  ( 1.000000000000000000, 0.000000000000000000, -1.219727444046192981E-16 ) ) ;
#1286 = CARTESIAN_POINT ( 'NONE',  ( 4.084999999999999964, -1.700000000000000400, 3.350000000000000533 ) ) ;
#1287 = DIRECTION ( 'NONE',  ( 0.000000000000000000, 0.9987187878592515000, 0.05060417746537709816 ) ) ;
#1288 = CARTESIAN_POINT ( 'NONE',  ( -1.545000000000000373, -1.349999999999999645, -4.159551575750739083 ) ) ;
#1289 = VECTOR ( 'NONE', #8249, 1000.000000000000000 ) ;
#1290 = DIRECTION ( 'NONE',  ( 0.000000000000000000, -0.000000000000000000, 1.000000000000000000 ) ) ;
#1291 = CARTESIAN_POINT ( 'NONE',  ( -3.209999999999999964, 1.999999999999999112, -0.7000000000000001776 ) ) ;
#1292 = SURFACE_SIDE_STYLE ('',( #7668 ) ) ;
#1293 = EDGE_CURVE ( 'NONE', #7565, #8625, #4879, .T. ) ;
#1294 = DIRECTION ( 'NONE',  ( 1.000000000000000000, 0.000000000000000000, 0.000000000000000000 ) ) ;
#1295 = VECTOR ( 'NONE', #8187, 1000.000000000000000 ) ;
#1296 = VERTEX_POINT ( 'NONE', #5607 ) ;
#1297 = VECTOR ( 'NONE', #9006, 1000.000000000000000 ) ;
#1298 = VECTOR ( 'NONE', #1042, 1000.000000000000000 ) ;
#1299 = EDGE_LOOP ( 'NONE', ( #4658, #2996, #9042, #1487 ) ) ;
#1300 = AXIS2_PLACEMENT_3D ( 'NONE', #8755, #4802, #352 ) ;
#1301 = ORIENTED_EDGE ( 'NONE', *, *, #350, .T. ) ;
#1302 = CARTESIAN_POINT ( 'NONE',  ( 4.560000000000000497, -1.150000000000000133, -4.049289471110532723 ) ) ;
#1303 = CARTESIAN_POINT ( 'NONE',  ( -4.410000000000000142, 1.999999999999999112, -0.7000000000000001776 ) ) ;
#1304 = LINE ( 'NONE', #1723, #1408 ) ;
#1305 = FACE_OUTER_BOUND ( 'NONE', #5902, .T. ) ;
#1306 = LINE ( 'NONE', #8757, #4600 ) ;
#1307 = EDGE_CURVE ( 'NONE', #4800, #7741, #1763, .T. ) ;
#1308 = ORIENTED_EDGE ( 'NONE', *, *, #26, .T. ) ;
#1309 = LINE ( 'NONE', #8649, #1226 ) ;
#1310 = DIRECTION ( 'NONE',  ( 0.000000000000000000, -1.000000000000000000, 0.000000000000000000 ) ) ;
#1311 = FACE_OUTER_BOUND ( 'NONE', #2045, .T. ) ;
#1312 = CARTESIAN_POINT ( 'NONE',  ( 4.559999999999999609, -1.450000000000000178, 4.954999999999999183 ) ) ;
#1313 = PLANE ( 'NONE',  #5585 ) ;
#1314 = UNCERTAINTY_MEASURE_WITH_UNIT (LENGTH_MEASURE( 1.000000000000000082E-05 ), #6007, 'distance_accuracy_value', 'NONE');
#1315 = CARTESIAN_POINT ( 'NONE',  ( -0.5200000000000004619, -1.700000000000000178, 4.159551575750739083 ) ) ;
#1316 = DIRECTION ( 'NONE',  ( 1.000000000000000000, 0.000000000000000000, 0.000000000000000000 ) ) ;
#1317 = EDGE_LOOP ( 'NONE', ( #3660, #3308, #6482, #7086 ) ) ;
#1318 = ORIENTED_EDGE ( 'NONE', *, *, #2448, .F. ) ;
#1319 = EDGE_CURVE ( 'NONE', #7741, #8821, #4866, .T. ) ;
#1320 = STYLED_ITEM ( 'NONE', ( #4468 ), #1964 ) ;
#1321 = LINE ( 'NONE', #5849, #1422 ) ;
#1322 = LINE ( 'NONE', #8026, #1475 ) ;
#1323 = CARTESIAN_POINT ( 'NONE',  ( -5.711446609406725550, 2.500000000000000000, -3.246446609406724360 ) ) ;
#1324 = LINE ( 'NONE', #5415, #4392 ) ;
#1325 = CARTESIAN_POINT ( 'NONE',  ( -0.7700000000000006839, 4.649244398944980539, 0.09999999999999995004 ) ) ;
#1326 = DIRECTION ( 'NONE',  ( 0.000000000000000000, -0.000000000000000000, -1.000000000000000000 ) ) ;
#1327 = LINE ( 'NONE', #5067, #4557 ) ;
#1328 = EDGE_CURVE ( 'NONE', #3782, #7760, #7780, .T. ) ;
#1329 = CIRCLE ( 'NONE', #9080, 0.1000000000000000472 ) ;
#1330 = VERTEX_POINT ( 'NONE', #4781 ) ;
#1331 = LINE ( 'NONE', #4703, #7393 ) ;
#1332 = ADVANCED_FACE ( 'NONE', ( #1831 ), #5081, .T. ) ;
#1333 = VECTOR ( 'NONE', #7341, 1000.000000000000000 ) ;
#1334 = DIRECTION ( 'NONE',  ( 0.000000000000000000, 1.000000000000000000, 0.000000000000000000 ) ) ;
#1335 = ORIENTED_EDGE ( 'NONE', *, *, #3397, .F. ) ;
#1336 =( GEOMETRIC_REPRESENTATION_CONTEXT ( 3 ) GLOBAL_UNCERTAINTY_ASSIGNED_CONTEXT ( ( #6847 ) ) GLOBAL_UNIT_ASSIGNED_CONTEXT ( ( #5222, #1252, #2822 ) ) REPRESENTATION_CONTEXT ( 'NONE', 'WORKASPACE' ) );
#1337 = DIRECTION ( 'NONE',  ( -0.000000000000000000, -1.000000000000000000, -2.891205793294678326E-16 ) ) ;
#1338 = DIRECTION ( 'NONE',  ( -1.000000000000000000, -0.000000000000000000, -0.000000000000000000 ) ) ;
#1339 = ORIENTED_EDGE ( 'NONE', *, *, #2845, .F. ) ;
#1340 = DIRECTION ( 'NONE',  ( 0.000000000000000000, 0.000000000000000000, -1.000000000000000000 ) ) ;
#1341 = VECTOR ( 'NONE', #3832, 1000.000000000000000 ) ;
#1342 = AXIS2_PLACEMENT_3D ( 'NONE', #585, #3520, #8442 ) ;
#1343 = VECTOR ( 'NONE', #4011, 1000.000000000000000 ) ;
#1344 = ORIENTED_EDGE ( 'NONE', *, *, #8288, .T. ) ;
#1345 = LINE ( 'NONE', #3680, #7346 ) ;
#1346 = VECTOR ( 'NONE', #7886, 1000.000000000000000 ) ;
#1347 = ORIENTED_EDGE ( 'NONE', *, *, #708, .T. ) ;
#1348 = EDGE_CURVE ( 'NONE', #5448, #660, #1985, .T. ) ;
#1349 = DIRECTION ( 'NONE',  ( 0.000000000000000000, -0.9659258262890680902, -0.2588190451025213501 ) ) ;
#1350 = CARTESIAN_POINT ( 'NONE',  ( 3.060000000000000053, -1.149999999999999911, -4.049289471110532723 ) ) ;
#1351 = DIRECTION ( 'NONE',  ( -1.000000000000000000, 4.565061778886337988E-16, 2.313075504410495651E-17 ) ) ;
#1352 = ORIENTED_EDGE ( 'NONE', *, *, #7694, .F. ) ;
#1353 = EDGE_LOOP ( 'NONE', ( #6843, #5303, #3132, #346 ) ) ;
#1354 = DIRECTION ( 'NONE',  ( 0.000000000000000000, -0.000000000000000000, 1.000000000000000000 ) ) ;
#1355 = DIRECTION ( 'NONE',  ( 0.000000000000000000, 1.000000000000000000, 0.000000000000000000 ) ) ;
#1356 = AXIS2_PLACEMENT_3D ( 'NONE', #8489, #3390, #4102 ) ;
#1357 = CARTESIAN_POINT ( 'NONE',  ( -0.5200000000000004619, 0.2500000000000000000, -3.550576545463337119 ) ) ;
#1358 = LINE ( 'NONE', #5244, #4454 ) ;
#1359 = CARTESIAN_POINT ( 'NONE',  ( -4.410000000000000142, 2.249999999999999112, 1.809999999999999831 ) ) ;
#1360 = LINE ( 'NONE', #1533, #1640 ) ;
#1361 = CARTESIAN_POINT ( 'NONE',  ( -4.559999999999999609, -0.1772281201405800644, 4.000000000000000000 ) ) ;
#1362 = AXIS2_PLACEMENT_3D ( 'NONE', #5499, #3506, #1493 ) ;
#1363 = ORIENTED_EDGE ( 'NONE', *, *, #3059, .F. ) ;
#1364 = CARTESIAN_POINT ( 'NONE',  ( -1.870000000000000107, 2.249999999999999112, 1.809999999999999831 ) ) ;
#1365 = CYLINDRICAL_SURFACE ( 'NONE', #5788, 0.09999999999999993616 ) ;
#1366 = FACE_OUTER_BOUND ( 'NONE', #2488, .T. ) ;
#1367 = VERTEX_POINT ( 'NONE', #6486 ) ;
#1368 = CYLINDRICAL_SURFACE ( 'NONE', #2050, 0.1000000000000001582 ) ;
#1369 = LINE ( 'NONE', #8639, #4574 ) ;
#1370 = ORIENTED_EDGE ( 'NONE', *, *, #1818, .F. ) ;
#1371 = CARTESIAN_POINT ( 'NONE',  ( 2.019999999999999574, -1.349999999999999645, -4.159551575750739083 ) ) ;
#1372 = ORIENTED_EDGE ( 'NONE', *, *, #7876, .T. ) ;
#1373 = FILL_AREA_STYLE_COLOUR ( '', #8620 ) ;
#1374 = PLANE ( 'NONE',  #8804 ) ;
#1375 = VECTOR ( 'NONE', #7927, 1000.000000000000114 ) ;
#1376 = CYLINDRICAL_SURFACE ( 'NONE', #4470, 0.1000000000000000056 ) ;
#1377 = VECTOR ( 'NONE', #5160, 1000.000000000000000 ) ;
#1378 = EDGE_CURVE ( 'NONE', #5161, #7143, #8079, .T. ) ;
#1379 = VECTOR ( 'NONE', #2963, 1000.000000000000000 ) ;
#1380 = LINE ( 'NONE', #4505, #4480 ) ;
#1381 = EDGE_LOOP ( 'NONE', ( #9102, #4536, #7749, #6064, #6786, #7632, #3271, #6801 ) ) ;
#1382 = CARTESIAN_POINT ( 'NONE',  ( 0.6699999999999998179, 2.249999999999999112, -0.6999999999999994005 ) ) ;
#1383 = CARTESIAN_POINT ( 'NONE',  ( -3.535000000000000142, -1.450000000000000178, -4.159551575750739083 ) ) ;
#1384 = ADVANCED_FACE ( 'NONE', ( #8168 ), #786, .F. ) ;
#1385 = CARTESIAN_POINT ( 'NONE',  ( -4.309999999999999609, 2.780000000000000249, 0.09999999999999958922 ) ) ;
#1386 = CARTESIAN_POINT ( 'NONE',  ( -0.6700000000000004841, 2.780000000000000249, 0.5999999999999993117 ) ) ;
#1387 =( LENGTH_UNIT ( ) NAMED_UNIT ( * ) SI_UNIT ( .MILLI., .METRE. ) );
#1388 = EDGE_LOOP ( 'NONE', ( #4085, #8430, #4134, #2883 ) ) ;
#1389 = ORIENTED_EDGE ( 'NONE', *, *, #6580, .T. ) ;
#1390 = VECTOR ( 'NONE', #8651, 1000.000000000000000 ) ;
#1391 = PRESENTATION_LAYER_ASSIGNMENT (  '', '', ( #7249 ) ) ;
#1392 = VECTOR ( 'NONE', #9083, 1000.000000000000000 ) ;
#1393 = CARTESIAN_POINT ( 'NONE',  ( -0.9950000000000002176, -1.450000000000000178, 4.159551575750739083 ) ) ;
#1394 = CARTESIAN_POINT ( 'NONE',  ( 2.019999999999999574, -0.2000000000000000111, 3.550576545463337119 ) ) ;
#1395 = EDGE_LOOP ( 'NONE', ( #4036, #1952, #4176, #3946 ) ) ;
#1396 = EDGE_CURVE ( 'NONE', #2969, #9194, #2000, .T. ) ;
#1397 = FACE_OUTER_BOUND ( 'NONE', #1090, .T. ) ;
#1398 =( LENGTH_UNIT ( ) NAMED_UNIT ( * ) SI_UNIT ( .MILLI., .METRE. ) );
#1399 = DIRECTION ( 'NONE',  ( -1.000000000000000000, 0.000000000000000000, 7.457968512368043882E-17 ) ) ;
#1400 = FILL_AREA_STYLE_COLOUR ( '', #6255 ) ;
#1401 = DIRECTION ( 'NONE',  ( 0.000000000000000000, 0.000000000000000000, -1.000000000000000000 ) ) ;
#1402 = VERTEX_POINT ( 'NONE', #8495 ) ;
#1403 = DIRECTION ( 'NONE',  ( -0.000000000000000000, -1.000000000000000000, -2.891205793294678326E-16 ) ) ;
#1404 = EDGE_CURVE ( 'NONE', #5302, #6624, #1957, .T. ) ;
#1405 = PRESENTATION_LAYER_ASSIGNMENT (  '', '', ( #8769 ) ) ;
#1406 = CARTESIAN_POINT ( 'NONE',  ( 4.559999999999999609, 0.2500000000000000000, -3.349999999999997424 ) ) ;
#1407 = VECTOR ( 'NONE', #794, 1000.000000000000000 ) ;
#1408 = VECTOR ( 'NONE', #2920, 1000.000000000000000 ) ;
#1409 = LINE ( 'NONE', #1882, #4381 ) ;
#1410 = MECHANICAL_DESIGN_GEOMETRIC_PRESENTATION_REPRESENTATION (  '', ( #6340 ), #4200 ) ;
#1411 = ORIENTED_EDGE ( 'NONE', *, *, #8700, .T. ) ;
#1412 = LINE ( 'NONE', #196, #4319 ) ;
#1413 = LINE ( 'NONE', #7980, #4632 ) ;
#1414 = ORIENTED_EDGE ( 'NONE', *, *, #4099, .T. ) ;
#1415 = DIRECTION ( 'NONE',  ( 1.000000000000000000, -0.000000000000000000, -0.000000000000000000 ) ) ;
#1416 = COLOUR_RGB ( '',1.000000000000000000, 1.000000000000000000, 0.5019607843137254832 ) ;
#1417 = VERTEX_POINT ( 'NONE', #4965 ) ;
#1418 =( NAMED_UNIT ( * ) SI_UNIT ( $, .STERADIAN. ) SOLID_ANGLE_UNIT ( ) );
#1419 = CARTESIAN_POINT ( 'NONE',  ( -4.709999999999999964, 2.500000000000000000, 2.300000000000000266 ) ) ;
#1420 = ORIENTED_EDGE ( 'NONE', *, *, #3942, .T. ) ;
#1421 = ORIENTED_EDGE ( 'NONE', *, *, #6393, .F. ) ;
#1422 = VECTOR ( 'NONE', #8706, 1000.000000000000000 ) ;
#1423 = AXIS2_PLACEMENT_3D ( 'NONE', #3558, #4345, #4403 ) ;
#1424 = DIRECTION ( 'NONE',  ( 0.000000000000000000, -1.000000000000000000, -3.907034855803616961E-16 ) ) ;
#1425 = FACE_OUTER_BOUND ( 'NONE', #3940, .T. ) ;
#1426 = PLANE ( 'NONE',  #3926 ) ;
#1427 = LINE ( 'NONE', #3313, #7667 ) ;
#1428 = DIRECTION ( 'NONE',  ( -0.000000000000000000, 0.9987187878592513890, -0.05060417746537783368 ) ) ;
#1429 = CARTESIAN_POINT ( 'NONE',  ( -3.060000000000000053, -1.450000000000000178, 4.159551575750739083 ) ) ;
#1430 = FACE_OUTER_BOUND ( 'NONE', #172, .T. ) ;
#1431 = PRESENTATION_STYLE_ASSIGNMENT (( #5043 ) ) ;
#1432 = COLOUR_RGB ( '',1.000000000000000000, 1.000000000000000000, 0.5019607843137254832 ) ;
#1433 = UNCERTAINTY_MEASURE_WITH_UNIT (LENGTH_MEASURE( 1.000000000000000082E-05 ), #5827, 'distance_accuracy_value', 'NONE');
#1434 = ORIENTED_EDGE ( 'NONE', *, *, #3059, .T. ) ;
#1435 = ADVANCED_FACE ( 'NONE', ( #5048 ), #8645, .F. ) ;
#1436 = PLANE ( 'NONE',  #7901 ) ;
#1437 = EDGE_LOOP ( 'NONE', ( #1843, #4667, #5355, #1552 ) ) ;
#1438 = CARTESIAN_POINT ( 'NONE',  ( -0.5200000000000004619, 0.000000000000000000, 3.550576545463337119 ) ) ;
#1439 = PLANE ( 'NONE',  #4342 ) ;
#1440 = SURFACE_STYLE_FILL_AREA ( #6410 ) ;
#1441 = VECTOR ( 'NONE', #4693, 1000.000000000000000 ) ;
#1442 = LINE ( 'NONE', #6828, #7589 ) ;
#1443 = UNCERTAINTY_MEASURE_WITH_UNIT (LENGTH_MEASURE( 1.000000000000000082E-05 ), #2498, 'distance_accuracy_value', 'NONE');
#1444 = AXIS2_PLACEMENT_3D ( 'NONE', #9193, #8567, #2089 ) ;
#1445 = PRESENTATION_STYLE_ASSIGNMENT (( #6335 ) ) ;
#1446 = ORIENTED_EDGE ( 'NONE', *, *, #8097, .T. ) ;
#1447 = CYLINDRICAL_SURFACE ( 'NONE', #588, 0.09999999999999993616 ) ;
#1448 = DIRECTION ( 'NONE',  ( -1.000000000000000000, -0.000000000000000000, -0.000000000000000000 ) ) ;
#1449 = AXIS2_PLACEMENT_3D ( 'NONE', #8963, #333, #8331 ) ;
#1450 = CARTESIAN_POINT ( 'NONE',  ( -5.815000000000000391, 2.000000000000000000, 2.350000000000000977 ) ) ;
#1451 = CARTESIAN_POINT ( 'NONE',  ( -1.545000000000000373, -1.700000000000000178, 3.350000000000000533 ) ) ;
#1452 = PLANE ( 'NONE',  #4765 ) ;
#1453 = ORIENTED_EDGE ( 'NONE', *, *, #9067, .F. ) ;
#1454 = ORIENTED_EDGE ( 'NONE', *, *, #2869, .T. ) ;
#1455 = EDGE_CURVE ( 'NONE', #4761, #9165, #5110, .T. ) ;
#1456 = LINE ( 'NONE', #1547, #7488 ) ;
#1457 = CARTESIAN_POINT ( 'NONE',  ( -0.7700000000000006839, 1.999999999999999112, 0.6999999999999991784 ) ) ;
#1458 = CIRCLE ( 'NONE', #2143, 0.1000000000000000472 ) ;
#1459 = DIRECTION ( 'NONE',  ( 1.000000000000000000, 0.000000000000000000, -0.000000000000000000 ) ) ;
#1460 = LINE ( 'NONE', #8207, #7607 ) ;
#1461 = VECTOR ( 'NONE', #6083, 1000.000000000000000 ) ;
#1462 = ORIENTED_EDGE ( 'NONE', *, *, #5171, .T. ) ;
#1463 = VECTOR ( 'NONE', #3995, 1000.000000000000000 ) ;
#1464 = ADVANCED_FACE ( 'NONE', ( #2037 ), #2870, .F. ) ;
#1465 = MECHANICAL_DESIGN_GEOMETRIC_PRESENTATION_REPRESENTATION (  '', ( #710 ), #5011 ) ;
#1466 = ORIENTED_EDGE ( 'NONE', *, *, #3204, .T. ) ;
#1467 = DIRECTION ( 'NONE',  ( -1.000000000000000000, 0.000000000000000000, 1.219727444046192981E-16 ) ) ;
#1468 = CARTESIAN_POINT ( 'NONE',  ( 4.559999999999999609, 0.2500000000000000000, -3.349999999999997424 ) ) ;
#1469 = CARTESIAN_POINT ( 'NONE',  ( 0.7699999999999997957, 2.780000000000000249, 0.09999999999999951983 ) ) ;
#1470 = ORIENTED_EDGE ( 'NONE', *, *, #4786, .F. ) ;
#1471 = CARTESIAN_POINT ( 'NONE',  ( 2.019999999999999574, -1.367711462112881859, 3.810000000000000053 ) ) ;
#1472 = CARTESIAN_POINT ( 'NONE',  ( -1.545000000000000373, -1.150000000000000355, -4.049289471110532723 ) ) ;
#1473 = FILL_AREA_STYLE_COLOUR ( '', #1190 ) ;
#1474 = EDGE_CURVE ( 'NONE', #2177, #6526, #8115, .T. ) ;
#1475 = VECTOR ( 'NONE', #213, 1000.000000000000000 ) ;
#1476 = LINE ( 'NONE', #9219, #1274 ) ;
#1477 = AXIS2_PLACEMENT_3D ( 'NONE', #1714, #1091, #8081 ) ;
#1478 = LINE ( 'NONE', #5916, #7757 ) ;
#1479 = VECTOR ( 'NONE', #3932, 1000.000000000000000 ) ;
#1480 = ORIENTED_EDGE ( 'NONE', *, *, #5418, .T. ) ;
#1481 = PLANE ( 'NONE',  #1423 ) ;
#1482 = ORIENTED_EDGE ( 'NONE', *, *, #8847, .F. ) ;
#1483 = DIRECTION ( 'NONE',  ( -0.000000000000000000, -0.000000000000000000, 1.000000000000000000 ) ) ;
#1484 = EDGE_LOOP ( 'NONE', ( #6290, #6523, #556, #377 ) ) ;
#1485 = EDGE_CURVE ( 'NONE', #4919, #5161, #1976, .T. ) ;
#1486 = AXIS2_PLACEMENT_3D ( 'NONE', #4279, #2907, #21 ) ;
#1487 = ORIENTED_EDGE ( 'NONE', *, *, #2541, .T. ) ;
#1488 = FILL_AREA_STYLE_COLOUR ( '', #3001 ) ;
#1489 = DIRECTION ( 'NONE',  ( -0.000000000000000000, 1.000000000000000000, -0.000000000000000000 ) ) ;
#1490 = CYLINDRICAL_SURFACE ( 'NONE', #410, 0.1000000000000000472 ) ;
#1491 = EDGE_CURVE ( 'NONE', #1015, #9185, #2051, .T. ) ;
#1492 = AXIS2_PLACEMENT_3D ( 'NONE', #8560, #10, #608 ) ;
#1493 = DIRECTION ( 'NONE',  ( 0.000000000000000000, 0.000000000000000000, -1.000000000000000000 ) ) ;
#1494 = ORIENTED_EDGE ( 'NONE', *, *, #4722, .F. ) ;
#1495 = DIRECTION ( 'NONE',  ( 0.000000000000000000, 0.000000000000000000, 1.000000000000000000 ) ) ;
#1496 = LINE ( 'NONE', #8872, #7740 ) ;
#1497 = ORIENTED_EDGE ( 'NONE', *, *, #6542, .F. ) ;
#1498 = ADVANCED_FACE ( 'NONE', ( #8133 ), #4374, .F. ) ;
#1499 = LINE ( 'NONE', #2160, #1553 ) ;
#1500 = VECTOR ( 'NONE', #5461, 1000.000000000000000 ) ;
#1501 = ORIENTED_EDGE ( 'NONE', *, *, #38, .T. ) ;
#1502 = SURFACE_SIDE_STYLE ('',( #5864 ) ) ;
#1503 = ORIENTED_EDGE ( 'NONE', *, *, #4575, .T. ) ;
#1504 = DIRECTION ( 'NONE',  ( 0.000000000000000000, 0.000000000000000000, -1.000000000000000000 ) ) ;
#1505 =( GEOMETRIC_REPRESENTATION_CONTEXT ( 3 ) GLOBAL_UNCERTAINTY_ASSIGNED_CONTEXT ( ( #7918 ) ) GLOBAL_UNIT_ASSIGNED_CONTEXT ( ( #4818, #3375, #7024 ) ) REPRESENTATION_CONTEXT ( 'NONE', 'WORKASPACE' ) );
#1506 = SURFACE_STYLE_USAGE ( .BOTH. , #5665 ) ;
#1507 = LINE ( 'NONE', #5213, #7967 ) ;
#1508 = FACE_OUTER_BOUND ( 'NONE', #7583, .T. ) ;
#1509 = VECTOR ( 'NONE', #8946, 1000.000000000000000 ) ;
#1510 = LINE ( 'NONE', #4271, #4287 ) ;
#1511 = VECTOR ( 'NONE', #3309, 1000.000000000000000 ) ;
#1512 = ORIENTED_EDGE ( 'NONE', *, *, #1936, .T. ) ;
#1513 = DIRECTION ( 'NONE',  ( -0.000000000000000000, -1.000000000000000000, -2.891205793294678326E-16 ) ) ;
#1514 = DIRECTION ( 'NONE',  ( 0.000000000000000000, 1.000000000000000000, 0.000000000000000000 ) ) ;
#1515 = FILL_AREA_STYLE_COLOUR ( '', #4692 ) ;
#1516 =( LENGTH_UNIT ( ) NAMED_UNIT ( * ) SI_UNIT ( .MILLI., .METRE. ) );
#1517 = ORIENTED_EDGE ( 'NONE', *, *, #3289, .T. ) ;
#1518 = ORIENTED_EDGE ( 'NONE', *, *, #3416, .T. ) ;
#1519 = EDGE_CURVE ( 'NONE', #2261, #4889, #8183, .T. ) ;
#1520 = CARTESIAN_POINT ( 'NONE',  ( 0.9949999999999997735, -1.700000000000000178, -3.350000000000000533 ) ) ;
#1521 = DIRECTION ( 'NONE',  ( 0.000000000000000000, 0.9987187878592513890, 0.05060417746537783368 ) ) ;
#1522 = LINE ( 'NONE', #8950, #4649 ) ;
#1523 = LINE ( 'NONE', #3363, #4615 ) ;
#1524 = AXIS2_PLACEMENT_3D ( 'NONE', #247, #4525, #9 ) ;
#1525 = ORIENTED_EDGE ( 'NONE', *, *, #356, .F. ) ;
#1526 = DIRECTION ( 'NONE',  ( 1.000000000000000000, 0.000000000000000000, 0.000000000000000000 ) ) ;
#1527 = ORIENTED_EDGE ( 'NONE', *, *, #5667, .F. ) ;
#1528 = ORIENTED_EDGE ( 'NONE', *, *, #6030, .F. ) ;
#1529 = AXIS2_PLACEMENT_3D ( 'NONE', #4527, #6558, #7337 ) ;
#1530 = ORIENTED_EDGE ( 'NONE', *, *, #3842, .F. ) ;
#1531 = CARTESIAN_POINT ( 'NONE',  ( 0.9949999999999997735, -1.700000000000000178, 4.159551575750739083 ) ) ;
#1532 = CARTESIAN_POINT ( 'NONE',  ( -0.5200000000000004619, -0.1772281201405800644, 4.000000000000000000 ) ) ;
#1533 = CARTESIAN_POINT ( 'NONE',  ( -0.5200000000000004619, -0.1898791645069244916, -3.750320303035187042 ) ) ;
#1534 = LINE ( 'NONE', #2607, #1581 ) ;
#1535 = LINE ( 'NONE', #5377, #7699 ) ;
#1536 = VECTOR ( 'NONE', #7246, 1000.000000000000000 ) ;
#1537 = EDGE_CURVE ( 'NONE', #8147, #5868, #7620, .T. ) ;
#1538 = ORIENTED_EDGE ( 'NONE', *, *, #6401, .F. ) ;
#1539 = FACE_OUTER_BOUND ( 'NONE', #3389, .T. ) ;
#1540 = VECTOR ( 'NONE', #4062, 1000.000000000000000 ) ;
#1541 = ADVANCED_FACE ( 'NONE', ( #7573 ), #5668, .F. ) ;
#1542 = VERTEX_POINT ( 'NONE', #785 ) ;
#1543 = VERTEX_POINT ( 'NONE', #5549 ) ;
#1544 = DIRECTION ( 'NONE',  ( 0.000000000000000000, 0.000000000000000000, -1.000000000000000000 ) ) ;
#1545 =( NAMED_UNIT ( * ) SI_UNIT ( $, .STERADIAN. ) SOLID_ANGLE_UNIT ( ) );
#1546 = CARTESIAN_POINT ( 'NONE',  ( -0.7700000000000006839, 4.649244398944980539, 0.5999999999999998668 ) ) ;
#1547 = CARTESIAN_POINT ( 'NONE',  ( 4.559999999999999609, -1.450000000000000178, 4.159551575750739083 ) ) ;
#1548 = LINE ( 'NONE', #1149, #4694 ) ;
#1549 = EDGE_CURVE ( 'NONE', #6624, #2524, #7457, .T. ) ;
#1550 = FACE_OUTER_BOUND ( 'NONE', #8348, .T. ) ;
#1551 = CARTESIAN_POINT ( 'NONE',  ( 2.019999999999999574, -0.1772281201405800644, -4.000000000000000000 ) ) ;
#1552 = ORIENTED_EDGE ( 'NONE', *, *, #8726, .T. ) ;
#1553 = VECTOR ( 'NONE', #1975, 1000.000000000000000 ) ;
#1554 = ORIENTED_EDGE ( 'NONE', *, *, #543, .F. ) ;
#1555 = UNCERTAINTY_MEASURE_WITH_UNIT (LENGTH_MEASURE( 1.000000000000000082E-05 ), #5591, 'distance_accuracy_value', 'NONE');
#1556 = AXIS2_PLACEMENT_3D ( 'NONE', #5802, #6498, #3012 ) ;
#1557 = CARTESIAN_POINT ( 'NONE',  ( 1.869999999999999662, 2.249999999999999112, 1.809999999999999831 ) ) ;
#1558 = ORIENTED_EDGE ( 'NONE', *, *, #4260, .F. ) ;
#1559 = DIRECTION ( 'NONE',  ( 1.000000000000000000, 0.000000000000000000, -2.168404344971009854E-16 ) ) ;
#1560 = CARTESIAN_POINT ( 'NONE',  ( 1.869999999999999662, 1.999999999999999112, -0.7000000000000001776 ) ) ;
#1561 = EDGE_CURVE ( 'NONE', #551, #8675, #1476, .T. ) ;
#1562 = LINE ( 'NONE', #8541, #1593 ) ;
#1563 = PRESENTATION_LAYER_ASSIGNMENT (  '', '', ( #245 ) ) ;
#1564 = VECTOR ( 'NONE', #7310, 1000.000000000000000 ) ;
#1565 = LINE ( 'NONE', #372, #5031 ) ;
#1566 = ORIENTED_EDGE ( 'NONE', *, *, #8665, .F. ) ;
#1567 = VERTEX_POINT ( 'NONE', #713 ) ;
#1568 = DIRECTION ( 'NONE',  ( -1.000000000000000000, -0.000000000000000000, -0.000000000000000000 ) ) ;
#1569 = EDGE_CURVE ( 'NONE', #5137, #7077, #4509, .T. ) ;
#1570 = ADVANCED_FACE ( 'NONE', ( #4492 ), #6985, .F. ) ;
#1571 = LINE ( 'NONE', #2842, #7724 ) ;
#1572 =( NAMED_UNIT ( * ) SI_UNIT ( $, .STERADIAN. ) SOLID_ANGLE_UNIT ( ) );
#1573 = SURFACE_SIDE_STYLE ('',( #5703 ) ) ;
#1574 = COLOUR_RGB ( '',0.7921568627450980005, 0.8196078431372548767, 0.9333333333333333481 ) ;
#1575 = DIRECTION ( 'NONE',  ( -1.000000000000000000, -0.000000000000000000, -0.000000000000000000 ) ) ;
#1576 = DIRECTION ( 'NONE',  ( 0.000000000000000000, -0.000000000000000000, 1.000000000000000000 ) ) ;
#1577 = DIRECTION ( 'NONE',  ( 0.000000000000000000, -0.05060417746537709816, -0.9987187878592515000 ) ) ;
#1578 = ORIENTED_EDGE ( 'NONE', *, *, #7173, .T. ) ;
#1579 = AXIS2_PLACEMENT_3D ( 'NONE', #7041, #5599, #5720 ) ;
#1580 = CIRCLE ( 'NONE', #1897, 0.3500000000000004774 ) ;
#1581 = VECTOR ( 'NONE', #2341, 1000.000000000000000 ) ;
#1582 = PRESENTATION_LAYER_ASSIGNMENT (  '', '', ( #1228 ) ) ;
#1583 = CARTESIAN_POINT ( 'NONE',  ( -4.084999999999999964, -1.700000000000000178, -4.954999999999999183 ) ) ;
#1584 = VECTOR ( 'NONE', #1829, 1000.000000000000000 ) ;
#1585 = LINE ( 'NONE', #8981, #4530 ) ;
#1586 = ORIENTED_EDGE ( 'NONE', *, *, #584, .T. ) ;
#1587 = COLOUR_RGB ( '',1.000000000000000000, 1.000000000000000000, 0.5019607843137254832 ) ;
#1588 = EDGE_CURVE ( 'NONE', #2751, #4831, #3020, .T. ) ;
#1589 = CARTESIAN_POINT ( 'NONE',  ( 4.559999999999998721, -1.150000000000000799, 3.798968757172755062 ) ) ;
#1590 = DIRECTION ( 'NONE',  ( 0.000000000000000000, 0.000000000000000000, 1.000000000000000000 ) ) ;
#1591 = DIRECTION ( 'NONE',  ( 1.000000000000000000, 0.000000000000000000, -0.000000000000000000 ) ) ;
#1592 = CARTESIAN_POINT ( 'NONE',  ( 0.5200000000000000178, -0.2000000000000000111, -3.550576545463337119 ) ) ;
#1593 = VECTOR ( 'NONE', #1575, 1000.000000000000000 ) ;
#1594 = EDGE_CURVE ( 'NONE', #1879, #3248, #1427, .T. ) ;
#1595 = LINE ( 'NONE', #6902, #7784 ) ;
#1596 = VECTOR ( 'NONE', #2961, 1000.000000000000000 ) ;
#1597 = ORIENTED_EDGE ( 'NONE', *, *, #5877, .T. ) ;
#1598 = CARTESIAN_POINT ( 'NONE',  ( 4.559999999999999609, -1.450000000000000178, 4.954999999999999183 ) ) ;
#1599 = FACE_OUTER_BOUND ( 'NONE', #8483, .T. ) ;
#1600 = PRESENTATION_STYLE_ASSIGNMENT (( #5354 ) ) ;
#1601 = ORIENTED_EDGE ( 'NONE', *, *, #4857, .T. ) ;
#1602 = CARTESIAN_POINT ( 'NONE',  ( 0.9949999999999997735, -0.1772281201405800644, 4.000000000000000000 ) ) ;
#1603 = EDGE_CURVE ( 'NONE', #2546, #3868, #1534, .T. ) ;
#1604 =( GEOMETRIC_REPRESENTATION_CONTEXT ( 3 ) GLOBAL_UNCERTAINTY_ASSIGNED_CONTEXT ( ( #6707 ) ) GLOBAL_UNIT_ASSIGNED_CONTEXT ( ( #2157, #9137, #1222 ) ) REPRESENTATION_CONTEXT ( 'NONE', 'WORKASPACE' ) );
#1605 = DIRECTION ( 'NONE',  ( 0.000000000000000000, -0.9987187878592513890, -0.05060417746537783368 ) ) ;
#1606 = PRESENTATION_LAYER_ASSIGNMENT (  '', '', ( #5361 ) ) ;
#1607 = PRESENTATION_STYLE_ASSIGNMENT (( #4436 ) ) ;
#1608 = CYLINDRICAL_SURFACE ( 'NONE', #6277, 0.1000000000000002554 ) ;
#1609 = DIRECTION ( 'NONE',  ( -1.000000000000000000, -0.000000000000000000, -0.000000000000000000 ) ) ;
#1610 = ORIENTED_EDGE ( 'NONE', *, *, #6423, .F. ) ;
#1611 = CARTESIAN_POINT ( 'NONE',  ( -0.5200000000000004619, -0.2000000000000000111, -3.550576545463337119 ) ) ;
#1612 = VECTOR ( 'NONE', #1904, 1000.000000000000000 ) ;
#1613 = FACE_OUTER_BOUND ( 'NONE', #694, .T. ) ;
#1614 = CARTESIAN_POINT ( 'NONE',  ( -3.060000000000000053, 0.000000000000000000, -3.349999999999997424 ) ) ;
#1615 = EDGE_LOOP ( 'NONE', ( #1261, #2064, #5306, #7821 ) ) ;
#1616 = AXIS2_PLACEMENT_3D ( 'NONE', #2783, #689, #8421 ) ;
#1617 = VECTOR ( 'NONE', #4125, 1000.000000000000000 ) ;
#1618 = ORIENTED_EDGE ( 'NONE', *, *, #9010, .T. ) ;
#1619 = DIRECTION ( 'NONE',  ( -0.000000000000000000, -0.000000000000000000, 1.000000000000000000 ) ) ;
#1620 = CYLINDRICAL_SURFACE ( 'NONE', #3070, 0.1999999999999996503 ) ;
#1621 = FACE_OUTER_BOUND ( 'NONE', #3263, .T. ) ;
#1622 = VECTOR ( 'NONE', #7338, 1000.000000000000000 ) ;
#1623 = ORIENTED_EDGE ( 'NONE', *, *, #7089, .T. ) ;
#1624 = CARTESIAN_POINT ( 'NONE',  ( 1.869999999999999662, 2.249999999999999112, 0.6999999999999992895 ) ) ;
#1625 = LINE ( 'NONE', #1185, #1617 ) ;
#1626 =( LENGTH_UNIT ( ) NAMED_UNIT ( * ) SI_UNIT ( .MILLI., .METRE. ) );
#1627 = EDGE_CURVE ( 'NONE', #1883, #1543, #4676, .T. ) ;
#1628 = CARTESIAN_POINT ( 'NONE',  ( 4.309999999999999609, 2.780000000000000249, 0.5999999999999993117 ) ) ;
#1629 = DIRECTION ( 'NONE',  ( 0.000000000000000000, 0.000000000000000000, 1.000000000000000000 ) ) ;
#1630 = DIRECTION ( 'NONE',  ( -1.000000000000000000, -0.000000000000000000, -0.000000000000000000 ) ) ;
#1631 = ORIENTED_EDGE ( 'NONE', *, *, #7805, .T. ) ;
#1632 = ORIENTED_EDGE ( 'NONE', *, *, #1056, .T. ) ;
#1633 = MECHANICAL_DESIGN_GEOMETRIC_PRESENTATION_REPRESENTATION (  '', ( #8503 ), #3823 ) ;
#1634 = LINE ( 'NONE', #7487, #8031 ) ;
#1635 = CARTESIAN_POINT ( 'NONE',  ( -4.309999999999999609, 2.780000000000000249, 0.09999999999999951983 ) ) ;
#1636 = VERTEX_POINT ( 'NONE', #5369 ) ;
#1637 = DIRECTION ( 'NONE',  ( 0.000000000000000000, 0.000000000000000000, 1.000000000000000000 ) ) ;
#1638 = FACE_BOUND ( 'NONE', #2197, .T. ) ;
#1639 = AXIS2_PLACEMENT_3D ( 'NONE', #2455, #292, #5216 ) ;
#1640 = VECTOR ( 'NONE', #2715, 1000.000000000000000 ) ;
#1641 = LINE ( 'NONE', #2823, #7861 ) ;
#1642 = DIRECTION ( 'NONE',  ( 0.000000000000000000, 1.000000000000000000, 0.000000000000000000 ) ) ;
#1643 = ORIENTED_EDGE ( 'NONE', *, *, #5712, .F. ) ;
#1644 = ORIENTED_EDGE ( 'NONE', *, *, #8318, .F. ) ;
#1645 = FILL_AREA_STYLE_COLOUR ( '', #365 ) ;
#1646 = DIRECTION ( 'NONE',  ( -0.000000000000000000, 0.05060417746537784062, 0.9987187878592515000 ) ) ;
#1647 = CARTESIAN_POINT ( 'NONE',  ( 1.869999999999999662, 2.249999999999999112, -0.6999999999999994005 ) ) ;
#1648 = ORIENTED_EDGE ( 'NONE', *, *, #511, .T. ) ;
#1649 = CARTESIAN_POINT ( 'NONE',  ( -1.870000000000000107, 2.249999999999999112, 0.6999999999999992895 ) ) ;
#1650 = DIRECTION ( 'NONE',  ( -0.000000000000000000, -1.000000000000000000, -2.891205793294678326E-16 ) ) ;
#1651 = ADVANCED_FACE ( 'NONE', ( #1508 ), #4596, .F. ) ;
#1652 = CARTESIAN_POINT ( 'NONE',  ( -4.709999999999999964, 2.500000000000000000, 1.800000000000000711 ) ) ;
#1653 = MANIFOLD_SOLID_BREP ( 'Cut-Extrude2', #977 ) ;
#1654 = VECTOR ( 'NONE', #8329, 1000.000000000000000 ) ;
#1655 = FACE_OUTER_BOUND ( 'NONE', #5007, .T. ) ;
#1656 = FACE_OUTER_BOUND ( 'NONE', #4702, .T. ) ;
#1657 = LINE ( 'NONE', #8711, #4759 ) ;
#1658 = AXIS2_PLACEMENT_3D ( 'NONE', #9160, #646, #1683 ) ;
#1659 = UNCERTAINTY_MEASURE_WITH_UNIT (LENGTH_MEASURE( 1.000000000000000082E-05 ), #6519, 'distance_accuracy_value', 'NONE');
#1660 = CARTESIAN_POINT ( 'NONE',  ( 4.410000000000000142, 2.249999999999999112, -0.6999999999999994005 ) ) ;
#1661 = ORIENTED_EDGE ( 'NONE', *, *, #6563, .F. ) ;
#1662 = EDGE_CURVE ( 'NONE', #8281, #6464, #1409, .T. ) ;
#1663 = EDGE_CURVE ( 'NONE', #2720, #4432, #7698, .T. ) ;
#1664 = LINE ( 'NONE', #3399, #1776 ) ;
#1665 = DIRECTION ( 'NONE',  ( -0.000000000000000000, -1.000000000000000000, -2.891205793294678326E-16 ) ) ;
#1666 = DIRECTION ( 'NONE',  ( 0.000000000000000000, 1.000000000000000000, 0.000000000000000000 ) ) ;
#1667 = UNCERTAINTY_MEASURE_WITH_UNIT (LENGTH_MEASURE( 1.000000000000000082E-05 ), #6134, 'distance_accuracy_value', 'NONE');
#1668 = CARTESIAN_POINT ( 'NONE',  ( 4.559999999999999609, 0.2500000000000000000, -3.349999999999997424 ) ) ;
#1669 = LINE ( 'NONE', #670, #7785 ) ;
#1670 = CARTESIAN_POINT ( 'NONE',  ( -4.084999999999999964, -0.1898791645069245193, 3.750320303035187042 ) ) ;
#1671 = CARTESIAN_POINT ( 'NONE',  ( -4.084999999999999964, -1.700000000000000178, -4.159551575750739083 ) ) ;
#1672 = LINE ( 'NONE', #7000, #7788 ) ;
#1673 = AXIS2_PLACEMENT_3D ( 'NONE', #1200, #492, #4753 ) ;
#1674 = ORIENTED_EDGE ( 'NONE', *, *, #6998, .T. ) ;
#1675 = ORIENTED_EDGE ( 'NONE', *, *, #714, .F. ) ;
#1676 = CARTESIAN_POINT ( 'NONE',  ( 3.209999999999999964, 2.780000000000000249, 0.09999999999999951983 ) ) ;
#1677 = EDGE_CURVE ( 'NONE', #1018, #3564, #4455, .T. ) ;
#1678 = FACE_OUTER_BOUND ( 'NONE', #8108, .T. ) ;
#1679 = FACE_BOUND ( 'NONE', #2062, .T. ) ;
#1680 = DIRECTION ( 'NONE',  ( -1.000000000000000000, -0.000000000000000000, 0.000000000000000000 ) ) ;
#1681 = VECTOR ( 'NONE', #4516, 1000.000000000000000 ) ;
#1682 = VERTEX_POINT ( 'NONE', #6212 ) ;
#1683 = DIRECTION ( 'NONE',  ( 0.000000000000000000, 0.000000000000000000, 1.000000000000000000 ) ) ;
#1684 = ADVANCED_FACE ( 'NONE', ( #4629 ), #2994, .F. ) ;
#1685 = DIRECTION ( 'NONE',  ( 0.000000000000000000, -0.9987187878592513890, 0.05060417746537783368 ) ) ;
#1686 = DIRECTION ( 'NONE',  ( 0.000000000000000000, -0.9987187878592515000, 0.05060417746537710509 ) ) ;
#1687 = ORIENTED_EDGE ( 'NONE', *, *, #626, .F. ) ;
#1688 = EDGE_CURVE ( 'NONE', #6114, #2984, #7738, .T. ) ;
#1689 = ORIENTED_EDGE ( 'NONE', *, *, #8097, .F. ) ;
#1690 = EDGE_CURVE ( 'NONE', #1086, #1636, #4408, .T. ) ;
#1691 = AXIS2_PLACEMENT_3D ( 'NONE', #4604, #829, #157 ) ;
#1692 = ORIENTED_EDGE ( 'NONE', *, *, #9014, .T. ) ;
#1693 = PLANE ( 'NONE',  #2915 ) ;
#1694 = LINE ( 'NONE', #8837, #7882 ) ;
#1695 = DIRECTION ( 'NONE',  ( 1.000000000000000000, 0.000000000000000000, -0.000000000000000000 ) ) ;
#1696 = LINE ( 'NONE', #599, #8006 ) ;
#1697 = DIRECTION ( 'NONE',  ( 0.000000000000000000, 0.000000000000000000, 1.000000000000000000 ) ) ;
#1698 = ORIENTED_EDGE ( 'NONE', *, *, #973, .T. ) ;
#1699 = ORIENTED_EDGE ( 'NONE', *, *, #2944, .F. ) ;
#1700 = PLANE ( 'NONE',  #5887 ) ;
#1701 = CARTESIAN_POINT ( 'NONE',  ( -3.060000000000000053, -0.1898791645069244916, -3.750320303035187042 ) ) ;
#1702 = ORIENTED_EDGE ( 'NONE', *, *, #2017, .T. ) ;
#1703 = EDGE_CURVE ( 'NONE', #5840, #1138, #4362, .T. ) ;
#1704 = DIRECTION ( 'NONE',  ( 0.000000000000000000, -1.000000000000000000, 2.602085213965212614E-15 ) ) ;
#1705 = DIRECTION ( 'NONE',  ( 0.000000000000000000, -0.000000000000000000, -1.000000000000000000 ) ) ;
#1706 = CIRCLE ( 'NONE', #2290, 0.1000000000000011297 ) ;
#1707 = EDGE_CURVE ( 'NONE', #2396, #8532, #1458, .T. ) ;
#1708 = AXIS2_PLACEMENT_3D ( 'NONE', #4397, #2191, #2898 ) ;
#1709 = FACE_OUTER_BOUND ( 'NONE', #9036, .T. ) ;
#1710 = MECHANICAL_DESIGN_GEOMETRIC_PRESENTATION_REPRESENTATION (  '', ( #91 ), #8753 ) ;
#1711 = ADVANCED_FACE ( 'NONE', ( #7682 ), #4643, .F. ) ;
#1712 = DIRECTION ( 'NONE',  ( 1.000000000000000000, -0.000000000000000000, 0.000000000000000000 ) ) ;
#1713 = COLOUR_RGB ( '',1.000000000000000000, 1.000000000000000000, 0.5019607843137254832 ) ;
#1714 = CARTESIAN_POINT ( 'NONE',  ( -0.7700000000000006839, 2.780000000000000249, 0.5999999999999993117 ) ) ;
#1715 = DIRECTION ( 'NONE',  ( 1.000000000000000000, 0.000000000000000000, -0.000000000000000000 ) ) ;
#1716 = ORIENTED_EDGE ( 'NONE', *, *, #6304, .T. ) ;
#1717 = ORIENTED_EDGE ( 'NONE', *, *, #2680, .F. ) ;
#1718 = AXIS2_PLACEMENT_3D ( 'NONE', #2153, #1355, #7723 ) ;
#1719 = CIRCLE ( 'NONE', #8531, 0.1000000000000011297 ) ;
#1720 = LINE ( 'NONE', #2155, #1868 ) ;
#1721 = DIRECTION ( 'NONE',  ( 1.000000000000000000, 0.000000000000000000, 0.000000000000000000 ) ) ;
#1722 =( NAMED_UNIT ( * ) PLANE_ANGLE_UNIT ( ) SI_UNIT ( $, .RADIAN. ) );
#1723 = CARTESIAN_POINT ( 'NONE',  ( -0.5200000000000004619, 0.000000000000000000, 3.349999999999997424 ) ) ;
#1724 = DIRECTION ( 'NONE',  ( -1.000000000000000000, -0.000000000000000000, -0.000000000000000000 ) ) ;
#1725 = VECTOR ( 'NONE', #5183, 1000.000000000000000 ) ;
#1726 = DIRECTION ( 'NONE',  ( -1.000000000000000000, -0.000000000000000000, -0.000000000000000000 ) ) ;
#1727 = DIRECTION ( 'NONE',  ( -1.000000000000000000, 4.565061778886337002E-16, 0.000000000000000000 ) ) ;
#1728 = EDGE_CURVE ( 'NONE', #1905, #6618, #7606, .T. ) ;
#1729 = AXIS2_PLACEMENT_3D ( 'NONE', #7621, #7684, #2696 ) ;
#1730 = VERTEX_POINT ( 'NONE', #7519 ) ;
#1731 = CARTESIAN_POINT ( 'NONE',  ( 2.019999999999999574, -0.2000000000000000111, 3.550576545463337119 ) ) ;
#1732 = ORIENTED_EDGE ( 'NONE', *, *, #5317, .F. ) ;
#1733 = CARTESIAN_POINT ( 'NONE',  ( -4.709999999999999964, 2.400000000000000355, 1.800000000000000711 ) ) ;
#1734 = LINE ( 'NONE', #6187, #4847 ) ;
#1735 = COLOUR_RGB ( '',1.000000000000000000, 1.000000000000000000, 0.5019607843137254832 ) ;
#1736 = VERTEX_POINT ( 'NONE', #3201 ) ;
#1737 = EDGE_CURVE ( 'NONE', #1284, #4953, #7425, .T. ) ;
#1738 = CARTESIAN_POINT ( 'NONE',  ( 3.209999999999999964, 2.499999999999999112, 2.060000000000005382 ) ) ;
#1739 = VERTEX_POINT ( 'NONE', #3936 ) ;
#1740 = DIRECTION ( 'NONE',  ( -1.000000000000000000, -0.000000000000000000, -0.000000000000000000 ) ) ;
#1741 = CARTESIAN_POINT ( 'NONE',  ( -2.020000000000000018, -0.1772281201405800644, -4.000000000000000000 ) ) ;
#1742 = AXIS2_PLACEMENT_3D ( 'NONE', #995, #1064, #2611 ) ;
#1743 = DIRECTION ( 'NONE',  ( 0.000000000000000000, 1.000000000000000000, 0.000000000000000000 ) ) ;
#1744 = CARTESIAN_POINT ( 'NONE',  ( -3.060000000000000053, -1.700000000000000178, 4.159551575750739083 ) ) ;
#1745 = VERTEX_POINT ( 'NONE', #357 ) ;
#1746 = DIRECTION ( 'NONE',  ( -0.2505628070857320866, 0.9351131265310290708, 0.2505628070857321421 ) ) ;
#1747 = DIRECTION ( 'NONE',  ( -0.000000000000000000, -1.000000000000000000, -2.891205793294678326E-16 ) ) ;
#1748 = VECTOR ( 'NONE', #1175, 1000.000000000000000 ) ;
#1749 = LINE ( 'NONE', #7820, #4731 ) ;
#1750 = SURFACE_STYLE_USAGE ( .BOTH. , #1218 ) ;
#1751 = ORIENTED_EDGE ( 'NONE', *, *, #175, .T. ) ;
#1752 = ORIENTED_EDGE ( 'NONE', *, *, #5427, .T. ) ;
#1753 = EDGE_CURVE ( 'NONE', #1239, #6114, #1324, .T. ) ;
#1754 = AXIS2_PLACEMENT_3D ( 'NONE', #8040, #3653, #5785 ) ;
#1755 = CARTESIAN_POINT ( 'NONE',  ( 0.9949999999999997735, -1.150000000000000355, -4.049289471110532723 ) ) ;
#1756 =( NAMED_UNIT ( * ) SI_UNIT ( $, .STERADIAN. ) SOLID_ANGLE_UNIT ( ) );
#1757 = ORIENTED_EDGE ( 'NONE', *, *, #8135, .F. ) ;
#1758 = DIRECTION ( 'NONE',  ( 0.000000000000000000, 0.000000000000000000, -1.000000000000000000 ) ) ;
#1759 = CARTESIAN_POINT ( 'NONE',  ( 0.5200000000000000178, -0.2000000000000000111, 3.550576545463337119 ) ) ;
#1760 = DIRECTION ( 'NONE',  ( -0.000000000000000000, -0.000000000000000000, 1.000000000000000000 ) ) ;
#1761 = EDGE_CURVE ( 'NONE', #6327, #857, #4424, .T. ) ;
#1762 = MECHANICAL_DESIGN_GEOMETRIC_PRESENTATION_REPRESENTATION (  '', ( #1320 ), #3058 ) ;
#1763 = CIRCLE ( 'NONE', #3743, 0.1000000000000002554 ) ;
#1764 = LINE ( 'NONE', #7318, #1920 ) ;
#1765 = LINE ( 'NONE', #3679, #1725 ) ;
#1766 = EDGE_CURVE ( 'NONE', #8650, #5680, #4443, .T. ) ;
#1767 = FACE_OUTER_BOUND ( 'NONE', #7776, .T. ) ;
#1768 = VERTEX_POINT ( 'NONE', #2080 ) ;
#1769 = CARTESIAN_POINT ( 'NONE',  ( 4.309999999999999609, 1.999999999999999112, -8.673617379884035472E-16 ) ) ;
#1770 = CARTESIAN_POINT ( 'NONE',  ( 4.309999999999999609, 2.780000000000000249, 0.5999999999999993117 ) ) ;
#1771 = EDGE_LOOP ( 'NONE', ( #5853, #2971, #6238, #15 ) ) ;
#1772 = ORIENTED_EDGE ( 'NONE', *, *, #4188, .T. ) ;
#1773 = ORIENTED_EDGE ( 'NONE', *, *, #1690, .T. ) ;
#1774 = CARTESIAN_POINT ( 'NONE',  ( 3.209999999999999964, 1.999999999999999112, -0.7000000000000001776 ) ) ;
#1775 = STYLED_ITEM ( 'NONE', ( #8729 ), #5565 ) ;
#1776 = VECTOR ( 'NONE', #2171, 1000.000000000000000 ) ;
#1777 = EDGE_CURVE ( 'NONE', #6161, #5602, #1360, .T. ) ;
#1778 = CARTESIAN_POINT ( 'NONE',  ( 1.769999999999999352, 2.780000000000000249, 0.5999999999999993117 ) ) ;
#1779 = AXIS2_PLACEMENT_3D ( 'NONE', #6307, #2806, #5727 ) ;
#1780 = ORIENTED_EDGE ( 'NONE', *, *, #4597, .F. ) ;
#1781 = DIRECTION ( 'NONE',  ( -4.565061778886337002E-16, 1.000000000000000000, 0.000000000000000000 ) ) ;
#1782 = PLANE ( 'NONE',  #2899 ) ;
#1783 = VECTOR ( 'NONE', #6449, 1000.000000000000000 ) ;
#1784 = DIRECTION ( 'NONE',  ( 1.000000000000000000, 0.000000000000000000, 0.000000000000000000 ) ) ;
#1785 = ADVANCED_FACE ( 'NONE', ( #4745 ), #7140, .T. ) ;
#1786 = LINE ( 'NONE', #7325, #4873 ) ;
#1787 = ORIENTED_EDGE ( 'NONE', *, *, #7136, .T. ) ;
#1788 = EDGE_CURVE ( 'NONE', #1879, #515, #7803, .T. ) ;
#1789 = ORIENTED_EDGE ( 'NONE', *, *, #5072, .F. ) ;
#1790 = EDGE_LOOP ( 'NONE', ( #7104, #869, #4607, #1038 ) ) ;
#1791 = AXIS2_PLACEMENT_3D ( 'NONE', #1136, #4638, #6028 ) ;
#1792 = DIRECTION ( 'NONE',  ( -0.000000000000000000, -0.000000000000000000, 1.000000000000000000 ) ) ;
#1793 = ORIENTED_EDGE ( 'NONE', *, *, #7890, .T. ) ;
#1794 = ADVANCED_FACE ( 'NONE', ( #1599 ), #7707, .T. ) ;
#1795 = LINE ( 'NONE', #7659, #1986 ) ;
#1796 = VERTEX_POINT ( 'NONE', #7946 ) ;
#1797 = EDGE_CURVE ( 'NONE', #8842, #7762, #1571, .T. ) ;
#1798 = DIRECTION ( 'NONE',  ( -0.000000000000000000, -1.000000000000000000, -2.891205793294678326E-16 ) ) ;
#1799 = LINE ( 'NONE', #5105, #4852 ) ;
#1800 = VECTOR ( 'NONE', #7010, 1000.000000000000000 ) ;
#1801 = DIRECTION ( 'NONE',  ( -1.000000000000000000, -4.565061778886337988E-16, 2.313075504410495651E-17 ) ) ;
#1802 = CIRCLE ( 'NONE', #4661, 0.09999999999999993616 ) ;
#1803 = ORIENTED_EDGE ( 'NONE', *, *, #2944, .T. ) ;
#1804 =( NAMED_UNIT ( * ) PLANE_ANGLE_UNIT ( ) SI_UNIT ( $, .RADIAN. ) );
#1805 = CARTESIAN_POINT ( 'NONE',  ( 0.5200000000000000178, 0.000000000000000000, 3.550576545463337119 ) ) ;
#1806 = DIRECTION ( 'NONE',  ( 0.000000000000000000, 0.000000000000000000, -1.000000000000000000 ) ) ;
#1807 = VERTEX_POINT ( 'NONE', #7274 ) ;
#1808 = CARTESIAN_POINT ( 'NONE',  ( 2.019999999999999574, 0.000000000000000000, 3.349999999999997424 ) ) ;
#1809 = EDGE_CURVE ( 'NONE', #4761, #2145, #1210, .T. ) ;
#1810 = ADVANCED_FACE ( 'NONE', ( #1084 ), #7213, .T. ) ;
#1811 = VERTEX_POINT ( 'NONE', #747 ) ;
#1812 = VECTOR ( 'NONE', #7865, 1000.000000000000000 ) ;
#1813 = CARTESIAN_POINT ( 'NONE',  ( -3.060000000000000053, -0.1898791645069245193, -3.750320303035187042 ) ) ;
#1814 = CARTESIAN_POINT ( 'NONE',  ( 4.410000000000000142, 0.000000000000000000, 0.000000000000000000 ) ) ;
#1815 = CIRCLE ( 'NONE', #2621, 0.1000000000000000472 ) ;
#1816 = LINE ( 'NONE', #5330, #7800 ) ;
#1817 = PLANE ( 'NONE',  #238 ) ;
#1818 = EDGE_CURVE ( 'NONE', #5653, #6471, #7193, .T. ) ;
#1819 = FACE_OUTER_BOUND ( 'NONE', #8777, .T. ) ;
#1820 = ORIENTED_EDGE ( 'NONE', *, *, #7920, .T. ) ;
#1821 = CARTESIAN_POINT ( 'NONE',  ( -4.559999999999999609, -0.1898791645069244916, -3.750320303035187042 ) ) ;
#1822 = CARTESIAN_POINT ( 'NONE',  ( 4.560000000000000497, -1.150000000000000133, 3.798968757172755062 ) ) ;
#1823 = EDGE_LOOP ( 'NONE', ( #7962, #912, #7908 ) ) ;
#1824 = DIRECTION ( 'NONE',  ( 1.000000000000000000, -0.000000000000000000, -0.000000000000000000 ) ) ;
#1825 = DIRECTION ( 'NONE',  ( 1.000000000000000000, -0.000000000000000000, -0.000000000000000000 ) ) ;
#1826 = EDGE_LOOP ( 'NONE', ( #4577, #7304, #1344, #8121 ) ) ;
#1827 = CARTESIAN_POINT ( 'NONE',  ( 2.019999999999999574, -1.150000000000000133, -3.350000000000000533 ) ) ;
#1828 = EDGE_CURVE ( 'NONE', #5448, #936, #7298, .T. ) ;
#1829 = DIRECTION ( 'NONE',  ( -1.000000000000000000, -0.000000000000000000, 0.000000000000000000 ) ) ;
#1830 =( LENGTH_UNIT ( ) NAMED_UNIT ( * ) SI_UNIT ( .MILLI., .METRE. ) );
#1831 = FACE_OUTER_BOUND ( 'NONE', #9150, .T. ) ;
#1832 = FACE_OUTER_BOUND ( 'NONE', #7831, .T. ) ;
#1833 = AXIS2_PLACEMENT_3D ( 'NONE', #2347, #7382, #6613 ) ;
#1834 = EDGE_LOOP ( 'NONE', ( #1908, #720, #1940 ) ) ;
#1835 = FACE_OUTER_BOUND ( 'NONE', #4544, .T. ) ;
#1836 = VECTOR ( 'NONE', #5374, 1000.000000000000000 ) ;
#1837 = LINE ( 'NONE', #2305, #1929 ) ;
#1838 = DIRECTION ( 'NONE',  ( 0.000000000000000000, 1.000000000000000000, 0.000000000000000000 ) ) ;
#1839 = FACE_OUTER_BOUND ( 'NONE', #2547, .T. ) ;
#1840 = ORIENTED_EDGE ( 'NONE', *, *, #2065, .F. ) ;
#1841 = EDGE_CURVE ( 'NONE', #6880, #8126, #4029, .T. ) ;
#1842 = DIRECTION ( 'NONE',  ( -1.000000000000000000, -0.000000000000000000, 0.000000000000000000 ) ) ;
#1843 = ORIENTED_EDGE ( 'NONE', *, *, #3691, .T. ) ;
#1844 = ORIENTED_EDGE ( 'NONE', *, *, #181, .F. ) ;
#1845 = ORIENTED_EDGE ( 'NONE', *, *, #4780, .F. ) ;
#1846 = SURFACE_STYLE_USAGE ( .BOTH. , #7550 ) ;
#1847 = EDGE_CURVE ( 'NONE', #2071, #5400, #952, .T. ) ;
#1848 = AXIS2_PLACEMENT_3D ( 'NONE', #4711, #8833, #307 ) ;
#1849 = FACE_OUTER_BOUND ( 'NONE', #2602, .T. ) ;
#1850 = LINE ( 'NONE', #1670, #7994 ) ;
#1851 = DIRECTION ( 'NONE',  ( 1.000000000000000000, -0.000000000000000000, -1.219727444046192981E-16 ) ) ;
#1852 = ORIENTED_EDGE ( 'NONE', *, *, #5728, .T. ) ;
#1853 = DIRECTION ( 'NONE',  ( 0.7071067811865469066, 0.000000000000000000, -0.7071067811865482389 ) ) ;
#1854 = DIRECTION ( 'NONE',  ( 0.000000000000000000, 0.000000000000000000, 1.000000000000000000 ) ) ;
#1855 = CIRCLE ( 'NONE', #7362, 0.1000000000000001582 ) ;
#1856 = LINE ( 'NONE', #5973, #1889 ) ;
#1857 = DIRECTION ( 'NONE',  ( 0.000000000000000000, -0.000000000000000000, -1.000000000000000000 ) ) ;
#1858 = CARTESIAN_POINT ( 'NONE',  ( -1.870000000000000107, 2.499999999999999556, -2.060000000000005382 ) ) ;
#1859 = AXIS2_PLACEMENT_3D ( 'NONE', #5263, #923, #6432 ) ;
#1860 = FACE_OUTER_BOUND ( 'NONE', #2653, .T. ) ;
#1861 = ORIENTED_EDGE ( 'NONE', *, *, #3569, .F. ) ;
#1862 = ORIENTED_EDGE ( 'NONE', *, *, #5698, .F. ) ;
#1863 = CARTESIAN_POINT ( 'NONE',  ( -3.060000000000000053, 0.2500000000000000000, 3.550576545463337119 ) ) ;
#1864 = ORIENTED_EDGE ( 'NONE', *, *, #1594, .F. ) ;
#1865 = CARTESIAN_POINT ( 'NONE',  ( -4.084999999999999964, -1.450000000000000178, -4.159551575750739083 ) ) ;
#1866 = PLANE ( 'NONE',  #6673 ) ;
#1867 = VECTOR ( 'NONE', #964, 1000.000000000000000 ) ;
#1868 = VECTOR ( 'NONE', #7728, 1000.000000000000000 ) ;
#1869 = ORIENTED_EDGE ( 'NONE', *, *, #2227, .T. ) ;
#1870 = DIRECTION ( 'NONE',  ( 0.000000000000000000, 0.000000000000000000, 1.000000000000000000 ) ) ;
#1871 = LINE ( 'NONE', #1383, #1748 ) ;
#1872 = VECTOR ( 'NONE', #243, 1000.000000000000000 ) ;
#1873 = LINE ( 'NONE', #3220, #4729 ) ;
#1874 = ADVANCED_FACE ( 'NONE', ( #7130 ), #8667, .T. ) ;
#1875 = DIRECTION ( 'NONE',  ( -1.000000000000000000, -0.000000000000000000, 0.000000000000000000 ) ) ;
#1876 = VECTOR ( 'NONE', #7586, 1000.000000000000000 ) ;
#1877 = ORIENTED_EDGE ( 'NONE', *, *, #875, .F. ) ;
#1878 = CARTESIAN_POINT ( 'NONE',  ( 4.815000000000000391, 2.500000000000000000, -3.349999999999998312 ) ) ;
#1879 = VERTEX_POINT ( 'NONE', #1652 ) ;
#1880 = DIRECTION ( 'NONE',  ( 0.000000000000000000, 1.000000000000000000, 0.000000000000000000 ) ) ;
#1881 = ORIENTED_EDGE ( 'NONE', *, *, #6741, .F. ) ;
#1882 = CARTESIAN_POINT ( 'NONE',  ( -2.020000000000000018, -1.150000000000000133, 3.550576545463337119 ) ) ;
#1883 = VERTEX_POINT ( 'NONE', #7405 ) ;
#1884 = ORIENTED_EDGE ( 'NONE', *, *, #1199, .T. ) ;
#1885 = CARTESIAN_POINT ( 'NONE',  ( -4.559999999999999609, -0.1772281201405800644, -4.000000000000000000 ) ) ;
#1886 = ORIENTED_EDGE ( 'NONE', *, *, #146, .F. ) ;
#1887 =( LENGTH_UNIT ( ) NAMED_UNIT ( * ) SI_UNIT ( .MILLI., .METRE. ) );
#1888 = VECTOR ( 'NONE', #7683, 1000.000000000000114 ) ;
#1889 = VECTOR ( 'NONE', #6692, 1000.000000000000000 ) ;
#1890 = PRESENTATION_LAYER_ASSIGNMENT (  '', '', ( #134 ) ) ;
#1891 = DIRECTION ( 'NONE',  ( -1.000000000000000000, -0.000000000000000000, 0.000000000000000000 ) ) ;
#1892 = CYLINDRICAL_SURFACE ( 'NONE', #921, 0.4500000000000002887 ) ;
#1893 = ORIENTED_EDGE ( 'NONE', *, *, #5052, .T. ) ;
#1894 = CARTESIAN_POINT ( 'NONE',  ( 4.410000000000000142, 2.249999999999999112, 0.6999999999999992895 ) ) ;
#1895 = EDGE_CURVE ( 'NONE', #4144, #7170, #1156, .T. ) ;
#1896 = ORIENTED_EDGE ( 'NONE', *, *, #5021, .F. ) ;
#1897 = AXIS2_PLACEMENT_3D ( 'NONE', #7558, #8285, #6925 ) ;
#1898 = ORIENTED_EDGE ( 'NONE', *, *, #7353, .T. ) ;
#1899 = UNCERTAINTY_MEASURE_WITH_UNIT (LENGTH_MEASURE( 1.000000000000000082E-05 ), #3812, 'distance_accuracy_value', 'NONE');
#1900 = DIRECTION ( 'NONE',  ( -0.000000000000000000, -0.000000000000000000, 1.000000000000000000 ) ) ;
#1901 = CARTESIAN_POINT ( 'NONE',  ( 1.544999999999999929, -1.700000000000000400, 4.159551575750739083 ) ) ;
#1902 = ORIENTED_EDGE ( 'NONE', *, *, #1199, .F. ) ;
#1903 = PLANE ( 'NONE',  #4830 ) ;
#1904 = DIRECTION ( 'NONE',  ( -0.000000000000000000, -0.000000000000000000, 1.000000000000000000 ) ) ;
#1905 = VERTEX_POINT ( 'NONE', #6833 ) ;
#1906 = CARTESIAN_POINT ( 'NONE',  ( 1.769999999999999352, 1.999999999999999112, 0.6999999999999992895 ) ) ;
#1907 = EDGE_CURVE ( 'NONE', #6723, #8903, #1172, .T. ) ;
#1908 = ORIENTED_EDGE ( 'NONE', *, *, #2464, .F. ) ;
#1909 = VECTOR ( 'NONE', #7810, 1000.000000000000000 ) ;
#1910 = VECTOR ( 'NONE', #2727, 1000.000000000000000 ) ;
#1911 = SURFACE_STYLE_FILL_AREA ( #2572 ) ;
#1912 = LINE ( 'NONE', #7056, #7888 ) ;
#1913 = DIRECTION ( 'NONE',  ( 0.000000000000000000, -1.000000000000000000, 2.602085213965212614E-15 ) ) ;
#1914 = VERTEX_POINT ( 'NONE', #948 ) ;
#1915 = EDGE_CURVE ( 'NONE', #4078, #221, #4291, .T. ) ;
#1916 = VERTEX_POINT ( 'NONE', #3273 ) ;
#1917 = DIRECTION ( 'NONE',  ( 0.000000000000000000, 0.000000000000000000, 1.000000000000000000 ) ) ;
#1918 = ORIENTED_EDGE ( 'NONE', *, *, #8112, .T. ) ;
#1919 = FACE_OUTER_BOUND ( 'NONE', #8969, .T. ) ;
#1920 = VECTOR ( 'NONE', #3133, 1000.000000000000000 ) ;
#1921 = EDGE_CURVE ( 'NONE', #7446, #8401, #914, .T. ) ;
#1922 = DIRECTION ( 'NONE',  ( 0.000000000000000000, 1.000000000000000000, 3.035766082959414782E-15 ) ) ;
#1923 = EDGE_LOOP ( 'NONE', ( #6599, #4233, #4550, #1178 ) ) ;
#1924 = DIRECTION ( 'NONE',  ( 1.000000000000000000, 0.000000000000000000, 0.000000000000000000 ) ) ;
#1925 = PRESENTATION_LAYER_ASSIGNMENT (  '', '', ( #5638 ) ) ;
#1926 = DIRECTION ( 'NONE',  ( 0.000000000000000000, 0.9987187878592515000, -0.05060417746537709816 ) ) ;
#1927 = FACE_OUTER_BOUND ( 'NONE', #2717, .T. ) ;
#1928 = VECTOR ( 'NONE', #1489, 1000.000000000000000 ) ;
#1929 = VECTOR ( 'NONE', #2254, 1000.000000000000000 ) ;
#1930 = DIRECTION ( 'NONE',  ( 0.000000000000000000, 0.000000000000000000, -1.000000000000000000 ) ) ;
#1931 = DIRECTION ( 'NONE',  ( 0.000000000000000000, 0.000000000000000000, -1.000000000000000000 ) ) ;
#1932 = LINE ( 'NONE', #8504, #4774 ) ;
#1933 = ADVANCED_FACE ( 'NONE', ( #931 ), #1447, .T. ) ;
#1934 = ORIENTED_EDGE ( 'NONE', *, *, #584, .F. ) ;
#1935 = ORIENTED_EDGE ( 'NONE', *, *, #315, .F. ) ;
#1936 = EDGE_CURVE ( 'NONE', #4078, #8181, #4589, .T. ) ;
#1937 = ORIENTED_EDGE ( 'NONE', *, *, #3387, .F. ) ;
#1938 = DIRECTION ( 'NONE',  ( 0.000000000000000000, 0.000000000000000000, -1.000000000000000000 ) ) ;
#1939 = CYLINDRICAL_SURFACE ( 'NONE', #5874, 0.3500000000000004774 ) ;
#1940 = ORIENTED_EDGE ( 'NONE', *, *, #2980, .F. ) ;
#1941 = EDGE_CURVE ( 'NONE', #6679, #13, #7568, .T. ) ;
#1942 = FILL_AREA_STYLE_COLOUR ( '', #6646 ) ;
#1943 = MECHANICAL_DESIGN_GEOMETRIC_PRESENTATION_REPRESENTATION (  '', ( #6999 ), #404 ) ;
#1944 = VECTOR ( 'NONE', #2172, 1000.000000000000000 ) ;
#1945 = LINE ( 'NONE', #1286, #8260 ) ;
#1946 =( GEOMETRIC_REPRESENTATION_CONTEXT ( 3 ) GLOBAL_UNCERTAINTY_ASSIGNED_CONTEXT ( ( #2021 ) ) GLOBAL_UNIT_ASSIGNED_CONTEXT ( ( #3046, #6061, #6857 ) ) REPRESENTATION_CONTEXT ( 'NONE', 'WORKASPACE' ) );
#1947 = CARTESIAN_POINT ( 'NONE',  ( -0.5200000000000004619, -1.150000000000000133, 3.550576545463337119 ) ) ;
#1948 = LINE ( 'NONE', #1998, #4918 ) ;
#1949 = PLANE ( 'NONE',  #3771 ) ;
#1950 = ORIENTED_EDGE ( 'NONE', *, *, #1921, .T. ) ;
#1951 = DIRECTION ( 'NONE',  ( 1.000000000000000000, 0.000000000000000000, 0.000000000000000000 ) ) ;
#1952 = ORIENTED_EDGE ( 'NONE', *, *, #4421, .F. ) ;
#1953 = CARTESIAN_POINT ( 'NONE',  ( 3.060000000000000053, 0.2500000000000000000, 3.349999999999997424 ) ) ;
#1954 = ORIENTED_EDGE ( 'NONE', *, *, #7912, .T. ) ;
#1955 = ORIENTED_EDGE ( 'NONE', *, *, #617, .T. ) ;
#1956 = MECHANICAL_DESIGN_GEOMETRIC_PRESENTATION_REPRESENTATION (  '', ( #7126 ), #5776 ) ;
#1957 = CIRCLE ( 'NONE', #3395, 0.09999999999999993616 ) ;
#1958 = DIRECTION ( 'NONE',  ( -1.000000000000000000, 0.000000000000000000, -0.000000000000000000 ) ) ;
#1959 = DIRECTION ( 'NONE',  ( 0.000000000000000000, 0.000000000000000000, 1.000000000000000000 ) ) ;
#1960 = PRESENTATION_STYLE_ASSIGNMENT (( #985 ) ) ;
#1961 = LINE ( 'NONE', #7657, #8138 ) ;
#1962 = CARTESIAN_POINT ( 'NONE',  ( -4.709999999999999964, 2.500000000000000000, 1.800000000000000711 ) ) ;
#1963 = EDGE_CURVE ( 'NONE', #3439, #3820, #4384, .T. ) ;
#1964 = ADVANCED_FACE ( 'NONE', ( #1539 ), #8269, .F. ) ;
#1965 = VECTOR ( 'NONE', #2198, 1000.000000000000000 ) ;
#1966 = VERTEX_POINT ( 'NONE', #1906 ) ;
#1967 = PRODUCT_DEFINITION_SHAPE ( 'NONE', 'NONE',  #5061 ) ;
#1968 = CARTESIAN_POINT ( 'NONE',  ( -5.453268590217984269, -1.350000000000000089, -2.988268590217981746 ) ) ;
#1969 = CARTESIAN_POINT ( 'NONE',  ( 3.209999999999999964, 2.249999999999999112, 1.809999999999999831 ) ) ;
#1970 = DIRECTION ( 'NONE',  ( 0.000000000000000000, 0.000000000000000000, 1.000000000000000000 ) ) ;
#1971 = VERTEX_POINT ( 'NONE', #4773 ) ;
#1972 = PLANE ( 'NONE',  #992 ) ;
#1973 = CARTESIAN_POINT ( 'NONE',  ( -3.060000000000000053, -1.349999999999999645, -4.159551575750739083 ) ) ;
#1974 = EDGE_LOOP ( 'NONE', ( #168, #6686, #3280, #3290 ) ) ;
#1975 = DIRECTION ( 'NONE',  ( -1.000000000000000000, 0.000000000000000000, 8.673617379884035472E-16 ) ) ;
#1976 = CIRCLE ( 'NONE', #6715, 0.1000000000000000472 ) ;
#1977 = LINE ( 'NONE', #623, #7868 ) ;
#1978 = EDGE_CURVE ( 'NONE', #3640, #3423, #4602, .T. ) ;
#1979 = CLOSED_SHELL ( 'NONE', ( #6538, #2890, #1933, #5583, #837, #6724, #1009, #3591, #2390, #1874, #60, #4100, #8123, #4572, #6082, #5766, #632, #7722 ) ) ;
#1980 = VECTOR ( 'NONE', #695, 1000.000000000000000 ) ;
#1981 = CARTESIAN_POINT ( 'NONE',  ( 0.7699999999999997957, 1.999999999999999112, -6.505213034913026604E-16 ) ) ;
#1982 = AXIS2_PLACEMENT_3D ( 'NONE', #622, #1424, #8164 ) ;
#1983 = VERTEX_POINT ( 'NONE', #8074 ) ;
#1984 = AXIS2_PLACEMENT_3D ( 'NONE', #2060, #6928, #9026 ) ;
#1985 = LINE ( 'NONE', #3661, #2015 ) ;
#1986 = VECTOR ( 'NONE', #5014, 1000.000000000000000 ) ;
#1987 = CARTESIAN_POINT ( 'NONE',  ( -3.060000000000000053, -1.150000000000000133, -4.049289471110532723 ) ) ;
#1988 = DIRECTION ( 'NONE',  ( 0.000000000000000000, 0.000000000000000000, 1.000000000000000000 ) ) ;
#1989 = SURFACE_STYLE_FILL_AREA ( #4769 ) ;
#1990 = CARTESIAN_POINT ( 'NONE',  ( 5.565000000000000391, 2.500000000000000000, -2.599999999999999201 ) ) ;
#1991 =( NAMED_UNIT ( * ) SI_UNIT ( $, .STERADIAN. ) SOLID_ANGLE_UNIT ( ) );
#1992 = LINE ( 'NONE', #5759, #5247 ) ;
#1993 = ORIENTED_EDGE ( 'NONE', *, *, #656, .F. ) ;
#1994 = VERTEX_POINT ( 'NONE', #1224 ) ;
#1995 = EDGE_LOOP ( 'NONE', ( #5824, #6656, #6325, #788, #3503, #2925 ) ) ;
#1996 = AXIS2_PLACEMENT_3D ( 'NONE', #3514, #2109, #454 ) ;
#1997 = ORIENTED_EDGE ( 'NONE', *, *, #8861, .F. ) ;
#1998 = CARTESIAN_POINT ( 'NONE',  ( -5.565000000000000391, 2.500000000000000000, 3.350000000000000977 ) ) ;
#1999 = CARTESIAN_POINT ( 'NONE',  ( -4.559999999999999609, 0.2500000000000000000, -3.550576545463337119 ) ) ;
#2000 = LINE ( 'NONE', #4178, #8151 ) ;
#2001 = FACE_OUTER_BOUND ( 'NONE', #595, .T. ) ;
#2002 = ORIENTED_EDGE ( 'NONE', *, *, #1537, .F. ) ;
#2003 = CIRCLE ( 'NONE', #2076, 0.1999999999999996503 ) ;
#2004 = EDGE_CURVE ( 'NONE', #7236, #8468, #7690, .T. ) ;
#2005 =( NAMED_UNIT ( * ) PLANE_ANGLE_UNIT ( ) SI_UNIT ( $, .RADIAN. ) );
#2006 = VECTOR ( 'NONE', #7440, 1000.000000000000000 ) ;
#2007 = ORIENTED_EDGE ( 'NONE', *, *, #2988, .T. ) ;
#2008 = CARTESIAN_POINT ( 'NONE',  ( 3.060000000000000053, -1.150000000000000133, 3.798968757172755062 ) ) ;
#2009 = CARTESIAN_POINT ( 'NONE',  ( 4.309999999999999609, 4.649244398944980539, 0.6999999999999998446 ) ) ;
#2010 = EDGE_LOOP ( 'NONE', ( #4970, #6320, #489, #7011, #6481, #324, #3478, #6477 ) ) ;
#2011 = DIRECTION ( 'NONE',  ( 1.000000000000000000, -0.000000000000000000, -0.000000000000000000 ) ) ;
#2012 = ORIENTED_EDGE ( 'NONE', *, *, #7495, .F. ) ;
#2013 = MECHANICAL_DESIGN_GEOMETRIC_PRESENTATION_REPRESENTATION (  '', ( #4696 ), #360 ) ;
#2014 = ORIENTED_EDGE ( 'NONE', *, *, #5285, .F. ) ;
#2015 = VECTOR ( 'NONE', #51, 1000.000000000000000 ) ;
#2016 = VECTOR ( 'NONE', #9064, 1000.000000000000000 ) ;
#2017 = EDGE_CURVE ( 'NONE', #4199, #3652, #1499, .T. ) ;
#2018 = ADVANCED_FACE ( 'NONE', ( #1311 ), #7396, .T. ) ;
#2019 = AXIS2_PLACEMENT_3D ( 'NONE', #2745, #3465, #2228 ) ;
#2020 = ORIENTED_EDGE ( 'NONE', *, *, #7117, .F. ) ;
#2021 = UNCERTAINTY_MEASURE_WITH_UNIT (LENGTH_MEASURE( 1.000000000000000082E-05 ), #3046, 'distance_accuracy_value', 'NONE');
#2022 = COLOUR_RGB ( '',1.000000000000000000, 1.000000000000000000, 0.5019607843137254832 ) ;
#2023 = DIRECTION ( 'NONE',  ( 0.000000000000000000, -0.9987187878592515000, -0.05060417746537710509 ) ) ;
#2024 = CIRCLE ( 'NONE', #7514, 0.1000000000000000472 ) ;
#2025 = CARTESIAN_POINT ( 'NONE',  ( -3.310000000000000497, 2.780000000000000249, 0.5999999999999993117 ) ) ;
#2026 = EDGE_CURVE ( 'NONE', #3017, #6114, #4370, .T. ) ;
#2027 = ORIENTED_EDGE ( 'NONE', *, *, #6583, .T. ) ;
#2028 = ORIENTED_EDGE ( 'NONE', *, *, #5460, .T. ) ;
#2029 = CARTESIAN_POINT ( 'NONE',  ( 1.769999999999999352, 4.649244398944980539, -1.014106625800827399E-16 ) ) ;
#2030 = CARTESIAN_POINT ( 'NONE',  ( 4.084999999999999964, -1.450000000000000178, 4.159551575750739083 ) ) ;
#2031 = DIRECTION ( 'NONE',  ( -0.000000000000000000, -0.000000000000000000, 1.000000000000000000 ) ) ;
#2032 = ORIENTED_EDGE ( 'NONE', *, *, #714, .T. ) ;
#2033 = CARTESIAN_POINT ( 'NONE',  ( -3.060000000000000053, -0.1898791645069245193, 3.750320303035187042 ) ) ;
#2034 = DIRECTION ( 'NONE',  ( 0.000000000000000000, 0.000000000000000000, -1.000000000000000000 ) ) ;
#2035 = ORIENTED_EDGE ( 'NONE', *, *, #7592, .T. ) ;
#2036 = CARTESIAN_POINT ( 'NONE',  ( 3.310000000000000053, 1.999999999999999112, 0.5999999999999992006 ) ) ;
#2037 = FACE_OUTER_BOUND ( 'NONE', #1317, .T. ) ;
#2038 = FACE_OUTER_BOUND ( 'NONE', #3618, .T. ) ;
#2039 = EDGE_LOOP ( 'NONE', ( #2795, #5189, #5132, #8178 ) ) ;
#2040 = EDGE_CURVE ( 'NONE', #4889, #409, #7432, .T. ) ;
#2041 = LINE ( 'NONE', #1822, #1872 ) ;
#2042 = AXIS2_PLACEMENT_3D ( 'NONE', #7285, #8017, #8677 ) ;
#2043 = ADVANCED_FACE ( 'NONE', ( #4415 ), #8952, .F. ) ;
#2044 = CIRCLE ( 'NONE', #2794, 0.1000000000000011297 ) ;
#2045 = EDGE_LOOP ( 'NONE', ( #615, #7328, #6710, #682 ) ) ;
#2046 = CARTESIAN_POINT ( 'NONE',  ( 5.565000000000000391, 2.500000000000000000, 3.099999999999999645 ) ) ;
#2047 = EDGE_LOOP ( 'NONE', ( #7198, #6910, #6565, #8090 ) ) ;
#2048 = EDGE_CURVE ( 'NONE', #6897, #8401, #7357, .T. ) ;
#2049 = ORIENTED_EDGE ( 'NONE', *, *, #416, .F. ) ;
#2050 = AXIS2_PLACEMENT_3D ( 'NONE', #363, #1747, #5530 ) ;
#2051 = LINE ( 'NONE', #6367, #5068 ) ;
#2052 = VECTOR ( 'NONE', #3019, 1000.000000000000000 ) ;
#2053 = DIRECTION ( 'NONE',  ( -1.000000000000000000, 0.000000000000000000, -0.000000000000000000 ) ) ;
#2054 = DIRECTION ( 'NONE',  ( 0.000000000000000000, 2.602085213965212614E-15, 1.000000000000000000 ) ) ;
#2055 = ORIENTED_EDGE ( 'NONE', *, *, #2669, .T. ) ;
#2056 = DIRECTION ( 'NONE',  ( -1.000000000000000000, -4.565061778886337002E-16, -0.000000000000000000 ) ) ;
#2057 = DIRECTION ( 'NONE',  ( -0.000000000000000000, -1.000000000000000000, -0.000000000000000000 ) ) ;
#2058 = FACE_OUTER_BOUND ( 'NONE', #2748, .T. ) ;
#2059 = DIRECTION ( 'NONE',  ( 0.000000000000000000, 0.000000000000000000, 1.000000000000000000 ) ) ;
#2060 = CARTESIAN_POINT ( 'NONE',  ( -0.9950000000000002176, -1.700000000000000400, -3.350000000000000533 ) ) ;
#2061 = EDGE_CURVE ( 'NONE', #1567, #4670, #7343, .T. ) ;
#2062 = EDGE_LOOP ( 'NONE', ( #3350, #9015, #3414, #3325 ) ) ;
#2063 = CARTESIAN_POINT ( 'NONE',  ( 5.453268590217984269, -1.350000000000000089, 2.988268590217983078 ) ) ;
#2064 = ORIENTED_EDGE ( 'NONE', *, *, #4538, .F. ) ;
#2065 = EDGE_CURVE ( 'NONE', #80, #8510, #7326, .T. ) ;
#2066 = DIRECTION ( 'NONE',  ( 0.000000000000000000, 0.000000000000000000, 1.000000000000000000 ) ) ;
#2067 = ORIENTED_EDGE ( 'NONE', *, *, #4948, .T. ) ;
#2068 = CARTESIAN_POINT ( 'NONE',  ( 4.559999999999999609, -1.450000000000000178, -4.954999999999999183 ) ) ;
#2069 = VECTOR ( 'NONE', #3659, 1000.000000000000000 ) ;
#2070 = MANIFOLD_SOLID_BREP ( 'LPattern1[9]', #256 ) ;
#2071 = VERTEX_POINT ( 'NONE', #627 ) ;
#2072 = DIRECTION ( 'NONE',  ( 0.000000000000000000, -0.000000000000000000, 1.000000000000000000 ) ) ;
#2073 = CYLINDRICAL_SURFACE ( 'NONE', #2475, 0.1000000000000001582 ) ;
#2074 = CARTESIAN_POINT ( 'NONE',  ( 0.000000000000000000, 2.400000000000000355, 0.000000000000000000 ) ) ;
#2075 = CARTESIAN_POINT ( 'NONE',  ( 5.453268590217983380, -1.350000000000000089, 0.000000000000000000 ) ) ;
#2076 = AXIS2_PLACEMENT_3D ( 'NONE', #3437, #5425, #8366 ) ;
#2077 = CARTESIAN_POINT ( 'NONE',  ( 1.869999999999999662, 1.999999999999999112, 0.5999999999999990896 ) ) ;
#2078 = VERTEX_POINT ( 'NONE', #7093 ) ;
#2079 = DIRECTION ( 'NONE',  ( 0.000000000000000000, 1.000000000000000000, 2.891205793294678326E-16 ) ) ;
#2080 = CARTESIAN_POINT ( 'NONE',  ( -4.559999999999999609, -1.149999999999999911, -4.049289471110532723 ) ) ;
#2081 = EDGE_LOOP ( 'NONE', ( #3200, #5773, #5771, #143 ) ) ;
#2082 = AXIS2_PLACEMENT_3D ( 'NONE', #5214, #7812, #8542 ) ;
#2083 = CARTESIAN_POINT ( 'NONE',  ( -4.559999999999999609, 0.2500000000000000000, -3.349999999999997424 ) ) ;
#2084 = ORIENTED_EDGE ( 'NONE', *, *, #2369, .T. ) ;
#2085 = CARTESIAN_POINT ( 'NONE',  ( -1.870000000000000107, 1.999999999999999112, -0.7000000000000001776 ) ) ;
#2086 = LINE ( 'NONE', #1450, #1944 ) ;
#2087 = VECTOR ( 'NONE', #9131, 1000.000000000000000 ) ;
#2088 = PRESENTATION_STYLE_ASSIGNMENT (( #442 ) ) ;
#2089 = DIRECTION ( 'NONE',  ( 0.000000000000000000, 0.000000000000000000, 1.000000000000000000 ) ) ;
#2090 = AXIS2_PLACEMENT_3D ( 'NONE', #3272, #6635, #311 ) ;
#2091 = VECTOR ( 'NONE', #3848, 1000.000000000000000 ) ;
#2092 = DIRECTION ( 'NONE',  ( 1.000000000000000000, 0.000000000000000000, 0.000000000000000000 ) ) ;
#2093 = ADVANCED_FACE ( 'NONE', ( #7456 ), #7851, .F. ) ;
#2094 = DIRECTION ( 'NONE',  ( -1.000000000000000000, 0.000000000000000000, -0.000000000000000000 ) ) ;
#2095 = VERTEX_POINT ( 'NONE', #4094 ) ;
#2096 = EDGE_CURVE ( 'NONE', #9000, #5614, #4442, .T. ) ;
#2097 = DIRECTION ( 'NONE',  ( 1.000000000000000000, 0.000000000000000000, 0.000000000000000000 ) ) ;
#2098 =( NAMED_UNIT ( * ) SI_UNIT ( $, .STERADIAN. ) SOLID_ANGLE_UNIT ( ) );
#2099 = DIRECTION ( 'NONE',  ( 0.000000000000000000, 0.000000000000000000, -1.000000000000000000 ) ) ;
#2100 =( LENGTH_UNIT ( ) NAMED_UNIT ( * ) SI_UNIT ( .MILLI., .METRE. ) );
#2101 = DIRECTION ( 'NONE',  ( -0.000000000000000000, 1.000000000000000000, -0.000000000000000000 ) ) ;
#2102 = DIRECTION ( 'NONE',  ( 0.000000000000000000, 0.000000000000000000, -1.000000000000000000 ) ) ;
#2103 = STYLED_ITEM ( 'NONE', ( #7829 ), #6724 ) ;
#2104 = LINE ( 'NONE', #368, #2130 ) ;
#2105 = LINE ( 'NONE', #7895, #8268 ) ;
#2106 = ORIENTED_EDGE ( 'NONE', *, *, #8127, .F. ) ;
#2107 = STYLED_ITEM ( 'NONE', ( #1127 ), #3207 ) ;
#2108 = CARTESIAN_POINT ( 'NONE',  ( -0.6700000000000003730, 2.499999999999999112, 2.060000000000005382 ) ) ;
#2109 = DIRECTION ( 'NONE',  ( -1.000000000000000000, 0.000000000000000000, 0.000000000000000000 ) ) ;
#2110 = DIRECTION ( 'NONE',  ( 0.000000000000000000, -0.000000000000000000, -1.000000000000000000 ) ) ;
#2111 = DIRECTION ( 'NONE',  ( 0.000000000000000000, 0.000000000000000000, 1.000000000000000000 ) ) ;
#2112 = CARTESIAN_POINT ( 'NONE',  ( 0.000000000000000000, 2.400000000000000355, 0.000000000000000000 ) ) ;
#2113 = DIRECTION ( 'NONE',  ( 0.000000000000000000, 0.000000000000000000, -1.000000000000000000 ) ) ;
#2114 = EDGE_CURVE ( 'NONE', #7146, #3063, #7424, .T. ) ;
#2115 = VECTOR ( 'NONE', #7464, 1000.000000000000000 ) ;
#2116 = FACE_OUTER_BOUND ( 'NONE', #5786, .T. ) ;
#2117 = AXIS2_PLACEMENT_3D ( 'NONE', #1770, #2472, #3163 ) ;
#2118 = CARTESIAN_POINT ( 'NONE',  ( -5.815000000000000391, 2.500000000000000000, 3.350000000000000977 ) ) ;
#2119 =( NAMED_UNIT ( * ) PLANE_ANGLE_UNIT ( ) SI_UNIT ( $, .RADIAN. ) );
#2120 = ADVANCED_FACE ( 'NONE', ( #1425 ), #3044, .T. ) ;
#2121 = VECTOR ( 'NONE', #5307, 1000.000000000000000 ) ;
#2122 = VERTEX_POINT ( 'NONE', #5880 ) ;
#2123 = EDGE_CURVE ( 'NONE', #6626, #6439, #1128, .T. ) ;
#2124 = CARTESIAN_POINT ( 'NONE',  ( -2.020000000000000018, 0.000000000000000000, 3.550576545463337119 ) ) ;
#2125 = SURFACE_STYLE_USAGE ( .BOTH. , #6436 ) ;
#2126 = CARTESIAN_POINT ( 'NONE',  ( -5.565000000000000391, 2.500000000000000000, -3.099999999999998757 ) ) ;
#2127 = EDGE_CURVE ( 'NONE', #4186, #5780, #1456, .T. ) ;
#2128 = EDGE_CURVE ( 'NONE', #7947, #6728, #7587, .T. ) ;
#2129 =( LENGTH_UNIT ( ) NAMED_UNIT ( * ) SI_UNIT ( .MILLI., .METRE. ) );
#2130 = VECTOR ( 'NONE', #2565, 1000.000000000000000 ) ;
#2131 = LINE ( 'NONE', #4947, #1980 ) ;
#2132 = AXIS2_PLACEMENT_3D ( 'NONE', #4850, #5619, #2755 ) ;
#2133 = CARTESIAN_POINT ( 'NONE',  ( 0.9949999999999997735, -1.450000000000000178, -4.954999999999999183 ) ) ;
#2134 = LINE ( 'NONE', #4659, #8124 ) ;
#2135 = CARTESIAN_POINT ( 'NONE',  ( -5.309999999999999609, 2.500000000000000000, 2.300000000000000711 ) ) ;
#2136 = CARTESIAN_POINT ( 'NONE',  ( 0.9949999999999997735, -0.1898791645069245193, 3.750320303035187042 ) ) ;
#2137 = CARTESIAN_POINT ( 'NONE',  ( -0.5200000000000004619, 0.000000000000000000, -3.349999999999997424 ) ) ;
#2138 = CARTESIAN_POINT ( 'NONE',  ( 2.019999999999999574, -0.1898791645069244916, 3.750320303035187042 ) ) ;
#2139 = ORIENTED_EDGE ( 'NONE', *, *, #6232, .F. ) ;
#2140 = PLANE ( 'NONE',  #2302 ) ;
#2141 = DIRECTION ( 'NONE',  ( -1.000000000000000000, -0.000000000000000000, 0.000000000000000000 ) ) ;
#2142 = EDGE_CURVE ( 'NONE', #7862, #7846, #1304, .T. ) ;
#2143 = AXIS2_PLACEMENT_3D ( 'NONE', #3718, #8875, #2553 ) ;
#2144 = UNCERTAINTY_MEASURE_WITH_UNIT (LENGTH_MEASURE( 1.000000000000000082E-05 ), #8497, 'distance_accuracy_value', 'NONE');
#2145 = VERTEX_POINT ( 'NONE', #8741 ) ;
#2146 = EDGE_CURVE ( 'NONE', #1279, #2379, #1322, .T. ) ;
#2147 = CARTESIAN_POINT ( 'NONE',  ( -4.410000000000000142, 4.649244398944980539, 0.1000000000000000611 ) ) ;
#2148 = ADVANCED_FACE ( 'NONE', ( #7470 ), #4671, .F. ) ;
#2149 = LINE ( 'NONE', #2206, #2087 ) ;
#2150 = VECTOR ( 'NONE', #4158, 1000.000000000000114 ) ;
#2151 = LINE ( 'NONE', #6343, #1965 ) ;
#2152 = DIRECTION ( 'NONE',  ( 0.000000000000000000, 0.05060417746537784062, -0.9987187878592515000 ) ) ;
#2153 = CARTESIAN_POINT ( 'NONE',  ( 0.000000000000000000, -1.350000000000000089, 0.000000000000000000 ) ) ;
#2154 = DIRECTION ( 'NONE',  ( 0.000000000000000000, -1.000000000000000000, 2.602085213965212614E-15 ) ) ;
#2155 = CARTESIAN_POINT ( 'NONE',  ( -3.060000000000000053, 0.2500000000000000000, -3.349999999999997424 ) ) ;
#2156 = EDGE_CURVE ( 'NONE', #6626, #8093, #4508, .T. ) ;
#2157 =( LENGTH_UNIT ( ) NAMED_UNIT ( * ) SI_UNIT ( .MILLI., .METRE. ) );
#2158 =( NAMED_UNIT ( * ) SI_UNIT ( $, .STERADIAN. ) SOLID_ANGLE_UNIT ( ) );
#2159 = VERTEX_POINT ( 'NONE', #2982 ) ;
#2160 = CARTESIAN_POINT ( 'NONE',  ( 5.815000000000000391, 2.000000000000000000, -3.349999999999999201 ) ) ;
#2161 = EDGE_CURVE ( 'NONE', #7170, #1402, #1202, .T. ) ;
#2162 = FACE_OUTER_BOUND ( 'NONE', #62, .T. ) ;
#2163 = VECTOR ( 'NONE', #7030, 1000.000000000000114 ) ;
#2164 = DIRECTION ( 'NONE',  ( 0.000000000000000000, 1.000000000000000000, 0.000000000000000000 ) ) ;
#2165 = CARTESIAN_POINT ( 'NONE',  ( -0.7700000000000006839, 2.780000000000000249, 0.5999999999999993117 ) ) ;
#2166 = VERTEX_POINT ( 'NONE', #967 ) ;
#2167 = ORIENTED_EDGE ( 'NONE', *, *, #6300, .T. ) ;
#2168 = VECTOR ( 'NONE', #4054, 1000.000000000000000 ) ;
#2169 = CARTESIAN_POINT ( 'NONE',  ( -4.410000000000000142, 1.999999999999999112, 0.6999999999999998446 ) ) ;
#2170 = ADVANCED_FACE ( 'NONE', ( #4569 ), #2273, .F. ) ;
#2171 = DIRECTION ( 'NONE',  ( -1.000000000000000000, -0.000000000000000000, -0.000000000000000000 ) ) ;
#2172 = DIRECTION ( 'NONE',  ( -0.000000000000000000, 1.000000000000000000, -0.000000000000000000 ) ) ;
#2173 = CARTESIAN_POINT ( 'NONE',  ( 1.544999999999999929, -1.150000000000000355, -3.798968757172755062 ) ) ;
#2174 = CARTESIAN_POINT ( 'NONE',  ( -1.870000000000000107, 2.249999999999999112, -0.6999999999999994005 ) ) ;
#2175 = EDGE_CURVE ( 'NONE', #3085, #1239, #1358, .T. ) ;
#2176 = CIRCLE ( 'NONE', #3354, 0.1000000000000001582 ) ;
#2177 = VERTEX_POINT ( 'NONE', #5774 ) ;
#2178 = AXIS2_PLACEMENT_3D ( 'NONE', #1468, #9112, #3616 ) ;
#2179 = FILL_AREA_STYLE ('',( #6997 ) ) ;
#2180 = DIRECTION ( 'NONE',  ( 0.000000000000000000, 0.000000000000000000, 1.000000000000000000 ) ) ;
#2181 = ORIENTED_EDGE ( 'NONE', *, *, #6314, .T. ) ;
#2182 = ORIENTED_EDGE ( 'NONE', *, *, #26, .F. ) ;
#2183 = CARTESIAN_POINT ( 'NONE',  ( 3.535000000000000142, -0.1772281201405800644, -4.000000000000000000 ) ) ;
#2184 = PRESENTATION_LAYER_ASSIGNMENT (  '', '', ( #8657 ) ) ;
#2185 = CARTESIAN_POINT ( 'NONE',  ( 5.815000000000000391, 2.500000000000000000, 3.349999999999999645 ) ) ;
#2186 = ADVANCED_FACE ( 'NONE', ( #4360 ), #1376, .T. ) ;
#2187 = DIRECTION ( 'NONE',  ( -1.000000000000000000, -0.000000000000000000, -0.000000000000000000 ) ) ;
#2188 = ORIENTED_EDGE ( 'NONE', *, *, #8803, .T. ) ;
#2189 =( NAMED_UNIT ( * ) SI_UNIT ( $, .STERADIAN. ) SOLID_ANGLE_UNIT ( ) );
#2190 = DIRECTION ( 'NONE',  ( 0.000000000000000000, -1.000000000000000000, 2.602085213965212614E-15 ) ) ;
#2191 = DIRECTION ( 'NONE',  ( -1.000000000000000000, -0.000000000000000000, -0.000000000000000000 ) ) ;
#2192 = EDGE_CURVE ( 'NONE', #4713, #7693, #4523, .T. ) ;
#2193 = AXIS2_PLACEMENT_3D ( 'NONE', #9024, #394, #530 ) ;
#2194 = EDGE_LOOP ( 'NONE', ( #1689, #3288, #4723, #3579 ) ) ;
#2195 = DIRECTION ( 'NONE',  ( 1.000000000000000000, 0.000000000000000000, -0.000000000000000000 ) ) ;
#2196 = SURFACE_STYLE_USAGE ( .BOTH. , #9116 ) ;
#2197 = EDGE_LOOP ( 'NONE', ( #8904, #3139, #3361, #207 ) ) ;
#2198 = DIRECTION ( 'NONE',  ( 1.000000000000000000, 4.565061778886337988E-16, -2.313075504410461447E-17 ) ) ;
#2199 = CARTESIAN_POINT ( 'NONE',  ( 3.310000000000000053, 2.880000000000000338, 0.5999999999999994227 ) ) ;
#2200 = COLOUR_RGB ( '',1.000000000000000000, 1.000000000000000000, 0.5019607843137254832 ) ;
#2201 = VECTOR ( 'NONE', #6294, 1000.000000000000000 ) ;
#2202 = DIRECTION ( 'NONE',  ( 0.000000000000000000, 0.000000000000000000, -1.000000000000000000 ) ) ;
#2203 = VECTOR ( 'NONE', #1016, 1000.000000000000000 ) ;
#2204 = ORIENTED_EDGE ( 'NONE', *, *, #181, .T. ) ;
#2205 = EDGE_CURVE ( 'NONE', #1807, #3339, #7524, .T. ) ;
#2206 = CARTESIAN_POINT ( 'NONE',  ( 4.815000000000000391, 2.000000000000000000, -3.349999999999998312 ) ) ;
#2207 = ORIENTED_EDGE ( 'NONE', *, *, #8265, .T. ) ;
#2208 = PRESENTATION_LAYER_ASSIGNMENT (  '', '', ( #8503 ) ) ;
#2209 = CARTESIAN_POINT ( 'NONE',  ( 2.019999999999999574, -0.2000000000000000111, 3.550576545463337119 ) ) ;
#2210 = CARTESIAN_POINT ( 'NONE',  ( 5.815000000000000391, 0.000000000000000000, -3.349999999999999201 ) ) ;
#2211 =( NAMED_UNIT ( * ) SI_UNIT ( $, .STERADIAN. ) SOLID_ANGLE_UNIT ( ) );
#2212 = CARTESIAN_POINT ( 'NONE',  ( 0.6699999999999998179, 2.249999999999999112, -0.6999999999999994005 ) ) ;
#2213 = ORIENTED_EDGE ( 'NONE', *, *, #4930, .F. ) ;
#2214 = VERTEX_POINT ( 'NONE', #5196 ) ;
#2215 = ORIENTED_EDGE ( 'NONE', *, *, #3623, .T. ) ;
#2216 = FACE_OUTER_BOUND ( 'NONE', #2722, .T. ) ;
#2217 = COLOUR_RGB ( '',0.7921568627450980005, 0.8196078431372548767, 0.9333333333333333481 ) ;
#2218 = ORIENTED_EDGE ( 'NONE', *, *, #954, .F. ) ;
#2219 = SURFACE_STYLE_USAGE ( .BOTH. , #1502 ) ;
#2220 = PLANE ( 'NONE',  #173 ) ;
#2221 = CARTESIAN_POINT ( 'NONE',  ( -4.309999999999999609, 2.780000000000000249, 0.000000000000000000 ) ) ;
#2222 = ORIENTED_EDGE ( 'NONE', *, *, #6732, .T. ) ;
#2223 = PRESENTATION_LAYER_ASSIGNMENT (  '', '', ( #225 ) ) ;
#2224 = VERTEX_POINT ( 'NONE', #8794 ) ;
#2225 = ORIENTED_EDGE ( 'NONE', *, *, #8726, .F. ) ;
#2226 = FACE_OUTER_BOUND ( 'NONE', #2340, .T. ) ;
#2227 = EDGE_CURVE ( 'NONE', #2425, #2277, #7604, .T. ) ;
#2228 = DIRECTION ( 'NONE',  ( 0.000000000000000000, 0.000000000000000000, 1.000000000000000000 ) ) ;
#2229 = DIRECTION ( 'NONE',  ( 0.000000000000000000, 0.000000000000000000, -1.000000000000000000 ) ) ;
#2230 = DIRECTION ( 'NONE',  ( -0.000000000000000000, 1.000000000000000000, -0.000000000000000000 ) ) ;
#2231 = AXIS2_PLACEMENT_3D ( 'NONE', #2873, #9224, #5259 ) ;
#2232 =( NAMED_UNIT ( * ) PLANE_ANGLE_UNIT ( ) SI_UNIT ( $, .RADIAN. ) );
#2233 = FACE_OUTER_BOUND ( 'NONE', #8319, .T. ) ;
#2234 = CARTESIAN_POINT ( 'NONE',  ( -3.059999999999999165, -1.150000000000000133, 4.049289471110532723 ) ) ;
#2235 = SURFACE_SIDE_STYLE ('',( #463 ) ) ;
#2236 = LINE ( 'NONE', #6662, #2006 ) ;
#2237 = ADVANCED_FACE ( 'NONE', ( #7572 ), #4262, .T. ) ;
#2238 = EDGE_CURVE ( 'NONE', #3868, #3442, #7307, .T. ) ;
#2239 = VERTEX_POINT ( 'NONE', #5294 ) ;
#2240 = DIRECTION ( 'NONE',  ( 1.000000000000000000, -0.000000000000000000, 0.000000000000000000 ) ) ;
#2241 = VERTEX_POINT ( 'NONE', #2384 ) ;
#2242 = ORIENTED_EDGE ( 'NONE', *, *, #7929, .F. ) ;
#2243 = DIRECTION ( 'NONE',  ( -0.000000000000000000, -1.000000000000000000, -2.891205793294678326E-16 ) ) ;
#2244 = ORIENTED_EDGE ( 'NONE', *, *, #5009, .F. ) ;
#2245 = ADVANCED_FACE ( 'NONE', ( #4281 ), #272, .F. ) ;
#2246 = DIRECTION ( 'NONE',  ( -1.000000000000000000, -0.000000000000000000, -0.000000000000000000 ) ) ;
#2247 = PRESENTATION_STYLE_ASSIGNMENT (( #4547 ) ) ;
#2248 = PRESENTATION_LAYER_ASSIGNMENT (  '', '', ( #3624 ) ) ;
#2249 = UNCERTAINTY_MEASURE_WITH_UNIT (LENGTH_MEASURE( 1.000000000000000082E-05 ), #4474, 'distance_accuracy_value', 'NONE');
#2250 = DIRECTION ( 'NONE',  ( -1.000000000000000000, 0.000000000000000000, 0.000000000000000000 ) ) ;
#2251 = VECTOR ( 'NONE', #2313, 1000.000000000000000 ) ;
#2252 = CARTESIAN_POINT ( 'NONE',  ( 1.869999999999999662, 4.649244398944980539, 0.5999999999999998668 ) ) ;
#2253 = CARTESIAN_POINT ( 'NONE',  ( -3.060000000000000053, -1.150000000000000133, -3.550576545463337119 ) ) ;
#2254 = DIRECTION ( 'NONE',  ( -1.000000000000000000, -0.000000000000000000, 0.000000000000000000 ) ) ;
#2255 = EDGE_LOOP ( 'NONE', ( #3116, #3529, #3545, #3566 ) ) ;
#2256 = CARTESIAN_POINT ( 'NONE',  ( 3.060000000000000053, -0.2000000000000000111, -3.550576545463337119 ) ) ;
#2257 = DIRECTION ( 'NONE',  ( 0.000000000000000000, 0.000000000000000000, 1.000000000000000000 ) ) ;
#2258 = EDGE_CURVE ( 'NONE', #6459, #5441, #1182, .T. ) ;
#2259 = ORIENTED_EDGE ( 'NONE', *, *, #7472, .F. ) ;
#2260 = ORIENTED_EDGE ( 'NONE', *, *, #7191, .T. ) ;
#2261 = VERTEX_POINT ( 'NONE', #393 ) ;
#2262 = CARTESIAN_POINT ( 'NONE',  ( -4.084999999999999964, -1.700000000000000178, 4.159551575750739083 ) ) ;
#2263 = DIRECTION ( 'NONE',  ( -1.000000000000000000, 0.000000000000000000, 0.000000000000000000 ) ) ;
#2264 = EDGE_CURVE ( 'NONE', #5108, #2862, #4709, .T. ) ;
#2265 = ADVANCED_FACE ( 'NONE', ( #7635 ), #464, .F. ) ;
#2266 = FACE_OUTER_BOUND ( 'NONE', #4633, .T. ) ;
#2267 = CARTESIAN_POINT ( 'NONE',  ( 0.9949999999999997735, -1.450000000000000178, 4.954999999999999183 ) ) ;
#2268 = EDGE_LOOP ( 'NONE', ( #3206, #3602, #6197, #6488, #6582, #6414, #3630, #120 ) ) ;
#2269 = EDGE_CURVE ( 'NONE', #537, #8945, #1580, .T. ) ;
#2270 = CARTESIAN_POINT ( 'NONE',  ( -0.9950000000000002176, -1.355060417746537293, 4.059679696964812123 ) ) ;
#2271 = ORIENTED_EDGE ( 'NONE', *, *, #6639, .T. ) ;
#2272 = ORIENTED_EDGE ( 'NONE', *, *, #3717, .F. ) ;
#2273 = PLANE ( 'NONE',  #3276 ) ;
#2274 = STYLED_ITEM ( 'NONE', ( #7050 ), #4851 ) ;
#2275 = PLANE ( 'NONE',  #1168 ) ;
#2276 = ORIENTED_EDGE ( 'NONE', *, *, #7369, .F. ) ;
#2277 = VERTEX_POINT ( 'NONE', #2694 ) ;
#2278 = CARTESIAN_POINT ( 'NONE',  ( -5.309999999999999609, 2.500000000000000000, 2.300000000000000711 ) ) ;
#2279 = CARTESIAN_POINT ( 'NONE',  ( -5.309999999999999609, 2.500000000000000000, 1.800000000000000711 ) ) ;
#2280 = VERTEX_POINT ( 'NONE', #4969 ) ;
#2281 = EDGE_CURVE ( 'NONE', #9013, #6233, #3968, .T. ) ;
#2282 = AXIS2_PLACEMENT_3D ( 'NONE', #987, #2495, #6138 ) ;
#2283 = ORIENTED_EDGE ( 'NONE', *, *, #8412, .F. ) ;
#2284 = CARTESIAN_POINT ( 'NONE',  ( -3.060000000000000053, -1.355060417746537293, 4.059679696964812123 ) ) ;
#2285 =( LENGTH_UNIT ( ) NAMED_UNIT ( * ) SI_UNIT ( .MILLI., .METRE. ) );
#2286 = CARTESIAN_POINT ( 'NONE',  ( 0.5200000000000000178, -0.1898791645069244916, 3.750320303035187042 ) ) ;
#2287 = ADVANCED_FACE ( 'NONE', ( #7881 ), #3468, .F. ) ;
#2288 = CARTESIAN_POINT ( 'NONE',  ( -0.6700000000000003730, 2.249999999999999112, -0.6999999999999994005 ) ) ;
#2289 = DIRECTION ( 'NONE',  ( 0.000000000000000000, 0.9987187878592515000, -0.05060417746537709816 ) ) ;
#2290 = AXIS2_PLACEMENT_3D ( 'NONE', #6544, #2940, #4626 ) ;
#2291 = VECTOR ( 'NONE', #1231, 1000.000000000000000 ) ;
#2292 = EDGE_CURVE ( 'NONE', #993, #3162, #4663, .T. ) ;
#2293 =( NAMED_UNIT ( * ) SI_UNIT ( $, .STERADIAN. ) SOLID_ANGLE_UNIT ( ) );
#2294 = ORIENTED_EDGE ( 'NONE', *, *, #3051, .T. ) ;
#2295 = LINE ( 'NONE', #6720, #8451 ) ;
#2296 = EDGE_CURVE ( 'NONE', #2306, #6573, #1871, .T. ) ;
#2297 = AXIS2_PLACEMENT_3D ( 'NONE', #3419, #3306, #8979 ) ;
#2298 = DIRECTION ( 'NONE',  ( 1.000000000000000000, 0.000000000000000000, 0.000000000000000000 ) ) ;
#2299 = DIRECTION ( 'NONE',  ( 0.000000000000000000, -1.000000000000000000, 0.000000000000000000 ) ) ;
#2300 = LINE ( 'NONE', #8602, #8440 ) ;
#2301 = ORIENTED_EDGE ( 'NONE', *, *, #3409, .T. ) ;
#2302 = AXIS2_PLACEMENT_3D ( 'NONE', #3934, #1880, #2552 ) ;
#2303 = DIRECTION ( 'NONE',  ( -1.000000000000000000, 0.000000000000000000, 0.000000000000000000 ) ) ;
#2304 = DIRECTION ( 'NONE',  ( -1.000000000000000000, 0.000000000000000000, 7.457968512368043882E-17 ) ) ;
#2305 = CARTESIAN_POINT ( 'NONE',  ( -0.5200000000000004619, 0.2500000000000000000, -3.349999999999997424 ) ) ;
#2306 = VERTEX_POINT ( 'NONE', #6787 ) ;
#2307 = CARTESIAN_POINT ( 'NONE',  ( -4.309999999999999609, 1.999999999999999112, -6.505213034913026604E-16 ) ) ;
#2308 =( NAMED_UNIT ( * ) SI_UNIT ( $, .STERADIAN. ) SOLID_ANGLE_UNIT ( ) );
#2309 = SHAPE_REPRESENTATION ( '219-4MST', ( #3767, #5865 ), #4148 ) ;
#2310 = ORIENTED_EDGE ( 'NONE', *, *, #8174, .T. ) ;
#2311 = ORIENTED_EDGE ( 'NONE', *, *, #5445, .F. ) ;
#2312 = ADVANCED_FACE ( 'NONE', ( #7619 ), #4111, .F. ) ;
#2313 = DIRECTION ( 'NONE',  ( -1.000000000000000000, 0.000000000000000000, 1.219727444046192981E-16 ) ) ;
#2314 = DIRECTION ( 'NONE',  ( 0.000000000000000000, -0.9987187878592515000, -0.05060417746537710509 ) ) ;
#2315 = CARTESIAN_POINT ( 'NONE',  ( 4.309999999999999609, 2.780000000000000249, 0.09999999999999940881 ) ) ;
#2316 = AXIS2_PLACEMENT_3D ( 'NONE', #9051, #3431, #4212 ) ;
#2317 = DIRECTION ( 'NONE',  ( 0.000000000000000000, 0.000000000000000000, -1.000000000000000000 ) ) ;
#2318 = LINE ( 'NONE', #6072, #8642 ) ;
#2319 = ORIENTED_EDGE ( 'NONE', *, *, #2342, .T. ) ;
#2320 = CARTESIAN_POINT ( 'NONE',  ( 0.9949999999999997735, -1.349999999999999645, -4.159551575750739083 ) ) ;
#2321 = EDGE_LOOP ( 'NONE', ( #234, #7273, #904, #7385 ) ) ;
#2322 = AXIS2_PLACEMENT_3D ( 'NONE', #8300, #3196, #7578 ) ;
#2323 = EDGE_CURVE ( 'NONE', #3716, #3922, #1815, .T. ) ;
#2324 = DIRECTION ( 'NONE',  ( 0.000000000000000000, 0.000000000000000000, 1.000000000000000000 ) ) ;
#2325 = CARTESIAN_POINT ( 'NONE',  ( -4.084999999999999964, -1.349999999999999645, -4.159551575750739083 ) ) ;
#2326 = EDGE_LOOP ( 'NONE', ( #7520, #6963, #7153, #805 ) ) ;
#2327 = CARTESIAN_POINT ( 'NONE',  ( 4.559999999999999609, 0.000000000000000000, 3.349999999999997424 ) ) ;
#2328 = ORIENTED_EDGE ( 'NONE', *, *, #1082, .F. ) ;
#2329 = ADVANCED_FACE ( 'NONE', ( #4896 ), #4841, .F. ) ;
#2330 = EDGE_CURVE ( 'NONE', #8043, #3820, #4883, .T. ) ;
#2331 = LINE ( 'NONE', #8131, #5384 ) ;
#2332 = EDGE_LOOP ( 'NONE', ( #755, #6454, #868, #445 ) ) ;
#2333 = FILL_AREA_STYLE_COLOUR ( '', #5663 ) ;
#2334 = DIRECTION ( 'NONE',  ( 0.000000000000000000, -0.9987187878592513890, 0.05060417746537783368 ) ) ;
#2335 = FILL_AREA_STYLE ('',( #110 ) ) ;
#2336 = ORIENTED_EDGE ( 'NONE', *, *, #1208, .F. ) ;
#2338 = EDGE_CURVE ( 'NONE', #8858, #4390, #4580, .T. ) ;
#2337 = VECTOR ( 'NONE', #2929, 1000.000000000000114 ) ;
#2339 = AXIS2_PLACEMENT_3D ( 'NONE', #3335, #8528, #1495 ) ;
#2340 = EDGE_LOOP ( 'NONE', ( #7005, #853, #1494, #7322 ) ) ;
#2341 = DIRECTION ( 'NONE',  ( -1.000000000000000000, -0.000000000000000000, 0.000000000000000000 ) ) ;
#2342 = EDGE_CURVE ( 'NONE', #660, #2760, #7715, .T. ) ;
#2343 = CARTESIAN_POINT ( 'NONE',  ( 0.6699999999999998179, 1.999999999999999112, -0.7000000000000001776 ) ) ;
#2344 =( NAMED_UNIT ( * ) SI_UNIT ( $, .STERADIAN. ) SOLID_ANGLE_UNIT ( ) );
#2345 = UNCERTAINTY_MEASURE_WITH_UNIT (LENGTH_MEASURE( 1.000000000000000082E-05 ), #2100, 'distance_accuracy_value', 'NONE');
#2346 = FILL_AREA_STYLE_COLOUR ( '', #4512 ) ;
#2347 = CARTESIAN_POINT ( 'NONE',  ( 4.309999999999999609, 1.999999999999999112, 0.5999999999999990896 ) ) ;
#2348 = CARTESIAN_POINT ( 'NONE',  ( -3.060000000000000053, -0.1898791645069244916, 3.750320303035187042 ) ) ;
#2349 = VECTOR ( 'NONE', #7823, 1000.000000000000000 ) ;
#2350 = AXIS2_PLACEMENT_3D ( 'NONE', #3917, #3186, #3778 ) ;
#2351 = ORIENTED_EDGE ( 'NONE', *, *, #4810, .T. ) ;
#2352 = VECTOR ( 'NONE', #1504, 1000.000000000000000 ) ;
#2353 = EDGE_CURVE ( 'NONE', #5780, #4656, #1507, .T. ) ;
#2354 = DIRECTION ( 'NONE',  ( 0.000000000000000000, -0.000000000000000000, 1.000000000000000000 ) ) ;
#2355 = CARTESIAN_POINT ( 'NONE',  ( 1.769999999999999352, 2.780000000000000249, 0.5999999999999993117 ) ) ;
#2356 = UNCERTAINTY_MEASURE_WITH_UNIT (LENGTH_MEASURE( 1.000000000000000082E-05 ), #2867, 'distance_accuracy_value', 'NONE');
#2357 = ORIENTED_EDGE ( 'NONE', *, *, #7027, .F. ) ;
#2358 = EDGE_CURVE ( 'NONE', #294, #8045, #1799, .T. ) ;
#2359 = CARTESIAN_POINT ( 'NONE',  ( 3.060000000000000053, -0.2000000000000000111, -3.550576545463337119 ) ) ;
#2360 = DIRECTION ( 'NONE',  ( 0.000000000000000000, -0.7071067811865398012, -0.7071067811865552333 ) ) ;
#2361 = ORIENTED_EDGE ( 'NONE', *, *, #2123, .F. ) ;
#2362 = CARTESIAN_POINT ( 'NONE',  ( -1.870000000000000107, 2.249999999999999556, -1.810000000000000275 ) ) ;
#2363 = SURFACE_STYLE_USAGE ( .BOTH. , #8205 ) ;
#2364 = DIRECTION ( 'NONE',  ( -0.000000000000000000, -1.000000000000000000, -2.891205793294678326E-16 ) ) ;
#2365 = DIRECTION ( 'NONE',  ( -0.000000000000000000, 0.9987187878592513890, -0.05060417746537783368 ) ) ;
#2366 = CARTESIAN_POINT ( 'NONE',  ( -1.870000000000000107, 4.649244398944980539, 0.1000000000000000611 ) ) ;
#2367 = SURFACE_STYLE_FILL_AREA ( #2801 ) ;
#2368 = AXIS2_PLACEMENT_3D ( 'NONE', #4956, #7742, #8586 ) ;
#2369 = EDGE_CURVE ( 'NONE', #8801, #6370, #7914, .T. ) ;
#2370 = ORIENTED_EDGE ( 'NONE', *, *, #2820, .T. ) ;
#2371 = LINE ( 'NONE', #3179, #8521 ) ;
#2372 = CARTESIAN_POINT ( 'NONE',  ( -1.870000000000000107, 2.249999999999999112, 1.809999999999999831 ) ) ;
#2373 = DIRECTION ( 'NONE',  ( 0.000000000000000000, 0.000000000000000000, -1.000000000000000000 ) ) ;
#2374 = DIRECTION ( 'NONE',  ( 0.000000000000000000, 0.000000000000000000, 1.000000000000000000 ) ) ;
#2375 = AXIS2_PLACEMENT_3D ( 'NONE', #9066, #6354, #569 ) ;
#2376 = VECTOR ( 'NONE', #4064, 1000.000000000000000 ) ;
#2377 = ORIENTED_EDGE ( 'NONE', *, *, #5784, .F. ) ;
#2378 = AXIS2_PLACEMENT_3D ( 'NONE', #7428, #7360, #3239 ) ;
#2379 = VERTEX_POINT ( 'NONE', #6429 ) ;
#2380 = FACE_OUTER_BOUND ( 'NONE', #3048, .T. ) ;
#2381 = CARTESIAN_POINT ( 'NONE',  ( 0.000000000000000000, 0.000000000000000000, 0.000000000000000000 ) ) ;
#2382 = DIRECTION ( 'NONE',  ( -0.000000000000000000, -1.000000000000000000, -2.891205793294678326E-16 ) ) ;
#2383 = VERTEX_POINT ( 'NONE', #2998 ) ;
#2384 = CARTESIAN_POINT ( 'NONE',  ( -0.6700000000000003730, 1.999999999999999112, -0.7000000000000001776 ) ) ;
#2385 = DIRECTION ( 'NONE',  ( -1.000000000000000000, -0.000000000000000000, -0.000000000000000000 ) ) ;
#2386 = DIRECTION ( 'NONE',  ( 0.000000000000000000, 0.000000000000000000, -1.000000000000000000 ) ) ;
#2387 = DIRECTION ( 'NONE',  ( 0.000000000000000000, 0.000000000000000000, 1.000000000000000000 ) ) ;
#2388 = CLOSED_SHELL ( 'NONE', ( #5811, #908, #5464, #5969, #5260, #7877 ) ) ;
#2389 = AXIS2_PLACEMENT_3D ( 'NONE', #6158, #5966, #3502 ) ;
#2390 = ADVANCED_FACE ( 'NONE', ( #1835 ), #5041, .F. ) ;
#2391 = CIRCLE ( 'NONE', #4984, 0.1000000000000000472 ) ;
#2392 = CARTESIAN_POINT ( 'NONE',  ( 4.084999999999999964, -1.150000000000000355, -4.049289471110532723 ) ) ;
#2393 =( NAMED_UNIT ( * ) SI_UNIT ( $, .STERADIAN. ) SOLID_ANGLE_UNIT ( ) );
#2394 = FACE_OUTER_BOUND ( 'NONE', #4373, .T. ) ;
#2395 = CARTESIAN_POINT ( 'NONE',  ( -3.209999999999999964, 2.500000000000000000, 2.060000000000005382 ) ) ;
#2396 = VERTEX_POINT ( 'NONE', #4566 ) ;
#2397 = ADVANCED_FACE ( 'NONE', ( #1927 ), #4675, .T. ) ;
#2398 = VECTOR ( 'NONE', #1619, 1000.000000000000000 ) ;
#2399 = PRESENTATION_LAYER_ASSIGNMENT (  '', '', ( #8669 ) ) ;
#2400 = PLANE ( 'NONE',  #2585 ) ;
#2401 = PLANE ( 'NONE',  #1658 ) ;
#2402 = EDGE_CURVE ( 'NONE', #1768, #3260, #4595, .T. ) ;
#2403 = CARTESIAN_POINT ( 'NONE',  ( -0.7700000000000006839, 2.780000000000000249, 0.09999999999999936717 ) ) ;
#2404 = PLANE ( 'NONE',  #8687 ) ;
#2405 = VECTOR ( 'NONE', #6871, 1000.000000000000000 ) ;
#2406 = LINE ( 'NONE', #109, #2398 ) ;
#2407 = STYLED_ITEM ( 'NONE', ( #241 ), #8104 ) ;
#2408 = PLANE ( 'NONE',  #5898 ) ;
#2409 = CARTESIAN_POINT ( 'NONE',  ( 2.019999999999999574, -0.1772281201405800644, -4.000000000000000000 ) ) ;
#2410 =( NAMED_UNIT ( * ) PLANE_ANGLE_UNIT ( ) SI_UNIT ( $, .RADIAN. ) );
#2411 = VERTEX_POINT ( 'NONE', #7178 ) ;
#2412 = PRESENTATION_LAYER_ASSIGNMENT (  '', '', ( #2107 ) ) ;
#2413 = LINE ( 'NONE', #1177, #8612 ) ;
#2414 = DIRECTION ( 'NONE',  ( 1.000000000000000000, 0.000000000000000000, 0.000000000000000000 ) ) ;
#2415 = DIRECTION ( 'NONE',  ( 1.000000000000000000, -0.000000000000000000, -0.000000000000000000 ) ) ;
#2416 = LINE ( 'NONE', #4982, #2349 ) ;
#2417 = FILL_AREA_STYLE ('',( #943 ) ) ;
#2418 = DIRECTION ( 'NONE',  ( 1.000000000000000000, -0.000000000000000000, -0.000000000000000000 ) ) ;
#2419 = CARTESIAN_POINT ( 'NONE',  ( 4.309999999999999609, 4.649244398944980539, 0.5999999999999998668 ) ) ;
#2420 = PLANE ( 'NONE',  #8569 ) ;
#2421 = EDGE_CURVE ( 'NONE', #8360, #8351, #7737, .T. ) ;
#2422 = CARTESIAN_POINT ( 'NONE',  ( 1.544999999999999929, -1.150000000000000355, -3.350000000000000533 ) ) ;
#2423 = AXIS2_PLACEMENT_3D ( 'NONE', #6935, #4192, #5305 ) ;
#2424 = VERTEX_POINT ( 'NONE', #7316 ) ;
#2425 = VERTEX_POINT ( 'NONE', #3523 ) ;
#2426 = DIRECTION ( 'NONE',  ( 0.000000000000000000, 0.000000000000000000, -1.000000000000000000 ) ) ;
#2427 = DIRECTION ( 'NONE',  ( -1.000000000000000000, -0.000000000000000000, -0.000000000000000000 ) ) ;
#2428 = ADVANCED_FACE ( 'NONE', ( #7666 ), #7923, .F. ) ;
#2429 = PLANE ( 'NONE',  #8434 ) ;
#2430 = DIRECTION ( 'NONE',  ( -1.000000000000000000, -0.000000000000000000, -0.000000000000000000 ) ) ;
#2431 = EDGE_CURVE ( 'NONE', #7350, #8043, #4628, .T. ) ;
#2432 = FACE_OUTER_BOUND ( 'NONE', #5178, .T. ) ;
#2433 = EDGE_CURVE ( 'NONE', #2985, #2829, #1562, .T. ) ;
#2434 = APPLICATION_CONTEXT ( 'automotive_design' ) ;
#2435 = CARTESIAN_POINT ( 'NONE',  ( -1.545000000000000373, -1.150000000000000355, -3.798968757172755062 ) ) ;
#2436 = DIRECTION ( 'NONE',  ( 0.000000000000000000, 0.000000000000000000, 1.000000000000000000 ) ) ;
#2437 = CARTESIAN_POINT ( 'NONE',  ( 5.815000000000000391, 2.250000000000000444, 3.349999999999999645 ) ) ;
#2438 =( GEOMETRIC_REPRESENTATION_CONTEXT ( 3 ) GLOBAL_UNCERTAINTY_ASSIGNED_CONTEXT ( ( #559 ) ) GLOBAL_UNIT_ASSIGNED_CONTEXT ( ( #9097, #5513, #4323 ) ) REPRESENTATION_CONTEXT ( 'NONE', 'WORKASPACE' ) );
#2439 = CARTESIAN_POINT ( 'NONE',  ( 0.5200000000000000178, -0.2000000000000000111, 3.550576545463337119 ) ) ;
#2440 = CARTESIAN_POINT ( 'NONE',  ( 4.560000000000000497, -1.150000000000000133, -3.798968757172755062 ) ) ;
#2441 = MANIFOLD_SOLID_BREP ( 'Cut-Extrude4', #412 ) ;
#2442 = AXIS2_PLACEMENT_3D ( 'NONE', #7289, #8024, #8681 ) ;
#2443 = PRESENTATION_STYLE_ASSIGNMENT (( #4195 ) ) ;
#2444 = DIRECTION ( 'NONE',  ( 0.000000000000000000, 0.000000000000000000, 1.000000000000000000 ) ) ;
#2445 = ADVANCED_FACE ( 'NONE', ( #8217 ), #2401, .F. ) ;
#2446 =( NAMED_UNIT ( * ) PLANE_ANGLE_UNIT ( ) SI_UNIT ( $, .RADIAN. ) );
#2447 = PRESENTATION_STYLE_ASSIGNMENT (( #5543 ) ) ;
#2448 = EDGE_CURVE ( 'NONE', #1417, #4831, #2086, .T. ) ;
#2449 = ORIENTED_EDGE ( 'NONE', *, *, #4350, .F. ) ;
#2450 = EDGE_LOOP ( 'NONE', ( #8025, #7893, #2906, #674 ) ) ;
#2451 = ADVANCED_FACE ( 'NONE', ( #5086 ), #6701, .T. ) ;
#2452 = PRESENTATION_LAYER_ASSIGNMENT (  '', '', ( #1775 ) ) ;
#2453 = DIRECTION ( 'NONE',  ( 0.000000000000000000, -0.7071067811865552333, 0.7071067811865398012 ) ) ;
#2454 = CARTESIAN_POINT ( 'NONE',  ( -3.060000000000000053, 0.000000000000000000, -3.349999999999997424 ) ) ;
#2455 = CARTESIAN_POINT ( 'NONE',  ( -1.545000000000000373, -1.349999999999999645, 4.159551575750739083 ) ) ;
#2456 = ORIENTED_EDGE ( 'NONE', *, *, #9156, .F. ) ;
#2457 = EDGE_CURVE ( 'NONE', #5236, #2214, #203, .T. ) ;
#2458 = FILL_AREA_STYLE_COLOUR ( '', #1432 ) ;
#2459 = CARTESIAN_POINT ( 'NONE',  ( 2.019999999999999574, -1.355060417746537293, -4.059679696964812123 ) ) ;
#2460 = CARTESIAN_POINT ( 'NONE',  ( 4.559999999999999609, -1.150000000000000133, -3.350000000000000533 ) ) ;
#2461 = COLOUR_RGB ( '',0.7921568627450980005, 0.8196078431372548767, 0.9333333333333333481 ) ;
#2462 = PLANE ( 'NONE',  #8988 ) ;
#2463 = PRESENTATION_STYLE_ASSIGNMENT (( #618 ) ) ;
#2464 = EDGE_CURVE ( 'NONE', #2821, #1682, #422, .T. ) ;
#2465 = PLANE ( 'NONE',  #5359 ) ;
#2466 = DIRECTION ( 'NONE',  ( 0.000000000000000000, 0.000000000000000000, 1.000000000000000000 ) ) ;
#2467 =( NAMED_UNIT ( * ) SI_UNIT ( $, .STERADIAN. ) SOLID_ANGLE_UNIT ( ) );
#2468 = LINE ( 'NONE', #8637, #8441 ) ;
#2469 = EDGE_CURVE ( 'NONE', #6908, #5236, #242, .T. ) ;
#2470 = AXIS2_PLACEMENT_3D ( 'NONE', #5245, #5452, #1857 ) ;
#2471 = CARTESIAN_POINT ( 'NONE',  ( -3.060000000000000941, -1.150000000000000799, 4.049289471110532723 ) ) ;
#2472 = DIRECTION ( 'NONE',  ( 1.000000000000000000, 0.000000000000000000, 0.000000000000000000 ) ) ;
#2473 = DIRECTION ( 'NONE',  ( -0.000000000000000000, -0.000000000000000000, 1.000000000000000000 ) ) ;
#2474 = VECTOR ( 'NONE', #843, 1000.000000000000000 ) ;
#2475 = AXIS2_PLACEMENT_3D ( 'NONE', #304, #1073, #4087 ) ;
#2476 = SURFACE_SIDE_STYLE ('',( #8640 ) ) ;
#2477 = PLANE ( 'NONE',  #7891 ) ;
#2478 = ORIENTED_EDGE ( 'NONE', *, *, #5171, .F. ) ;
#2479 = ORIENTED_EDGE ( 'NONE', *, *, #4089, .F. ) ;
#2480 = CARTESIAN_POINT ( 'NONE',  ( -2.311970238834092802E-16, 2.250000000000000444, -3.099999999999999201 ) ) ;
#2481 = DIRECTION ( 'NONE',  ( 0.000000000000000000, 0.000000000000000000, -1.000000000000000000 ) ) ;
#2482 = DIRECTION ( 'NONE',  ( 4.565061778886337002E-16, 1.000000000000000000, 0.000000000000000000 ) ) ;
#2483 = CYLINDRICAL_SURFACE ( 'NONE', #2378, 0.1000000000000000472 ) ;
#2484 = EDGE_CURVE ( 'NONE', #1811, #6098, #494, .T. ) ;
#2485 = ADVANCED_FACE ( 'NONE', ( #6623 ), #4069, .F. ) ;
#2486 = LINE ( 'NONE', #7502, #8516 ) ;
#2487 = CARTESIAN_POINT ( 'NONE',  ( -1.870000000000000107, 4.649244398944980539, 0.5999999999999999778 ) ) ;
#2488 = EDGE_LOOP ( 'NONE', ( #8486, #2035, #2632, #2067 ) ) ;
#2489 = LINE ( 'NONE', #5152, #2521 ) ;
#2490 = DIRECTION ( 'NONE',  ( 0.000000000000000000, 0.000000000000000000, -1.000000000000000000 ) ) ;
#2491 = VERTEX_POINT ( 'NONE', #5521 ) ;
#2492 = EDGE_CURVE ( 'NONE', #4920, #5685, #6569, .T. ) ;
#2493 = CARTESIAN_POINT ( 'NONE',  ( 4.309999999999999609, 4.649244398944980539, -1.014106625800827399E-16 ) ) ;
#2494 = DIRECTION ( 'NONE',  ( 0.000000000000000000, -0.000000000000000000, 1.000000000000000000 ) ) ;
#2495 = DIRECTION ( 'NONE',  ( 0.000000000000000000, 0.000000000000000000, 1.000000000000000000 ) ) ;
#2496 =( GEOMETRIC_REPRESENTATION_CONTEXT ( 3 ) GLOBAL_UNCERTAINTY_ASSIGNED_CONTEXT ( ( #3215 ) ) GLOBAL_UNIT_ASSIGNED_CONTEXT ( ( #66, #2948, #2758 ) ) REPRESENTATION_CONTEXT ( 'NONE', 'WORKASPACE' ) );
#2497 = CARTESIAN_POINT ( 'NONE',  ( -4.559999999999999609, -0.2000000000000000111, 3.550576545463337119 ) ) ;
#2498 =( LENGTH_UNIT ( ) NAMED_UNIT ( * ) SI_UNIT ( .MILLI., .METRE. ) );
#2499 = FILL_AREA_STYLE ('',( #4074 ) ) ;
#2500 = ADVANCED_FACE ( 'NONE', ( #475 ), #488, .F. ) ;
#2501 = EDGE_LOOP ( 'NONE', ( #3908, #7960, #7044, #5311, #6952, #4698, #1893, #7257 ) ) ;
#2502 = AXIS2_PLACEMENT_3D ( 'NONE', #2315, #4113, #4316 ) ;
#2503 = FACE_OUTER_BOUND ( 'NONE', #4553, .T. ) ;
#2504 = CARTESIAN_POINT ( 'NONE',  ( 3.535000000000000142, -1.150000000000000355, 3.350000000000000533 ) ) ;
#2505 = DIRECTION ( 'NONE',  ( -0.000000000000000000, 0.000000000000000000, 1.000000000000000000 ) ) ;
#2506 = CLOSED_SHELL ( 'NONE', ( #5480, #4488, #2578, #4724, #2691, #6348, #5793, #8387, #4213, #8638, #8433, #5886, #3803, #7354, #9212, #5223, #3087, #2709 ) ) ;
#2507 = CARTESIAN_POINT ( 'NONE',  ( 5.814999999999999503, 2.396446609406726491, 3.349999999999999645 ) ) ;
#2508 = VERTEX_POINT ( 'NONE', #2008 ) ;
#2509 = ADVANCED_FACE ( 'NONE', ( #6651 ), #7379, .F. ) ;
#2510 = CARTESIAN_POINT ( 'NONE',  ( 2.019999999999999574, 0.000000000000000000, -3.349999999999997424 ) ) ;
#2511 = CARTESIAN_POINT ( 'NONE',  ( -3.535000000000000142, -1.700000000000000400, 4.159551575750739083 ) ) ;
#2512 = SHAPE_DEFINITION_REPRESENTATION ( #7141, #5595 ) ;
#2513 = PLANE ( 'NONE',  #3801 ) ;
#2514 = LINE ( 'NONE', #3476, #5508 ) ;
#2515 = CARTESIAN_POINT ( 'NONE',  ( 3.060000000000000053, 0.000000000000000000, 3.349999999999997424 ) ) ;
#2516 = VECTOR ( 'NONE', #6402, 1000.000000000000000 ) ;
#2517 = DIRECTION ( 'NONE',  ( -1.000000000000000000, -4.565061778886337002E-16, 0.000000000000000000 ) ) ;
#2518 = EDGE_LOOP ( 'NONE', ( #3740, #518, #1820, #845, #8019, #1203, #725, #3948 ) ) ;
#2519 = CARTESIAN_POINT ( 'NONE',  ( 4.410000000000000142, 2.500000000000000000, 2.060000000000005382 ) ) ;
#2520 = SURFACE_SIDE_STYLE ('',( #7627 ) ) ;
#2521 = VECTOR ( 'NONE', #2334, 1000.000000000000114 ) ;
#2522 = AXIS2_PLACEMENT_3D ( 'NONE', #5731, #8648, #2809 ) ;
#2523 = CLOSED_SHELL ( 'NONE', ( #2043, #825, #5742, #8513, #3837, #7855, #3724, #3508, #2846, #6875, #5615, #3761, #1108, #6671, #6990, #6267, #8082, #8245 ) ) ;
#2524 = VERTEX_POINT ( 'NONE', #1050 ) ;
#2525 = EDGE_CURVE ( 'NONE', #9000, #2936, #3649, .T. ) ;
#2526 = DIRECTION ( 'NONE',  ( 0.000000000000000000, 0.000000000000000000, 1.000000000000000000 ) ) ;
#2527 = DIRECTION ( 'NONE',  ( 0.000000000000000000, 0.000000000000000000, -1.000000000000000000 ) ) ;
#2528 = EDGE_CURVE ( 'NONE', #8194, #6954, #166, .T. ) ;
#2529 = FACE_OUTER_BOUND ( 'NONE', #8159, .T. ) ;
#2530 = DIRECTION ( 'NONE',  ( 0.000000000000000000, 0.000000000000000000, 1.000000000000000000 ) ) ;
#2531 = LINE ( 'NONE', #2510, #8539 ) ;
#2532 = MECHANICAL_DESIGN_GEOMETRIC_PRESENTATION_REPRESENTATION (  '', ( #4003 ), #5027 ) ;
#2533 = ORIENTED_EDGE ( 'NONE', *, *, #8896, .T. ) ;
#2534 = CARTESIAN_POINT ( 'NONE',  ( 0.7699999999999997957, 4.649244398944980539, 0.1000000000000000611 ) ) ;
#2535 = VERTEX_POINT ( 'NONE', #6014 ) ;
#2536 = MECHANICAL_DESIGN_GEOMETRIC_PRESENTATION_REPRESENTATION (  '', ( #3624 ), #5935 ) ;
#2537 = ORIENTED_EDGE ( 'NONE', *, *, #4214, .F. ) ;
#2538 = CARTESIAN_POINT ( 'NONE',  ( -3.310000000000000497, 1.999999999999999112, -8.673617379884035472E-16 ) ) ;
#2539 = DIRECTION ( 'NONE',  ( 0.000000000000000000, 0.000000000000000000, 1.000000000000000000 ) ) ;
#2540 = CARTESIAN_POINT ( 'NONE',  ( 4.410000000000000142, 1.999999999999999112, -0.7000000000000001776 ) ) ;
#2541 = EDGE_CURVE ( 'NONE', #4817, #7874, #6666, .T. ) ;
#2542 = UNCERTAINTY_MEASURE_WITH_UNIT (LENGTH_MEASURE( 1.000000000000000082E-05 ), #5226, 'distance_accuracy_value', 'NONE');
#2543 = CIRCLE ( 'NONE', #8897, 0.1999999999999996503 ) ;
#2544 = CARTESIAN_POINT ( 'NONE',  ( 2.019999999999999574, -1.150000000000000133, -3.550576545463337119 ) ) ;
#2545 = DIRECTION ( 'NONE',  ( -0.000000000000000000, -1.000000000000000000, -2.891205793294678326E-16 ) ) ;
#2546 = VERTEX_POINT ( 'NONE', #7447 ) ;
#2548 = EDGE_CURVE ( 'NONE', #8676, #1730, #6683, .T. ) ;
#2547 = EDGE_LOOP ( 'NONE', ( #6235, #4232, #337, #603 ) ) ;
#2549 = CARTESIAN_POINT ( 'NONE',  ( 0.6699999999999998179, 2.499999999999999112, 2.060000000000005382 ) ) ;
#2550 = CARTESIAN_POINT ( 'NONE',  ( 3.535000000000000142, -0.1898791645069245193, -3.750320303035187042 ) ) ;
#2551 = DIRECTION ( 'NONE',  ( 0.000000000000000000, 0.000000000000000000, -1.000000000000000000 ) ) ;
#2552 = DIRECTION ( 'NONE',  ( 0.000000000000000000, 0.000000000000000000, -1.000000000000000000 ) ) ;
#2553 = DIRECTION ( 'NONE',  ( 1.000000000000000000, 0.000000000000000000, 0.000000000000000000 ) ) ;
#2554 = EDGE_CURVE ( 'NONE', #2078, #8510, #539, .T. ) ;
#2555 = VECTOR ( 'NONE', #3072, 1000.000000000000000 ) ;
#2556 = ORIENTED_EDGE ( 'NONE', *, *, #2448, .T. ) ;
#2557 = SPHERICAL_SURFACE ( 'NONE', #50, 0.1000000000000000056 ) ;
#2558 = CARTESIAN_POINT ( 'NONE',  ( -3.310000000000000497, 2.780000000000000249, -6.418476861114183291E-16 ) ) ;
#2559 = ORIENTED_EDGE ( 'NONE', *, *, #2048, .F. ) ;
#2560 =( NAMED_UNIT ( * ) SI_UNIT ( $, .STERADIAN. ) SOLID_ANGLE_UNIT ( ) );
#2561 = DIRECTION ( 'NONE',  ( -1.000000000000000000, -0.000000000000000000, 0.000000000000000000 ) ) ;
#2562 = ORIENTED_EDGE ( 'NONE', *, *, #2323, .T. ) ;
#2563 = EDGE_CURVE ( 'NONE', #6534, #8801, #6337, .T. ) ;
#2564 =( NAMED_UNIT ( * ) PLANE_ANGLE_UNIT ( ) SI_UNIT ( $, .RADIAN. ) );
#2565 = DIRECTION ( 'NONE',  ( -0.000000000000000000, 0.7071067811865404673, -0.7071067811865545671 ) ) ;
#2566 = ORIENTED_EDGE ( 'NONE', *, *, #8156, .F. ) ;
#2567 = FILL_AREA_STYLE ('',( #7726 ) ) ;
#2568 = LINE ( 'NONE', #52, #5627 ) ;
#2569 = CARTESIAN_POINT ( 'NONE',  ( -0.9950000000000002176, -1.150000000000000355, 3.798968757172755062 ) ) ;
#2570 = CARTESIAN_POINT ( 'NONE',  ( -1.870000000000000107, 2.249999999999999556, -1.810000000000000275 ) ) ;
#2571 = CIRCLE ( 'NONE', #523, 0.1000000000000000056 ) ;
#2572 = FILL_AREA_STYLE ('',( #8893 ) ) ;
#2573 = DIRECTION ( 'NONE',  ( 0.000000000000000000, 0.000000000000000000, -1.000000000000000000 ) ) ;
#2574 = LINE ( 'NONE', #7368, #8854 ) ;
#2575 = AXIS2_PLACEMENT_3D ( 'NONE', #5044, #5672, #6190 ) ;
#2576 = PRESENTATION_LAYER_ASSIGNMENT (  '', '', ( #5191 ) ) ;
#2577 = VERTEX_POINT ( 'NONE', #7772 ) ;
#2578 = ADVANCED_FACE ( 'NONE', ( #6350 ), #657, .T. ) ;
#2579 = CARTESIAN_POINT ( 'NONE',  ( -2.020000000000000018, -1.150000000000000133, -3.350000000000000533 ) ) ;
#2580 = EDGE_CURVE ( 'NONE', #5738, #1994, #6852, .T. ) ;
#2581 = CARTESIAN_POINT ( 'NONE',  ( 1.544999999999999929, -1.700000000000000400, -4.954999999999999183 ) ) ;
#2582 = DIRECTION ( 'NONE',  ( 0.000000000000000000, 0.000000000000000000, -1.000000000000000000 ) ) ;
#2583 = VECTOR ( 'NONE', #1642, 1000.000000000000000 ) ;
#2584 = ORIENTED_EDGE ( 'NONE', *, *, #8880, .T. ) ;
#2585 = AXIS2_PLACEMENT_3D ( 'NONE', #2493, #6668, #177 ) ;
#2586 = DIRECTION ( 'NONE',  ( 0.000000000000000000, -0.000000000000000000, 1.000000000000000000 ) ) ;
#2587 = ORIENTED_EDGE ( 'NONE', *, *, #3931, .F. ) ;
#2588 = CARTESIAN_POINT ( 'NONE',  ( 0.6699999999999998179, 2.249999999999999112, 0.6999999999999992895 ) ) ;
#2589 = CARTESIAN_POINT ( 'NONE',  ( -2.228641305234415859E-16, -1.350000000000000089, -2.988268590217982190 ) ) ;
#2590 = CARTESIAN_POINT ( 'NONE',  ( 5.815000000000000391, 0.000000000000000000, 3.349999999999999645 ) ) ;
#2591 = PLANE ( 'NONE',  #1035 ) ;
#2592 = AXIS2_PLACEMENT_3D ( 'NONE', #2252, #2303, #4333 ) ;
#2593 = DIRECTION ( 'NONE',  ( 0.000000000000000000, 0.000000000000000000, 1.000000000000000000 ) ) ;
#2594 = CYLINDRICAL_SURFACE ( 'NONE', #295, 0.4500000000000002887 ) ;
#2595 =( NAMED_UNIT ( * ) SI_UNIT ( $, .STERADIAN. ) SOLID_ANGLE_UNIT ( ) );
#2596 = EDGE_CURVE ( 'NONE', #2949, #2411, #692, .T. ) ;
#2597 = LINE ( 'NONE', #108, #8827 ) ;
#2598 = DIRECTION ( 'NONE',  ( -1.000000000000000000, -0.000000000000000000, -0.000000000000000000 ) ) ;
#2599 = EDGE_CURVE ( 'NONE', #4358, #2383, #3776, .T. ) ;
#2600 =( GEOMETRIC_REPRESENTATION_CONTEXT ( 3 ) GLOBAL_UNCERTAINTY_ASSIGNED_CONTEXT ( ( #934 ) ) GLOBAL_UNIT_ASSIGNED_CONTEXT ( ( #7242, #5670, #9085 ) ) REPRESENTATION_CONTEXT ( 'NONE', 'WORKASPACE' ) );
#2601 = ORIENTED_EDGE ( 'NONE', *, *, #4909, .T. ) ;
#2602 = EDGE_LOOP ( 'NONE', ( #1205, #815, #870, #3964, #6943, #3945, #3705, #7301 ) ) ;
#2603 = CARTESIAN_POINT ( 'NONE',  ( -5.815000000000000391, 2.500000000000000000, 3.350000000000000977 ) ) ;
#2604 = FILL_AREA_STYLE ('',( #4749 ) ) ;
#2605 = DIRECTION ( 'NONE',  ( 0.000000000000000000, 0.9987187878592515000, -0.05060417746537709816 ) ) ;
#2606 = DIRECTION ( 'NONE',  ( 1.000000000000000000, 0.000000000000000000, -0.000000000000000000 ) ) ;
#2607 = CARTESIAN_POINT ( 'NONE',  ( -0.5200000000000004619, 0.000000000000000000, -3.349999999999997424 ) ) ;
#2608 = VECTOR ( 'NONE', #1801, 1000.000000000000000 ) ;
#2609 = ORIENTED_EDGE ( 'NONE', *, *, #2146, .T. ) ;
#2610 = EDGE_CURVE ( 'NONE', #2821, #8468, #709, .T. ) ;
#2611 = DIRECTION ( 'NONE',  ( 0.000000000000000000, 0.000000000000000000, -1.000000000000000000 ) ) ;
#2612 = VERTEX_POINT ( 'NONE', #4925 ) ;
#2613 = FILL_AREA_STYLE_COLOUR ( '', #1262 ) ;
#2614 = VERTEX_POINT ( 'NONE', #9039 ) ;
#2615 = EDGE_CURVE ( 'NONE', #6776, #7713, #6836, .T. ) ;
#2616 = AXIS2_PLACEMENT_3D ( 'NONE', #1092, #1842, #2527 ) ;
#2617 = DIRECTION ( 'NONE',  ( 1.000000000000000000, 0.000000000000000000, 0.000000000000000000 ) ) ;
#2618 = VERTEX_POINT ( 'NONE', #5065 ) ;
#2619 = DIRECTION ( 'NONE',  ( -1.000000000000000000, -4.565061778886337988E-16, -2.313075504410495651E-17 ) ) ;
#2620 = ADVANCED_FACE ( 'NONE', ( #3824 ), #6944, .F. ) ;
#2621 = AXIS2_PLACEMENT_3D ( 'NONE', #4904, #1924, #5394 ) ;
#2622 = DIRECTION ( 'NONE',  ( 0.000000000000000000, -1.000000000000000000, -2.891205793294678326E-16 ) ) ;
#2623 = CARTESIAN_POINT ( 'NONE',  ( -1.870000000000000107, 0.000000000000000000, 0.000000000000000000 ) ) ;
#2624 = CARTESIAN_POINT ( 'NONE',  ( -1.545000000000000373, -1.700000000000000178, -3.350000000000000533 ) ) ;
#2625 = ORIENTED_EDGE ( 'NONE', *, *, #8643, .F. ) ;
#2626 = DIRECTION ( 'NONE',  ( -1.000000000000000000, -0.000000000000000000, 0.000000000000000000 ) ) ;
#2627 = SURFACE_SIDE_STYLE ('',( #1440 ) ) ;
#2628 = EDGE_CURVE ( 'NONE', #3248, #1883, #611, .T. ) ;
#2629 = ADVANCED_FACE ( 'NONE', ( #6889 ), #6206, .F. ) ;
#2630 = ORIENTED_EDGE ( 'NONE', *, *, #8443, .F. ) ;
#2631 = ORIENTED_EDGE ( 'NONE', *, *, #3638, .T. ) ;
#2632 = ORIENTED_EDGE ( 'NONE', *, *, #5698, .T. ) ;
#2633 = CARTESIAN_POINT ( 'NONE',  ( 4.559999999999999609, -1.150000000000000133, 3.798968757172755062 ) ) ;
#2634 = CARTESIAN_POINT ( 'NONE',  ( -4.559999999999999609, -1.150000000000000133, 3.350000000000000533 ) ) ;
#2635 = LINE ( 'NONE', #5551, #5861 ) ;
#2636 = PRESENTATION_LAYER_ASSIGNMENT (  '', '', ( #3292 ) ) ;
#2637 = DIRECTION ( 'NONE',  ( 1.000000000000000000, -0.000000000000000000, -0.000000000000000000 ) ) ;
#2638 = CIRCLE ( 'NONE', #5664, 0.1000000000000000472 ) ;
#2639 = EDGE_CURVE ( 'NONE', #6705, #8075, #727, .T. ) ;
#2640 = CARTESIAN_POINT ( 'NONE',  ( 3.310000000000000053, 4.649244398944980539, 1.154297719170181592E-16 ) ) ;
#2641 = EDGE_LOOP ( 'NONE', ( #1078, #7987, #2204, #2701, #3336, #8762, #6223, #878 ) ) ;
#2642 = UNCERTAINTY_MEASURE_WITH_UNIT (LENGTH_MEASURE( 1.000000000000000082E-05 ), #7511, 'distance_accuracy_value', 'NONE');
#2643 = CARTESIAN_POINT ( 'NONE',  ( 5.711446609406725550, 2.500000000000000444, -2.453553390593272709 ) ) ;
#2644 = CARTESIAN_POINT ( 'NONE',  ( -1.870000000000000107, 2.249999999999999112, 0.6999999999999992895 ) ) ;
#2645 = ADVANCED_FACE ( 'NONE', ( #3839 ), #7827, .F. ) ;
#2646 = ORIENTED_EDGE ( 'NONE', *, *, #5225, .F. ) ;
#2647 = VECTOR ( 'NONE', #3594, 1000.000000000000114 ) ;
#2648 = FILL_AREA_STYLE ('',( #3531 ) ) ;
#2649 = LINE ( 'NONE', #8508, #2583 ) ;
#2650 = EDGE_CURVE ( 'NONE', #553, #1197, #6784, .T. ) ;
#2651 =( NAMED_UNIT ( * ) SI_UNIT ( $, .STERADIAN. ) SOLID_ANGLE_UNIT ( ) );
#2652 = EDGE_LOOP ( 'NONE', ( #5424, #827, #5747, #2840 ) ) ;
#2653 = EDGE_LOOP ( 'NONE', ( #2706, #2796, #8780, #2954, #3, #2859, #3285, #9117 ) ) ;
#2654 = EDGE_CURVE ( 'NONE', #8351, #1132, #4590, .T. ) ;
#2655 = CARTESIAN_POINT ( 'NONE',  ( 2.019999999999999574, -0.1898791645069245193, 3.750320303035187042 ) ) ;
#2656 = AXIS2_PLACEMENT_3D ( 'NONE', #6221, #6094, #298 ) ;
#2657 = DIRECTION ( 'NONE',  ( 0.000000000000000000, 0.9987187878592513890, 0.05060417746537783368 ) ) ;
#2658 = DIRECTION ( 'NONE',  ( -2.168404344971009854E-16, 2.891205793294678326E-16, -1.000000000000000000 ) ) ;
#2659 = ORIENTED_EDGE ( 'NONE', *, *, #954, .T. ) ;
#2660 =( NAMED_UNIT ( * ) SI_UNIT ( $, .STERADIAN. ) SOLID_ANGLE_UNIT ( ) );
#2661 = VECTOR ( 'NONE', #3535, 1000.000000000000000 ) ;
#2662 = LINE ( 'NONE', #8555, #5704 ) ;
#2663 = AXIS2_PLACEMENT_3D ( 'NONE', #3635, #2152, #1605 ) ;
#2664 = VERTEX_POINT ( 'NONE', #7133 ) ;
#2665 = SURFACE_STYLE_USAGE ( .BOTH. , #9055 ) ;
#2666 = ORIENTED_EDGE ( 'NONE', *, *, #8432, .T. ) ;
#2667 = CARTESIAN_POINT ( 'NONE',  ( -3.060000000000000053, 0.2500000000000000000, 3.349999999999997424 ) ) ;
#2668 = ORIENTED_EDGE ( 'NONE', *, *, #4857, .F. ) ;
#2669 = EDGE_CURVE ( 'NONE', #1002, #6500, #3026, .T. ) ;
#2670 = PLANE ( 'NONE',  #6647 ) ;
#2671 = ORIENTED_EDGE ( 'NONE', *, *, #5974, .T. ) ;
#2672 = MECHANICAL_DESIGN_GEOMETRIC_PRESENTATION_REPRESENTATION (  '', ( #7374 ), #4407 ) ;
#2673 = DIRECTION ( 'NONE',  ( -0.000000000000000000, 1.000000000000000000, -0.000000000000000000 ) ) ;
#2674 =( NAMED_UNIT ( * ) SI_UNIT ( $, .STERADIAN. ) SOLID_ANGLE_UNIT ( ) );
#2675 = FACE_OUTER_BOUND ( 'NONE', #7073, .T. ) ;
#2676 = ORIENTED_EDGE ( 'NONE', *, *, #3855, .F. ) ;
#2677 = CARTESIAN_POINT ( 'NONE',  ( -0.5200000000000004619, -1.150000000000000133, -3.798968757172755062 ) ) ;
#2678 =( NAMED_UNIT ( * ) PLANE_ANGLE_UNIT ( ) SI_UNIT ( $, .RADIAN. ) );
#2679 = COLOUR_RGB ( '',1.000000000000000000, 1.000000000000000000, 0.5019607843137254832 ) ;
#2680 = EDGE_CURVE ( 'NONE', #7756, #2122, #3233, .T. ) ;
#2681 = ORIENTED_EDGE ( 'NONE', *, *, #1907, .T. ) ;
#2682 = FACE_OUTER_BOUND ( 'NONE', #8820, .T. ) ;
#2683 = CARTESIAN_POINT ( 'NONE',  ( 2.020000000000000462, -1.150000000000000133, -4.049289471110532723 ) ) ;
#2684 = ADVANCED_FACE ( 'NONE', ( #9175 ), #6289, .T. ) ;
#2685 = CARTESIAN_POINT ( 'NONE',  ( -1.545000000000000373, -1.150000000000000355, -3.350000000000000533 ) ) ;
#2686 = ORIENTED_EDGE ( 'NONE', *, *, #4962, .T. ) ;
#2687 = ORIENTED_EDGE ( 'NONE', *, *, #7059, .F. ) ;
#2688 = STYLED_ITEM ( 'NONE', ( #6038 ), #2786 ) ;
#2689 = FACE_OUTER_BOUND ( 'NONE', #1484, .T. ) ;
#2690 = DIRECTION ( 'NONE',  ( -0.000000000000000000, -1.000000000000000000, -0.000000000000000000 ) ) ;
#2691 = ADVANCED_FACE ( 'NONE', ( #2966 ), #87, .F. ) ;
#2692 = CARTESIAN_POINT ( 'NONE',  ( 0.6699999999999998179, 0.000000000000000000, 0.000000000000000000 ) ) ;
#2693 = ORIENTED_EDGE ( 'NONE', *, *, #175, .F. ) ;
#2694 = CARTESIAN_POINT ( 'NONE',  ( 4.084999999999999964, -1.700000000000000400, -4.954999999999999183 ) ) ;
#2695 = EDGE_LOOP ( 'NONE', ( #8021, #6279, #4000, #3852 ) ) ;
#2696 = DIRECTION ( 'NONE',  ( 0.000000000000000000, 0.000000000000000000, 1.000000000000000000 ) ) ;
#2697 = DIRECTION ( 'NONE',  ( -1.000000000000000000, -0.000000000000000000, -0.000000000000000000 ) ) ;
#2698 = CARTESIAN_POINT ( 'NONE',  ( 2.019999999999999574, -1.450000000000000178, 4.954999999999999183 ) ) ;
#2699 = VERTEX_POINT ( 'NONE', #1701 ) ;
#2700 = EDGE_CURVE ( 'NONE', #4654, #7654, #9023, .T. ) ;
#2701 = ORIENTED_EDGE ( 'NONE', *, *, #493, .T. ) ;
#2702 = AXIS2_PLACEMENT_3D ( 'NONE', #6437, #7327, #1637 ) ;
#2703 = CIRCLE ( 'NONE', #6351, 0.1999999999999996503 ) ;
#2704 = CARTESIAN_POINT ( 'NONE',  ( -2.020000000000000018, -0.1772281201405800644, 4.000000000000000000 ) ) ;
#2705 = EDGE_LOOP ( 'NONE', ( #2713, #7207, #6033, #4150 ) ) ;
#2706 = ORIENTED_EDGE ( 'NONE', *, *, #9130, .F. ) ;
#2707 = DIRECTION ( 'NONE',  ( 0.000000000000000000, -0.05060417746537709816, -0.9987187878592515000 ) ) ;
#2708 = VERTEX_POINT ( 'NONE', #7268 ) ;
#2709 = ADVANCED_FACE ( 'NONE', ( #5987 ), #309, .F. ) ;
#2710 = CARTESIAN_POINT ( 'NONE',  ( -5.309999999999999609, 2.500000000000000000, 2.300000000000000711 ) ) ;
#2711 = CARTESIAN_POINT ( 'NONE',  ( 5.815000000000000391, 0.000000000000000000, -3.349999999999999201 ) ) ;
#2712 = CARTESIAN_POINT ( 'NONE',  ( 3.310000000000000053, 2.780000000000000249, 0.09999999999999951983 ) ) ;
#2713 = ORIENTED_EDGE ( 'NONE', *, *, #8923, .F. ) ;
#2714 = CARTESIAN_POINT ( 'NONE',  ( 0.6700000000000000400, 4.649244398944980539, 0.1000000000000000611 ) ) ;
#2715 = DIRECTION ( 'NONE',  ( -1.000000000000000000, -0.000000000000000000, 0.000000000000000000 ) ) ;
#2716 = AXIS2_PLACEMENT_3D ( 'NONE', #22, #6955, #2202 ) ;
#2717 = EDGE_LOOP ( 'NONE', ( #467, #4998, #6799, #3505 ) ) ;
#2718 = SURFACE_STYLE_FILL_AREA ( #8533 ) ;
#2719 = EDGE_CURVE ( 'NONE', #4617, #3036, #9087, .T. ) ;
#2720 = VERTEX_POINT ( 'NONE', #8663 ) ;
#2721 = MECHANICAL_DESIGN_GEOMETRIC_PRESENTATION_REPRESENTATION (  '', ( #3720 ), #19 ) ;
#2722 = EDGE_LOOP ( 'NONE', ( #8216, #6834, #4282, #3534, #580, #3887, #880, #6536 ) ) ;
#2723 = CARTESIAN_POINT ( 'NONE',  ( 2.019999999999998685, -1.150000000000000799, 4.049289471110532723 ) ) ;
#2724 = VERTEX_POINT ( 'NONE', #137 ) ;
#2725 = FILL_AREA_STYLE_COLOUR ( '', #8506 ) ;
#2726 = EDGE_CURVE ( 'NONE', #772, #1905, #20, .T. ) ;
#2727 = DIRECTION ( 'NONE',  ( -0.000000000000000000, -0.9987187878592515000, 0.05060417746537709816 ) ) ;
#2728 = DIRECTION ( 'NONE',  ( 0.000000000000000000, 1.000000000000000000, 2.891205793294678326E-16 ) ) ;
#2729 = LINE ( 'NONE', #5, #2647 ) ;
#2730 = SURFACE_SIDE_STYLE ('',( #6709 ) ) ;
#2731 = CARTESIAN_POINT ( 'NONE',  ( -4.084999999999999964, -0.1898791645069245193, -3.750320303035187042 ) ) ;
#2732 = ORIENTED_EDGE ( 'NONE', *, *, #7582, .T. ) ;
#2733 = CARTESIAN_POINT ( 'NONE',  ( -0.6700000000000003730, 2.249999999999999556, -1.810000000000000275 ) ) ;
#2734 = AXIS2_PLACEMENT_3D ( 'NONE', #2487, #3119, #6659 ) ;
#2735 = VERTEX_POINT ( 'NONE', #944 ) ;
#2736 = ADVANCED_FACE ( 'NONE', ( #37 ), #8723, .F. ) ;
#2737 = VERTEX_POINT ( 'NONE', #1077 ) ;
#2738 = CARTESIAN_POINT ( 'NONE',  ( -0.5199999999999995737, -1.150000000000000133, -3.798968757172755062 ) ) ;
#2739 = DIRECTION ( 'NONE',  ( 0.000000000000000000, -1.000000000000000000, 0.000000000000000000 ) ) ;
#2741 = ORIENTED_EDGE ( 'NONE', *, *, #1248, .T. ) ;
#2740 = CARTESIAN_POINT ( 'NONE',  ( -4.709999999999999964, 2.400000000000000355, 1.800000000000000711 ) ) ;
#2742 = EDGE_CURVE ( 'NONE', #8908, #2724, #2947, .T. ) ;
#2743 = PRESENTATION_LAYER_ASSIGNMENT (  '', '', ( #5941 ) ) ;
#2744 = UNCERTAINTY_MEASURE_WITH_UNIT (LENGTH_MEASURE( 1.000000000000000082E-05 ), #5837, 'distance_accuracy_value', 'NONE');
#2745 = CARTESIAN_POINT ( 'NONE',  ( 4.084999999999999964, -1.700000000000000400, -3.350000000000000533 ) ) ;
#2746 = DIRECTION ( 'NONE',  ( -0.000000000000000000, 0.000000000000000000, 1.000000000000000000 ) ) ;
#2747 = CARTESIAN_POINT ( 'NONE',  ( 5.065000000000000391, 2.500000000000000000, -3.099999999999999645 ) ) ;
#2748 = EDGE_LOOP ( 'NONE', ( #5323, #8786, #5959, #9216 ) ) ;
#2749 = PLANE ( 'NONE',  #2193 ) ;
#2750 = CARTESIAN_POINT ( 'NONE',  ( 4.559999999999999609, 0.000000000000000000, 3.349999999999997424 ) ) ;
#2751 = VERTEX_POINT ( 'NONE', #8773 ) ;
#2752 = EDGE_CURVE ( 'NONE', #4401, #5653, #6087, .T. ) ;
#2753 = ORIENTED_EDGE ( 'NONE', *, *, #8186, .T. ) ;
#2754 = LINE ( 'NONE', #187, #2555 ) ;
#2755 = DIRECTION ( 'NONE',  ( 0.000000000000000000, 0.000000000000000000, -1.000000000000000000 ) ) ;
#2756 = EDGE_CURVE ( 'NONE', #2973, #7536, #5968, .T. ) ;
#2757 = AXIS2_PLACEMENT_3D ( 'NONE', #1778, #8091, #2324 ) ;
#2758 =( NAMED_UNIT ( * ) SI_UNIT ( $, .STERADIAN. ) SOLID_ANGLE_UNIT ( ) );
#2759 = EDGE_LOOP ( 'NONE', ( #5269, #7161, #3631, #2784, #5871, #1301, #9053, #2855 ) ) ;
#2760 = VERTEX_POINT ( 'NONE', #1647 ) ;
#2761 = VERTEX_POINT ( 'NONE', #2570 ) ;
#2762 =( NAMED_UNIT ( * ) PLANE_ANGLE_UNIT ( ) SI_UNIT ( $, .RADIAN. ) );
#2763 = ORIENTED_EDGE ( 'NONE', *, *, #1921, .F. ) ;
#2764 = DIRECTION ( 'NONE',  ( 0.000000000000000000, 0.000000000000000000, 1.000000000000000000 ) ) ;
#2765 = SURFACE_SIDE_STYLE ('',( #318 ) ) ;
#2766 = DIRECTION ( 'NONE',  ( 0.000000000000000000, 0.000000000000000000, -1.000000000000000000 ) ) ;
#2767 = MECHANICAL_DESIGN_GEOMETRIC_PRESENTATION_REPRESENTATION (  '', ( #2785 ), #8761 ) ;
#2768 = CARTESIAN_POINT ( 'NONE',  ( -4.559999999999999609, -0.1772281201405800644, 4.000000000000000000 ) ) ;
#2769 = ORIENTED_EDGE ( 'NONE', *, *, #2004, .F. ) ;
#2770 = DIRECTION ( 'NONE',  ( 0.000000000000000000, 0.000000000000000000, 1.000000000000000000 ) ) ;
#2771 = SURFACE_SIDE_STYLE ('',( #4758 ) ) ;
#2772 = VECTOR ( 'NONE', #2230, 1000.000000000000000 ) ;
#2773 = ORIENTED_EDGE ( 'NONE', *, *, #2017, .F. ) ;
#2774 = EDGE_CURVE ( 'NONE', #8995, #1279, #6020, .T. ) ;
#2775 = AXIS2_PLACEMENT_3D ( 'NONE', #1628, #4567, #4315 ) ;
#2776 = CARTESIAN_POINT ( 'NONE',  ( 4.559999999999998721, -1.150000000000000799, 4.049289471110532723 ) ) ;
#2777 = ORIENTED_EDGE ( 'NONE', *, *, #7380, .F. ) ;
#2778 = DIRECTION ( 'NONE',  ( -0.000000000000000000, -1.000000000000000000, -2.891205793294678326E-16 ) ) ;
#2779 = DIRECTION ( 'NONE',  ( 0.000000000000000000, 0.000000000000000000, -1.000000000000000000 ) ) ;
#2780 = VERTEX_POINT ( 'NONE', #1007 ) ;
#2781 = ADVANCED_FACE ( 'NONE', ( #2978 ), #2462, .F. ) ;
#2782 = SURFACE_SIDE_STYLE ('',( #2877 ) ) ;
#2783 = CARTESIAN_POINT ( 'NONE',  ( 3.310000000000000053, 4.649244398944980539, 0.5999999999999999778 ) ) ;
#2784 = ORIENTED_EDGE ( 'NONE', *, *, #2292, .T. ) ;
#2785 = STYLED_ITEM ( 'NONE', ( #3627 ), #68 ) ;
#2786 = MANIFOLD_SOLID_BREP ( 'LPattern1[8]', #1979 ) ;
#2787 = CARTESIAN_POINT ( 'NONE',  ( 4.410000000000000142, 4.649244398944980539, 0.5999999999999998668 ) ) ;
#2788 = LINE ( 'NONE', #7387, #8954 ) ;
#2789 = SURFACE_STYLE_USAGE ( .BOTH. , #7029 ) ;
#2790 = DIRECTION ( 'NONE',  ( -0.000000000000000000, -0.000000000000000000, -1.000000000000000000 ) ) ;
#2791 = DIRECTION ( 'NONE',  ( 0.000000000000000000, -1.000000000000000000, 0.000000000000000000 ) ) ;
#2792 = DIRECTION ( 'NONE',  ( -1.000000000000000000, 0.000000000000000000, 2.168404344971009854E-16 ) ) ;
#2793 = LINE ( 'NONE', #3512, #8799 ) ;
#2794 = AXIS2_PLACEMENT_3D ( 'NONE', #3188, #3923, #6727 ) ;
#2795 = ORIENTED_EDGE ( 'NONE', *, *, #1139, .T. ) ;
#2796 = ORIENTED_EDGE ( 'NONE', *, *, #3638, .F. ) ;
#2797 = EDGE_LOOP ( 'NONE', ( #3453, #6268, #7439, #8853, #3244, #8812, #3097, #2849 ) ) ;
#2798 = AXIS2_PLACEMENT_3D ( 'NONE', #3774, #2387, #1784 ) ;
#2799 = DIRECTION ( 'NONE',  ( 0.000000000000000000, -0.000000000000000000, 1.000000000000000000 ) ) ;
#2800 = VECTOR ( 'NONE', #2314, 1000.000000000000000 ) ;
#2801 = FILL_AREA_STYLE ('',( #1373 ) ) ;
#2803 = VERTEX_POINT ( 'NONE', #1901 ) ;
#2802 = DIRECTION ( 'NONE',  ( -1.000000000000000000, 4.565061778886337002E-16, 0.000000000000000000 ) ) ;
#2804 = LINE ( 'NONE', #5790, #2843 ) ;
#2805 = ORIENTED_EDGE ( 'NONE', *, *, #6035, .T. ) ;
#2806 = DIRECTION ( 'NONE',  ( 0.000000000000000000, -1.000000000000000000, 0.000000000000000000 ) ) ;
#2807 = CARTESIAN_POINT ( 'NONE',  ( 5.815000000000000391, 0.000000000000000000, 3.349999999999999645 ) ) ;
#2808 = PRODUCT ( '219-4MST_219-4MST', '219-4MST_219-4MST', '', ( #5931 ) ) ;
#2809 = DIRECTION ( 'NONE',  ( 0.000000000000000000, 0.000000000000000000, -1.000000000000000000 ) ) ;
#2810 = ORIENTED_EDGE ( 'NONE', *, *, #1254, .F. ) ;
#2811 = ADVANCED_FACE ( 'NONE', ( #9107 ), #3746, .F. ) ;
#2812 = PLANE ( 'NONE',  #3436 ) ;
#2813 = EDGE_CURVE ( 'NONE', #7170, #5679, #6004, .T. ) ;
#2814 = PRESENTATION_LAYER_ASSIGNMENT (  '', '', ( #5005 ) ) ;
#2815 =( NAMED_UNIT ( * ) SI_UNIT ( $, .STERADIAN. ) SOLID_ANGLE_UNIT ( ) );
#2816 = VECTOR ( 'NONE', #25, 1000.000000000000000 ) ;
#2817 = DIRECTION ( 'NONE',  ( 1.000000000000000000, -0.000000000000000000, -0.000000000000000000 ) ) ;
#2818 = VERTEX_POINT ( 'NONE', #2327 ) ;
#2819 = LINE ( 'NONE', #6737, #6015 ) ;
#2820 = EDGE_CURVE ( 'NONE', #3716, #3172, #6211, .T. ) ;
#2821 = VERTEX_POINT ( 'NONE', #4946 ) ;
#2822 =( NAMED_UNIT ( * ) SI_UNIT ( $, .STERADIAN. ) SOLID_ANGLE_UNIT ( ) );
#2823 = CARTESIAN_POINT ( 'NONE',  ( 1.544999999999999929, -1.700000000000000400, -3.350000000000000533 ) ) ;
#2824 = FACE_OUTER_BOUND ( 'NONE', #800, .T. ) ;
#2825 = CARTESIAN_POINT ( 'NONE',  ( -0.5200000000000004619, -0.1772281201405800644, 4.000000000000000000 ) ) ;
#2826 = EDGE_CURVE ( 'NONE', #1018, #6897, #3105, .T. ) ;
#2827 = ORIENTED_EDGE ( 'NONE', *, *, #882, .T. ) ;
#2828 = EDGE_CURVE ( 'NONE', #598, #4420, #6128, .T. ) ;
#2829 = VERTEX_POINT ( 'NONE', #6466 ) ;
#2830 = DIRECTION ( 'NONE',  ( 1.000000000000000000, 4.565061778886337988E-16, 2.313075504410461447E-17 ) ) ;
#2831 = VECTOR ( 'NONE', #3565, 1000.000000000000000 ) ;
#2832 = VERTEX_POINT ( 'NONE', #6164 ) ;
#2833 = STYLED_ITEM ( 'NONE', ( #400 ), #5778 ) ;
#2834 = DIRECTION ( 'NONE',  ( -0.000000000000000000, -1.000000000000000000, -0.000000000000000000 ) ) ;
#2835 =( LENGTH_UNIT ( ) NAMED_UNIT ( * ) SI_UNIT ( .MILLI., .METRE. ) );
#2836 = FACE_OUTER_BOUND ( 'NONE', #3538, .T. ) ;
#2837 = CARTESIAN_POINT ( 'NONE',  ( -0.5200000000000004619, -0.2000000000000000111, 3.550576545463337119 ) ) ;
#2838 = ADVANCED_FACE ( 'NONE', ( #3090 ), #6143, .T. ) ;
#2839 = DIRECTION ( 'NONE',  ( 0.000000000000000000, 1.000000000000000000, 0.000000000000000000 ) ) ;
#2840 = ORIENTED_EDGE ( 'NONE', *, *, #6942, .T. ) ;
#2841 = DIRECTION ( 'NONE',  ( 0.000000000000000000, 0.000000000000000000, 1.000000000000000000 ) ) ;
#2842 = CARTESIAN_POINT ( 'NONE',  ( 2.019999999999999574, 0.000000000000000000, -3.349999999999997424 ) ) ;
#2843 = VECTOR ( 'NONE', #4314, 1000.000000000000000 ) ;
#2844 = AXIS2_PLACEMENT_3D ( 'NONE', #5606, #6426, #7175 ) ;
#2845 = EDGE_CURVE ( 'NONE', #4919, #6327, #6160, .T. ) ;
#2846 = ADVANCED_FACE ( 'NONE', ( #54 ), #6178, .T. ) ;
#2847 = DIRECTION ( 'NONE',  ( 0.000000000000000000, 0.000000000000000000, -1.000000000000000000 ) ) ;
#2848 = PLANE ( 'NONE',  #6982 ) ;
#2849 = ORIENTED_EDGE ( 'NONE', *, *, #2525, .T. ) ;
#2850 = VECTOR ( 'NONE', #5138, 1000.000000000000000 ) ;
#2851 = EDGE_LOOP ( 'NONE', ( #828, #1702, #5965 ) ) ;
#2852 = VECTOR ( 'NONE', #957, 1000.000000000000000 ) ;
#2853 = CARTESIAN_POINT ( 'NONE',  ( 1.869999999999999662, 2.499999999999999112, 2.060000000000005382 ) ) ;
#2854 = DIRECTION ( 'NONE',  ( 0.000000000000000000, 0.000000000000000000, -1.000000000000000000 ) ) ;
#2855 = ORIENTED_EDGE ( 'NONE', *, *, #6689, .T. ) ;
#2856 = PLANE ( 'NONE',  #5558 ) ;
#2857 = EDGE_CURVE ( 'NONE', #8194, #8089, #3173, .T. ) ;
#2858 = DIRECTION ( 'NONE',  ( 0.000000000000000000, 0.000000000000000000, 1.000000000000000000 ) ) ;
#2859 = ORIENTED_EDGE ( 'NONE', *, *, #8643, .T. ) ;
#2860 = EDGE_CURVE ( 'NONE', #2821, #8960, #70, .T. ) ;
#2861 = LINE ( 'NONE', #1774, #6011 ) ;
#2862 = VERTEX_POINT ( 'NONE', #3701 ) ;
#2863 = UNCERTAINTY_MEASURE_WITH_UNIT (LENGTH_MEASURE( 1.000000000000000082E-05 ), #392, 'distance_accuracy_value', 'NONE');
#2864 =( NAMED_UNIT ( * ) PLANE_ANGLE_UNIT ( ) SI_UNIT ( $, .RADIAN. ) );
#2865 = LINE ( 'NONE', #4776, #9049 ) ;
#2866 = CARTESIAN_POINT ( 'NONE',  ( -3.059999999999999165, -1.150000000000000133, 3.798968757172755062 ) ) ;
#2867 =( LENGTH_UNIT ( ) NAMED_UNIT ( * ) SI_UNIT ( .MILLI., .METRE. ) );
#2868 = LINE ( 'NONE', #4740, #3110 ) ;
#2869 = EDGE_CURVE ( 'NONE', #7760, #3978, #6244, .T. ) ;
#2870 = PLANE ( 'NONE',  #1779 ) ;
#2871 = SURFACE_STYLE_USAGE ( .BOTH. , #4376 ) ;
#2872 = DIRECTION ( 'NONE',  ( -0.000000000000000000, -0.9987187878592515000, 0.05060417746537709816 ) ) ;
#2873 = CARTESIAN_POINT ( 'NONE',  ( 0.7699999999999997957, 2.780000000000000249, 0.09999999999999958922 ) ) ;
#2874 = ORIENTED_EDGE ( 'NONE', *, *, #6135, .F. ) ;
#2875 = DIRECTION ( 'NONE',  ( 0.000000000000000000, 0.000000000000000000, -1.000000000000000000 ) ) ;
#2876 = PLANE ( 'NONE',  #2575 ) ;
#2877 = SURFACE_STYLE_FILL_AREA ( #2913 ) ;
#2878 = DIRECTION ( 'NONE',  ( 1.000000000000000000, 0.000000000000000000, -1.219727444046192981E-16 ) ) ;
#2879 = EDGE_LOOP ( 'NONE', ( #4142, #7087, #7155, #7880 ) ) ;
#2880 = AXIS2_PLACEMENT_3D ( 'NONE', #3619, #4268, #6332 ) ;
#2881 = VECTOR ( 'NONE', #8153, 1000.000000000000000 ) ;
#2882 = AXIS2_PLACEMENT_3D ( 'NONE', #6899, #4155, #4944 ) ;
#2883 = ORIENTED_EDGE ( 'NONE', *, *, #3780, .T. ) ;
#2884 = VECTOR ( 'NONE', #5897, 1000.000000000000000 ) ;
#2885 = DIRECTION ( 'NONE',  ( 0.000000000000000000, 0.000000000000000000, -1.000000000000000000 ) ) ;
#2886 = VERTEX_POINT ( 'NONE', #1221 ) ;
#2887 = VECTOR ( 'NONE', #223, 1000.000000000000114 ) ;
#2888 = AXIS2_PLACEMENT_3D ( 'NONE', #5909, #6627, #6895 ) ;
#2889 = EDGE_LOOP ( 'NONE', ( #7463, #4272, #1997, #7314 ) ) ;
#2890 = ADVANCED_FACE ( 'NONE', ( #3530 ), #7910, .F. ) ;
#2891 = CARTESIAN_POINT ( 'NONE',  ( -4.084999999999999964, -1.367711462112881859, -3.810000000000000053 ) ) ;
#2892 = COLOUR_RGB ( '',1.000000000000000000, 1.000000000000000000, 0.5019607843137254832 ) ;
#2893 = VERTEX_POINT ( 'NONE', #7223 ) ;
#2894 = FILL_AREA_STYLE ('',( #1645 ) ) ;
#2895 = CARTESIAN_POINT ( 'NONE',  ( -4.309999999999999609, 2.780000000000000249, 0.5999999999999994227 ) ) ;
#2896 = COLOUR_RGB ( '',0.7921568627450980005, 0.8196078431372548767, 0.9333333333333333481 ) ;
#2897 = DIRECTION ( 'NONE',  ( 0.000000000000000000, 0.000000000000000000, -1.000000000000000000 ) ) ;
#2898 = DIRECTION ( 'NONE',  ( 0.000000000000000000, 0.000000000000000000, 1.000000000000000000 ) ) ;
#2899 = AXIS2_PLACEMENT_3D ( 'NONE', #2209, #5881, #5708 ) ;
#2900 = CARTESIAN_POINT ( 'NONE',  ( -0.6700000000000004841, 4.649244398944980539, 0.5999999999999998668 ) ) ;
#2901 = FILL_AREA_STYLE_COLOUR ( '', #1587 ) ;
#2902 = VECTOR ( 'NONE', #1195, 1000.000000000000114 ) ;
#2903 = STYLED_ITEM ( 'NONE', ( #1445 ), #3591 ) ;
#2904 = FACE_OUTER_BOUND ( 'NONE', #9132, .T. ) ;
#2905 = CARTESIAN_POINT ( 'NONE',  ( 4.084999999999999964, -1.150000000000000355, 3.798968757172755062 ) ) ;
#2906 = ORIENTED_EDGE ( 'NONE', *, *, #708, .F. ) ;
#2907 = DIRECTION ( 'NONE',  ( 1.000000000000000000, -0.000000000000000000, 0.000000000000000000 ) ) ;
#2908 = ORIENTED_EDGE ( 'NONE', *, *, #3855, .T. ) ;
#2909 = CARTESIAN_POINT ( 'NONE',  ( 0.6700000000000000400, 4.649244398944980539, 0.5999999999999999778 ) ) ;
#2910 = VECTOR ( 'NONE', #2637, 1000.000000000000000 ) ;
#2911 = EDGE_LOOP ( 'NONE', ( #4526, #1215, #4130, #4449, #849, #1169, #7367, #1160 ) ) ;
#2912 = FACE_OUTER_BOUND ( 'NONE', #2332, .T. ) ;
#2913 = FILL_AREA_STYLE ('',( #1488 ) ) ;
#2914 = ORIENTED_EDGE ( 'NONE', *, *, #1588, .T. ) ;
#2915 = AXIS2_PLACEMENT_3D ( 'NONE', #4450, #997, #7188 ) ;
#2916 = FACE_OUTER_BOUND ( 'NONE', #819, .T. ) ;
#2917 = VECTOR ( 'NONE', #5752, 1000.000000000000000 ) ;
#2918 = FILL_AREA_STYLE_COLOUR ( '', #5576 ) ;
#2919 = CARTESIAN_POINT ( 'NONE',  ( -3.209999999999999964, 2.249999999999999556, -1.810000000000000275 ) ) ;
#2920 = DIRECTION ( 'NONE',  ( -1.000000000000000000, -0.000000000000000000, -0.000000000000000000 ) ) ;
#2921 = SURFACE_STYLE_FILL_AREA ( #6069 ) ;
#2922 = CARTESIAN_POINT ( 'NONE',  ( -0.7700000000000006839, 4.649244398944980539, -1.014106625800827399E-16 ) ) ;
#2923 = ADVANCED_FACE ( 'NONE', ( #6657 ), #5537, .F. ) ;
#2924 = ORIENTED_EDGE ( 'NONE', *, *, #1485, .F. ) ;
#2925 = ORIENTED_EDGE ( 'NONE', *, *, #6594, .T. ) ;
#2926 = VERTEX_POINT ( 'NONE', #7730 ) ;
#2927 = CARTESIAN_POINT ( 'NONE',  ( -0.5200000000000004619, 0.2500000000000000000, 3.349999999999997424 ) ) ;
#2928 = VECTOR ( 'NONE', #6706, 1000.000000000000000 ) ;
#2929 = DIRECTION ( 'NONE',  ( 0.000000000000000000, 0.9987187878592513890, 0.05060417746537783368 ) ) ;
#2930 = DIRECTION ( 'NONE',  ( -1.000000000000000000, -0.000000000000000000, -0.000000000000000000 ) ) ;
#2931 = VECTOR ( 'NONE', #7067, 1000.000000000000000 ) ;
#2932 = EDGE_CURVE ( 'NONE', #3939, #5945, #734, .T. ) ;
#2933 = ORIENTED_EDGE ( 'NONE', *, *, #7215, .F. ) ;
#2934 = COLOUR_RGB ( '',1.000000000000000000, 1.000000000000000000, 0.5019607843137254832 ) ;
#2935 = EDGE_CURVE ( 'NONE', #7798, #5251, #6576, .T. ) ;
#2936 = VERTEX_POINT ( 'NONE', #1361 ) ;
#2937 = CARTESIAN_POINT ( 'NONE',  ( -0.7700000000000006839, 2.780000000000000249, 0.5999999999999993117 ) ) ;
#2938 = AXIS2_PLACEMENT_3D ( 'NONE', #1032, #1781, #2056 ) ;
#2939 = DIRECTION ( 'NONE',  ( 0.000000000000000000, 0.000000000000000000, -1.000000000000000000 ) ) ;
#2940 = DIRECTION ( 'NONE',  ( 1.000000000000000000, 0.000000000000000000, 0.000000000000000000 ) ) ;
#2941 = CARTESIAN_POINT ( 'NONE',  ( -3.060000000000000053, -0.2000000000000000111, 3.550576545463337119 ) ) ;
#2942 = CLOSED_SHELL ( 'NONE', ( #4377, #7508, #8379, #4045, #1651, #1022, #6512, #8580, #7924, #3131, #3305, #1087, #5949, #3422, #2995, #6851, #6032, #7941 ) ) ;
#2943 = ADVANCED_FACE ( 'NONE', ( #6775 ), #2275, .F. ) ;
#2944 = EDGE_CURVE ( 'NONE', #2737, #993, #544, .T. ) ;
#2945 = VERTEX_POINT ( 'NONE', #8917 ) ;
#2946 = LINE ( 'NONE', #3542, #3089 ) ;
#2947 = LINE ( 'NONE', #7400, #9145 ) ;
#2948 =( NAMED_UNIT ( * ) PLANE_ANGLE_UNIT ( ) SI_UNIT ( $, .RADIAN. ) );
#2949 = VERTEX_POINT ( 'NONE', #5349 ) ;
#2950 = SURFACE_STYLE_FILL_AREA ( #2179 ) ;
#2951 = DIRECTION ( 'NONE',  ( 0.000000000000000000, -1.000000000000000000, 0.000000000000000000 ) ) ;
#2952 = AXIS2_PLACEMENT_3D ( 'NONE', #1021, #3971, #3692 ) ;
#2953 = EDGE_LOOP ( 'NONE', ( #699, #3393, #838, #3996, #7023, #3695, #478, #4935 ) ) ;
#2954 = ORIENTED_EDGE ( 'NONE', *, *, #6580, .F. ) ;
#2955 = DIRECTION ( 'NONE',  ( 0.000000000000000000, 0.000000000000000000, -1.000000000000000000 ) ) ;
#2956 = LINE ( 'NONE', #6054, #3035 ) ;
#2957 = ORIENTED_EDGE ( 'NONE', *, *, #1139, .F. ) ;
#2958 = AXIS2_PLACEMENT_3D ( 'NONE', #4885, #5657, #7733 ) ;
#2959 = DIRECTION ( 'NONE',  ( 0.000000000000000000, 0.000000000000000000, 1.000000000000000000 ) ) ;
#2960 = DIRECTION ( 'NONE',  ( -1.000000000000000000, 4.565061778886337988E-16, -2.313075504410495651E-17 ) ) ;
#2961 = DIRECTION ( 'NONE',  ( 0.000000000000000000, -0.9987187878592515000, 0.05060417746537710509 ) ) ;
#2962 = VERTEX_POINT ( 'NONE', #3913 ) ;
#2963 = DIRECTION ( 'NONE',  ( 0.000000000000000000, -0.9987187878592515000, 0.05060417746537710509 ) ) ;
#2964 = EDGE_CURVE ( 'NONE', #3085, #3017, #3783, .T. ) ;
#2965 = LINE ( 'NONE', #4686, #9052 ) ;
#2966 = FACE_OUTER_BOUND ( 'NONE', #128, .T. ) ;
#2967 = CARTESIAN_POINT ( 'NONE',  ( 4.309999999999999609, 2.780000000000000249, 0.09999999999999936717 ) ) ;
#2968 = AXIS2_PLACEMENT_3D ( 'NONE', #5835, #7970, #4428 ) ;
#2969 = VERTEX_POINT ( 'NONE', #8230 ) ;
#2970 = DIRECTION ( 'NONE',  ( -0.7071067811865472397, 0.000000000000000000, 0.7071067811865479058 ) ) ;
#2971 = ORIENTED_EDGE ( 'NONE', *, *, #8432, .F. ) ;
#2972 = ADVANCED_FACE ( 'NONE', ( #3587 ), #218, .F. ) ;
#2973 = VERTEX_POINT ( 'NONE', #1671 ) ;
#2974 = LINE ( 'NONE', #5284, #6031 ) ;
#2975 = CARTESIAN_POINT ( 'NONE',  ( 1.869999999999999662, 1.999999999999999112, 0.6999999999999998446 ) ) ;
#2976 = ORIENTED_EDGE ( 'NONE', *, *, #2654, .T. ) ;
#2977 = VECTOR ( 'NONE', #1467, 1000.000000000000000 ) ;
#2978 = FACE_OUTER_BOUND ( 'NONE', #140, .T. ) ;
#2979 = DIRECTION ( 'NONE',  ( -1.000000000000000000, 0.000000000000000000, 0.000000000000000000 ) ) ;
#2980 = EDGE_CURVE ( 'NONE', #1682, #8468, #630, .T. ) ;
#2981 = DIRECTION ( 'NONE',  ( 0.000000000000000000, 1.000000000000000000, 0.000000000000000000 ) ) ;
#2982 = CARTESIAN_POINT ( 'NONE',  ( -1.545000000000000373, -1.150000000000000355, 3.798968757172755062 ) ) ;
#2983 = ORIENTED_EDGE ( 'NONE', *, *, #3607, .F. ) ;
#2984 = VERTEX_POINT ( 'NONE', #7429 ) ;
#2985 = VERTEX_POINT ( 'NONE', #6522 ) ;
#2986 = SURFACE_SIDE_STYLE ('',( #2718 ) ) ;
#2987 = CARTESIAN_POINT ( 'NONE',  ( 0.6699999999999998179, 1.999999999999999112, -0.7000000000000001776 ) ) ;
#2988 = EDGE_CURVE ( 'NONE', #4670, #2945, #498, .T. ) ;
#2989 = ADVANCED_FACE ( 'NONE', ( #643 ), #7361, .F. ) ;
#2990 = SURFACE_STYLE_FILL_AREA ( #9181 ) ;
#2991 = FACE_OUTER_BOUND ( 'NONE', #125, .T. ) ;
#2992 = VECTOR ( 'NONE', #8947, 1000.000000000000000 ) ;
#2993 = EDGE_CURVE ( 'NONE', #3025, #2614, #449, .T. ) ;
#2994 = PLANE ( 'NONE',  #5724 ) ;
#2995 = ADVANCED_FACE ( 'NONE', ( #558 ), #1105, .F. ) ;
#2996 = ORIENTED_EDGE ( 'NONE', *, *, #4283, .F. ) ;
#2997 = CARTESIAN_POINT ( 'NONE',  ( 2.019999999999998685, -1.150000000000000799, -3.798968757172755062 ) ) ;
#2998 = CARTESIAN_POINT ( 'NONE',  ( -5.815000000000000391, 0.000000000000000000, -3.349999999999998312 ) ) ;
#2999 = ORIENTED_EDGE ( 'NONE', *, *, #1907, .F. ) ;
#3000 = CARTESIAN_POINT ( 'NONE',  ( 0.6699999999999998179, 2.499999999999999556, -2.060000000000005382 ) ) ;
#3001 = COLOUR_RGB ( '',1.000000000000000000, 1.000000000000000000, 0.5019607843137254832 ) ;
#3002 = DIRECTION ( 'NONE',  ( 0.000000000000000000, 0.000000000000000000, 1.000000000000000000 ) ) ;
#3003 = ORIENTED_EDGE ( 'NONE', *, *, #7665, .F. ) ;
#3004 =( GEOMETRIC_REPRESENTATION_CONTEXT ( 3 ) GLOBAL_UNCERTAINTY_ASSIGNED_CONTEXT ( ( #7584 ) ) GLOBAL_UNIT_ASSIGNED_CONTEXT ( ( #5064, #7939, #2189 ) ) REPRESENTATION_CONTEXT ( 'NONE', 'WORKASPACE' ) );
#3005 = LINE ( 'NONE', #5386, #9099 ) ;
#3006 = ORIENTED_EDGE ( 'NONE', *, *, #6071, .T. ) ;
#3007 = EDGE_CURVE ( 'NONE', #221, #430, #3551, .T. ) ;
#3008 = LINE ( 'NONE', #2454, #6175 ) ;
#3009 = LINE ( 'NONE', #5951, #2884 ) ;
#3010 = CARTESIAN_POINT ( 'NONE',  ( 4.559999999999999609, 0.2500000000000000000, 3.550576545463337119 ) ) ;
#3011 = CARTESIAN_POINT ( 'NONE',  ( -1.545000000000000373, -1.700000000000000178, 4.159551575750739083 ) ) ;
#3012 = DIRECTION ( 'NONE',  ( -1.000000000000000000, 0.000000000000000000, -0.000000000000000000 ) ) ;
#3013 = AXIS2_PLACEMENT_3D ( 'NONE', #2074, #7883, #4861 ) ;
#3014 = ORIENTED_EDGE ( 'NONE', *, *, #5155, .F. ) ;
#3015 = VERTEX_POINT ( 'NONE', #1858 ) ;
#3016 = DIRECTION ( 'NONE',  ( -1.000000000000000000, -0.000000000000000000, 0.000000000000000000 ) ) ;
#3017 = VERTEX_POINT ( 'NONE', #2540 ) ;
#3018 =( NAMED_UNIT ( * ) PLANE_ANGLE_UNIT ( ) SI_UNIT ( $, .RADIAN. ) );
#3019 = DIRECTION ( 'NONE',  ( 1.000000000000000000, -0.000000000000000000, -0.000000000000000000 ) ) ;
#3020 =( BOUNDED_CURVE ( )  B_SPLINE_CURVE ( 3, ( #6483, #7240, #7977, #850 ),
 .UNSPECIFIED., .F., .F. ) 
 B_SPLINE_CURVE_WITH_KNOTS ( ( 4, 4 ),
 ( 4.712388980384689674, 6.283185307179586232 ),
 .UNSPECIFIED. ) 
 CURVE ( )  GEOMETRIC_REPRESENTATION_ITEM ( )  RATIONAL_B_SPLINE_CURVE ( ( 1.000000000000000000, 0.8047378541243649375, 0.8047378541243649375, 1.000000000000000000 ) ) 
 REPRESENTATION_ITEM ( '' )  );
#3021 = ORIENTED_EDGE ( 'NONE', *, *, #4300, .F. ) ;
#3022 = DIRECTION ( 'NONE',  ( 0.000000000000000000, 0.000000000000000000, -1.000000000000000000 ) ) ;
#3023 = FILL_AREA_STYLE ('',( #5230 ) ) ;
#3024 = LINE ( 'NONE', #7132, #2977 ) ;
#3025 = VERTEX_POINT ( 'NONE', #3985 ) ;
#3026 = LINE ( 'NONE', #743, #6067 ) ;
#3027 = VERTEX_POINT ( 'NONE', #4737 ) ;
#3028 = PRESENTATION_STYLE_ASSIGNMENT (( #8292 ) ) ;
#3029 = DIRECTION ( 'NONE',  ( -0.000000000000000000, 1.000000000000000000, -0.000000000000000000 ) ) ;
#3030 = EDGE_LOOP ( 'NONE', ( #3969, #1518, #7060, #654, #8191, #3498, #3688, #3897 ) ) ;
#3031 = DIRECTION ( 'NONE',  ( 0.000000000000000000, 0.9987187878592515000, 0.05060417746537709816 ) ) ;
#3032 = EDGE_CURVE ( 'NONE', #2708, #7154, #3763, .T. ) ;
#3033 = AXIS2_PLACEMENT_3D ( 'NONE', #7079, #7714, #1349 ) ;
#3034 = CARTESIAN_POINT ( 'NONE',  ( 4.559999999999999609, -0.2000000000000000111, 3.550576545463337119 ) ) ;
#3035 = VECTOR ( 'NONE', #3902, 1000.000000000000000 ) ;
#3036 = VERTEX_POINT ( 'NONE', #7561 ) ;
#3037 = VECTOR ( 'NONE', #8957, 1000.000000000000000 ) ;
#3038 = MECHANICAL_DESIGN_GEOMETRIC_PRESENTATION_REPRESENTATION (  '', ( #7287 ), #926 ) ;
#3039 = LINE ( 'NONE', #8461, #2902 ) ;
#3040 = VECTOR ( 'NONE', #6667, 1000.000000000000114 ) ;
#3041 = APPLICATION_CONTEXT ( 'automotive_design' ) ;
#3042 = ORIENTED_EDGE ( 'NONE', *, *, #5334, .T. ) ;
#3043 = DIRECTION ( 'NONE',  ( 0.000000000000000000, 0.000000000000000000, -1.000000000000000000 ) ) ;
#3044 = PLANE ( 'NONE',  #8809 ) ;
#3045 = DIRECTION ( 'NONE',  ( -1.000000000000000000, -0.000000000000000000, 0.000000000000000000 ) ) ;
#3046 =( LENGTH_UNIT ( ) NAMED_UNIT ( * ) SI_UNIT ( .MILLI., .METRE. ) );
#3047 = DIRECTION ( 'NONE',  ( 1.000000000000000000, -0.000000000000000000, -0.000000000000000000 ) ) ;
#3048 = EDGE_LOOP ( 'NONE', ( #5403, #4975, #2049, #5062, #8487, #7177, #1937, #8307 ) ) ;
#3049 = ADVANCED_FACE ( 'NONE', ( #3751 ), #2591, .F. ) ;
#3050 = ORIENTED_EDGE ( 'NONE', *, *, #233, .T. ) ;
#3051 = EDGE_CURVE ( 'NONE', #1543, #1879, #516, .T. ) ;
#3052 =( GEOMETRIC_REPRESENTATION_CONTEXT ( 3 ) GLOBAL_UNCERTAINTY_ASSIGNED_CONTEXT ( ( #1314 ) ) GLOBAL_UNIT_ASSIGNED_CONTEXT ( ( #6007, #7501, #2595 ) ) REPRESENTATION_CONTEXT ( 'NONE', 'WORKASPACE' ) );
#3053 = CARTESIAN_POINT ( 'NONE',  ( -3.060000000000000053, -1.150000000000000133, 4.049289471110532723 ) ) ;
#3054 = LINE ( 'NONE', #3228, #3101 ) ;
#3056 = ORIENTED_EDGE ( 'NONE', *, *, #816, .T. ) ;
#3055 = CARTESIAN_POINT ( 'NONE',  ( -0.6700000000000003730, 2.249999999999999112, -0.6999999999999994005 ) ) ;
#3057 = CIRCLE ( 'NONE', #8491, 0.1000000000000002554 ) ;
#3058 =( GEOMETRIC_REPRESENTATION_CONTEXT ( 3 ) GLOBAL_UNCERTAINTY_ASSIGNED_CONTEXT ( ( #4052 ) ) GLOBAL_UNIT_ASSIGNED_CONTEXT ( ( #4718, #5435, #6043 ) ) REPRESENTATION_CONTEXT ( 'NONE', 'WORKASPACE' ) );
#3059 = EDGE_CURVE ( 'NONE', #3391, #8942, #6861, .T. ) ;
#3060 = ORIENTED_EDGE ( 'NONE', *, *, #8459, .F. ) ;
#3061 = DIRECTION ( 'NONE',  ( 0.000000000000000000, -0.000000000000000000, -1.000000000000000000 ) ) ;
#3062 = DIRECTION ( 'NONE',  ( 0.000000000000000000, 0.9987187878592515000, 0.05060417746537709816 ) ) ;
#3063 = VERTEX_POINT ( 'NONE', #2644 ) ;
#3064 =( NAMED_UNIT ( * ) SI_UNIT ( $, .STERADIAN. ) SOLID_ANGLE_UNIT ( ) );
#3065 = DIRECTION ( 'NONE',  ( -1.000000000000000000, -0.000000000000000000, 0.000000000000000000 ) ) ;
#3066 = CARTESIAN_POINT ( 'NONE',  ( 2.019999999999999574, -1.450000000000000178, -4.954999999999999183 ) ) ;
#3067 = ORIENTED_EDGE ( 'NONE', *, *, #466, .T. ) ;
#3068 =( GEOMETRIC_REPRESENTATION_CONTEXT ( 3 ) GLOBAL_UNCERTAINTY_ASSIGNED_CONTEXT ( ( #8034 ) ) GLOBAL_UNIT_ASSIGNED_CONTEXT ( ( #4363, #2864, #1040 ) ) REPRESENTATION_CONTEXT ( 'NONE', 'WORKASPACE' ) );
#3069 = CYLINDRICAL_SURFACE ( 'NONE', #209, 0.3500000000000004774 ) ;
#3070 = AXIS2_PLACEMENT_3D ( 'NONE', #7110, #6923, #6308 ) ;
#3071 = LINE ( 'NONE', #5304, #3193 ) ;
#3072 = DIRECTION ( 'NONE',  ( -1.000000000000000000, -0.000000000000000000, -0.000000000000000000 ) ) ;
#3073 = CARTESIAN_POINT ( 'NONE',  ( 4.309999999999999609, 2.780000000000000249, 0.09999999999999940881 ) ) ;
#3074 = ADVANCED_FACE ( 'NONE', ( #482 ), #3944, .T. ) ;
#3075 = ORIENTED_EDGE ( 'NONE', *, *, #3888, .F. ) ;
#3076 = EDGE_CURVE ( 'NONE', #6859, #5689, #4132, .T. ) ;
#3077 = CARTESIAN_POINT ( 'NONE',  ( -3.310000000000000497, 2.880000000000000338, 0.09999999999999917288 ) ) ;
#3078 = ORIENTED_EDGE ( 'NONE', *, *, #3226, .T. ) ;
#3079 = AXIS2_PLACEMENT_3D ( 'NONE', #2579, #1161, #3893 ) ;
#3080 =( LENGTH_UNIT ( ) NAMED_UNIT ( * ) SI_UNIT ( .MILLI., .METRE. ) );
#3081 = DIRECTION ( 'NONE',  ( 1.000000000000000000, -0.000000000000000000, -0.000000000000000000 ) ) ;
#3082 = LINE ( 'NONE', #8214, #3037 ) ;
#3083 = CARTESIAN_POINT ( 'NONE',  ( 4.559999999999999609, -0.1898791645069245193, 3.750320303035187042 ) ) ;
#3084 = DIRECTION ( 'NONE',  ( 0.000000000000000000, -1.000000000000000000, -0.000000000000000000 ) ) ;
#3085 = VERTEX_POINT ( 'NONE', #1247 ) ;
#3086 = SURFACE_STYLE_USAGE ( .BOTH. , #1292 ) ;
#3087 = ADVANCED_FACE ( 'NONE', ( #4147 ), #7053, .F. ) ;
#3088 = MECHANICAL_DESIGN_GEOMETRIC_PRESENTATION_REPRESENTATION (  '', ( #6860 ), #8641 ) ;
#3089 = VECTOR ( 'NONE', #9110, 1000.000000000000000 ) ;
#3090 = FACE_OUTER_BOUND ( 'NONE', #8931, .T. ) ;
#3091 = ORIENTED_EDGE ( 'NONE', *, *, #1703, .F. ) ;
#3092 = FACE_OUTER_BOUND ( 'NONE', #1147, .T. ) ;
#3093 = EDGE_CURVE ( 'NONE', #5094, #3716, #4098, .T. ) ;
#3094 = DIRECTION ( 'NONE',  ( 0.000000000000000000, 0.000000000000000000, -1.000000000000000000 ) ) ;
#3095 = ORIENTED_EDGE ( 'NONE', *, *, #940, .T. ) ;
#3096 = CARTESIAN_POINT ( 'NONE',  ( -3.209999999999999964, 1.999999999999999112, 0.5999999999999990896 ) ) ;
#3097 = ORIENTED_EDGE ( 'NONE', *, *, #2096, .F. ) ;
#3098 = CARTESIAN_POINT ( 'NONE',  ( -0.7700000000000006839, 2.880000000000000338, 0.5999999999999993117 ) ) ;
#3099 = EDGE_CURVE ( 'NONE', #8934, #749, #4234, .T. ) ;
#3100 = AXIS2_PLACEMENT_3D ( 'NONE', #8613, #812, #1590 ) ;
#3101 = VECTOR ( 'NONE', #3031, 1000.000000000000000 ) ;
#3102 = CARTESIAN_POINT ( 'NONE',  ( 3.209999999999999964, 4.649244398944980539, 0.5999999999999999778 ) ) ;
#3103 = ORIENTED_EDGE ( 'NONE', *, *, #3714, .F. ) ;
#3104 = FACE_OUTER_BOUND ( 'NONE', #5278, .T. ) ;
#3105 = LINE ( 'NONE', #4822, #2992 ) ;
#3106 = APPLICATION_PROTOCOL_DEFINITION ( 'draft international standard', 'automotive_design', 1998, #2434 ) ;
#3107 = ORIENTED_EDGE ( 'NONE', *, *, #938, .T. ) ;
#3108 = CARTESIAN_POINT ( 'NONE',  ( 1.544999999999999929, -1.349999999999999645, -4.159551575750739083 ) ) ;
#3109 = DIRECTION ( 'NONE',  ( -1.219727444046192981E-16, 0.000000000000000000, -1.000000000000000000 ) ) ;
#3110 = VECTOR ( 'NONE', #5252, 1000.000000000000000 ) ;
#3111 = SURFACE_SIDE_STYLE ('',( #4002 ) ) ;
#3112 = DIRECTION ( 'NONE',  ( 0.000000000000000000, 0.000000000000000000, 1.000000000000000000 ) ) ;
#3113 = DIRECTION ( 'NONE',  ( 0.000000000000000000, 3.035766082959414782E-15, -1.000000000000000000 ) ) ;
#3114 = MECHANICAL_DESIGN_GEOMETRIC_PRESENTATION_REPRESENTATION (  '', ( #7933 ), #8559 ) ;
#3115 = ORIENTED_EDGE ( 'NONE', *, *, #8855, .F. ) ;
#3116 = ORIENTED_EDGE ( 'NONE', *, *, #7894, .F. ) ;
#3117 = SPHERICAL_SURFACE ( 'NONE', #6417, 0.1000000000000000056 ) ;
#3118 = VERTEX_POINT ( 'NONE', #8544 ) ;
#3119 = DIRECTION ( 'NONE',  ( 1.000000000000000000, -0.000000000000000000, 0.000000000000000000 ) ) ;
#3120 = FACE_OUTER_BOUND ( 'NONE', #531, .T. ) ;
#3121 = EDGE_CURVE ( 'NONE', #3541, #7892, #1164, .T. ) ;
#3123 = ORIENTED_EDGE ( 'NONE', *, *, #7353, .F. ) ;
#3122 = CARTESIAN_POINT ( 'NONE',  ( -3.060000000000000053, -1.450000000000000178, 4.954999999999999183 ) ) ;
#3124 = FACE_OUTER_BOUND ( 'NONE', #236, .T. ) ;
#3125 = EDGE_LOOP ( 'NONE', ( #4153, #8213, #8404, #4636 ) ) ;
#3126 = LINE ( 'NONE', #3298, #5929 ) ;
#3127 = VERTEX_POINT ( 'NONE', #5507 ) ;
#3128 = DIRECTION ( 'NONE',  ( 0.000000000000000000, 0.9987187878592515000, -0.05060417746537709816 ) ) ;
#3129 = ORIENTED_EDGE ( 'NONE', *, *, #4829, .T. ) ;
#3130 = PRESENTATION_LAYER_ASSIGNMENT (  '', '', ( #2785 ) ) ;
#3131 = ADVANCED_FACE ( 'NONE', ( #7406 ), #1452, .F. ) ;
#3132 = ORIENTED_EDGE ( 'NONE', *, *, #5209, .T. ) ;
#3133 = DIRECTION ( 'NONE',  ( -0.000000000000000000, 3.907034855803616961E-16, -1.000000000000000000 ) ) ;
#3134 = LINE ( 'NONE', #389, #313 ) ;
#3135 = CARTESIAN_POINT ( 'NONE',  ( -4.084999999999999964, -1.150000000000000355, -4.049289471110532723 ) ) ;
#3136 = AXIS2_PLACEMENT_3D ( 'NONE', #5063, #5568, #7004 ) ;
#3137 = VECTOR ( 'NONE', #4133, 1000.000000000000000 ) ;
#3138 = CARTESIAN_POINT ( 'NONE',  ( -4.410000000000000142, 2.249999999999999112, -0.6999999999999994005 ) ) ;
#3139 = ORIENTED_EDGE ( 'NONE', *, *, #2752, .T. ) ;
#3140 = PLANE ( 'NONE',  #1102 ) ;
#3141 = SURFACE_STYLE_USAGE ( .BOTH. , #5422 ) ;
#3142 = AXIS2_PLACEMENT_3D ( 'NONE', #3311, #2079, #2770 ) ;
#3143 = ORIENTED_EDGE ( 'NONE', *, *, #8735, .T. ) ;
#3144 = ORIENTED_EDGE ( 'NONE', *, *, #3219, .F. ) ;
#3145 = ORIENTED_EDGE ( 'NONE', *, *, #2358, .F. ) ;
#3146 = CARTESIAN_POINT ( 'NONE',  ( -3.060000000000000053, 0.2500000000000000000, 3.349999999999997424 ) ) ;
#3147 = VECTOR ( 'NONE', #1917, 1000.000000000000000 ) ;
#3148 = ORIENTED_EDGE ( 'NONE', *, *, #5885, .T. ) ;
#3149 = CARTESIAN_POINT ( 'NONE',  ( -1.770000000000000240, 1.999999999999999112, -6.505213034913026604E-16 ) ) ;
#3150 =( LENGTH_UNIT ( ) NAMED_UNIT ( * ) SI_UNIT ( .MILLI., .METRE. ) );
#3151 = DIRECTION ( 'NONE',  ( -1.000000000000000000, -0.000000000000000000, -0.000000000000000000 ) ) ;
#3152 = PLANE ( 'NONE',  #8751 ) ;
#3153 = DIRECTION ( 'NONE',  ( 0.000000000000000000, 0.9987187878592515000, 0.05060417746537709816 ) ) ;
#3154 = DIRECTION ( 'NONE',  ( -1.000000000000000000, -0.000000000000000000, 0.000000000000000000 ) ) ;
#3155 = VECTOR ( 'NONE', #3726, 1000.000000000000227 ) ;
#3156 = LINE ( 'NONE', #2997, #9086 ) ;
#3157 = AXIS2_PLACEMENT_3D ( 'NONE', #7613, #6977, #636 ) ;
#3158 = ORIENTED_EDGE ( 'NONE', *, *, #315, .T. ) ;
#3159 = LINE ( 'NONE', #8746, #9195 ) ;
#3160 = CARTESIAN_POINT ( 'NONE',  ( -2.020000000000000018, 0.2500000000000000000, -3.550576545463337119 ) ) ;
#3161 = CARTESIAN_POINT ( 'NONE',  ( -1.770000000000000240, 2.880000000000000338, 0.09999999999999949207 ) ) ;
#3162 = VERTEX_POINT ( 'NONE', #4788 ) ;
#3163 = DIRECTION ( 'NONE',  ( 0.000000000000000000, 0.000000000000000000, -1.000000000000000000 ) ) ;
#3164 = FACE_OUTER_BOUND ( 'NONE', #8137, .T. ) ;
#3165 = EDGE_CURVE ( 'NONE', #733, #4359, #1142, .T. ) ;
#3166 = ORIENTED_EDGE ( 'NONE', *, *, #2457, .T. ) ;
#3167 =( LENGTH_UNIT ( ) NAMED_UNIT ( * ) SI_UNIT ( .MILLI., .METRE. ) );
#3168 = EDGE_CURVE ( 'NONE', #5312, #2985, #7142, .T. ) ;
#3169 = ORIENTED_EDGE ( 'NONE', *, *, #7905, .T. ) ;
#3170 = ADVANCED_FACE ( 'NONE', ( #6932 ), #6994, .T. ) ;
#3171 = VECTOR ( 'NONE', #413, 1000.000000000000000 ) ;
#3172 = VERTEX_POINT ( 'NONE', #8335 ) ;
#3173 = LINE ( 'NONE', #1614, #115 ) ;
#3174 = ORIENTED_EDGE ( 'NONE', *, *, #380, .T. ) ;
#3175 = DIRECTION ( 'NONE',  ( 0.000000000000000000, 0.000000000000000000, 1.000000000000000000 ) ) ;
#3176 = CARTESIAN_POINT ( 'NONE',  ( -1.545000000000000373, -1.349999999999999645, -4.159551575750739083 ) ) ;
#3177 = DIRECTION ( 'NONE',  ( 1.118695276855205781E-16, 0.000000000000000000, 1.000000000000000000 ) ) ;
#3178 = PRESENTATION_LAYER_ASSIGNMENT (  '', '', ( #2833 ) ) ;
#3179 = CARTESIAN_POINT ( 'NONE',  ( -5.815000000000000391, 2.500000000000000000, 2.350000000000000977 ) ) ;
#3180 = CARTESIAN_POINT ( 'NONE',  ( 3.209999999999999964, 1.999999999999999112, -0.7000000000000001776 ) ) ;
#3181 = ORIENTED_EDGE ( 'NONE', *, *, #7912, .F. ) ;
#3182 = ORIENTED_EDGE ( 'NONE', *, *, #1588, .F. ) ;
#3183 = COLOUR_RGB ( '',1.000000000000000000, 1.000000000000000000, 0.5019607843137254832 ) ;
#3184 = VERTEX_POINT ( 'NONE', #8967 ) ;
#3185 = PRESENTATION_LAYER_ASSIGNMENT (  '', '', ( #710 ) ) ;
#3186 = DIRECTION ( 'NONE',  ( 0.000000000000000000, 1.000000000000000000, 2.891205793294678326E-16 ) ) ;
#3187 = FILL_AREA_STYLE_COLOUR ( '', #7614 ) ;
#3188 = CARTESIAN_POINT ( 'NONE',  ( -0.9950000000000002176, -1.349999999999999645, 4.159551575750739083 ) ) ;
#3189 = VECTOR ( 'NONE', #2960, 1000.000000000000000 ) ;
#3190 = LINE ( 'NONE', #4801, #2931 ) ;
#3191 = VECTOR ( 'NONE', #34, 1000.000000000000000 ) ;
#3192 = ORIENTED_EDGE ( 'NONE', *, *, #6434, .T. ) ;
#3193 = VECTOR ( 'NONE', #5942, 1000.000000000000000 ) ;
#3194 = CLOSED_SHELL ( 'NONE', ( #2237, #7736, #3647, #3988, #451, #8715, #8987, #2445, #1541, #1785, #8901, #7252, #2186, #2838, #5860, #4539, #1141, #2684 ) ) ;
#3195 = DIRECTION ( 'NONE',  ( -0.000000000000000000, 1.000000000000000000, -0.000000000000000000 ) ) ;
#3196 = DIRECTION ( 'NONE',  ( -0.000000000000000000, -1.000000000000000000, -2.891205793294678326E-16 ) ) ;
#3197 = DIRECTION ( 'NONE',  ( 0.000000000000000000, 0.000000000000000000, -1.000000000000000000 ) ) ;
#3198 = CARTESIAN_POINT ( 'NONE',  ( -4.709999999999999964, 2.500000000000000000, 2.300000000000000266 ) ) ;
#3199 =( NAMED_UNIT ( * ) PLANE_ANGLE_UNIT ( ) SI_UNIT ( $, .RADIAN. ) );
#3200 = ORIENTED_EDGE ( 'NONE', *, *, #7656, .F. ) ;
#3201 = CARTESIAN_POINT ( 'NONE',  ( 4.084999999999999964, -1.450000000000000178, 4.954999999999999183 ) ) ;
#3202 = CYLINDRICAL_SURFACE ( 'NONE', #169, 0.1000000000000001582 ) ;
#3203 = CIRCLE ( 'NONE', #1833, 0.1000000000000001582 ) ;
#3204 = EDGE_CURVE ( 'NONE', #3621, #6493, #4259, .T. ) ;
#3205 = DIRECTION ( 'NONE',  ( 0.000000000000000000, -0.9987187878592513890, -0.05060417746537783368 ) ) ;
#3206 = ORIENTED_EDGE ( 'NONE', *, *, #8023, .T. ) ;
#3207 = MANIFOLD_SOLID_BREP ( 'Boss-Extrude4', #2388 ) ;
#3208 = CIRCLE ( 'NONE', #260, 0.1999999999999996503 ) ;
#3209 = DIRECTION ( 'NONE',  ( 1.000000000000000000, 0.000000000000000000, 0.000000000000000000 ) ) ;
#3210 = DIRECTION ( 'NONE',  ( 0.000000000000000000, -0.000000000000000000, 1.000000000000000000 ) ) ;
#3211 = CARTESIAN_POINT ( 'NONE',  ( 3.535000000000000142, -1.700000000000000178, 4.159551575750739083 ) ) ;
#3212 = ADVANCED_FACE ( 'NONE', ( #4489 ), #7181, .F. ) ;
#3213 = ORIENTED_EDGE ( 'NONE', *, *, #4341, .F. ) ;
#3214 = EDGE_LOOP ( 'NONE', ( #717, #711, #4015, #7070, #1106, #6456, #244, #291 ) ) ;
#3215 = UNCERTAINTY_MEASURE_WITH_UNIT (LENGTH_MEASURE( 1.000000000000000082E-05 ), #66, 'distance_accuracy_value', 'NONE');
#3216 = DIRECTION ( 'NONE',  ( -4.565061778886337002E-16, 1.000000000000000000, 0.000000000000000000 ) ) ;
#3217 = CARTESIAN_POINT ( 'NONE',  ( -1.770000000000000240, 2.780000000000000249, 0.000000000000000000 ) ) ;
#3218 =( LENGTH_UNIT ( ) NAMED_UNIT ( * ) SI_UNIT ( .MILLI., .METRE. ) );
#3219 = EDGE_CURVE ( 'NONE', #553, #2699, #7505, .T. ) ;
#3220 = CARTESIAN_POINT ( 'NONE',  ( -4.084999999999999964, -1.150000000000000355, -3.350000000000000533 ) ) ;
#3221 = DIRECTION ( 'NONE',  ( 0.000000000000000000, -0.9987187878592515000, -0.05060417746537710509 ) ) ;
#3222 = SURFACE_STYLE_USAGE ( .BOTH. , #2520 ) ;
#3223 = VERTEX_POINT ( 'NONE', #2348 ) ;
#3224 = VECTOR ( 'NONE', #2418, 1000.000000000000000 ) ;
#3225 = FACE_OUTER_BOUND ( 'NONE', #8634, .T. ) ;
#3226 = EDGE_CURVE ( 'NONE', #4199, #4358, #7553, .T. ) ;
#3227 = MECHANICAL_DESIGN_GEOMETRIC_PRESENTATION_REPRESENTATION (  '', ( #5361 ), #1946 ) ;
#3228 = CARTESIAN_POINT ( 'NONE',  ( 1.544999999999999929, -0.1772281201405800644, -4.000000000000000000 ) ) ;
#3229 =( NAMED_UNIT ( * ) PLANE_ANGLE_UNIT ( ) SI_UNIT ( $, .RADIAN. ) );
#3230 = ORIENTED_EDGE ( 'NONE', *, *, #4707, .T. ) ;
#3231 = AXIS2_PLACEMENT_3D ( 'NONE', #6286, #1354, #2092 ) ;
#3232 = LINE ( 'NONE', #7938, #287 ) ;
#3233 = LINE ( 'NONE', #3617, #2917 ) ;
#3234 = ORIENTED_EDGE ( 'NONE', *, *, #9130, .T. ) ;
#3235 = CARTESIAN_POINT ( 'NONE',  ( -5.065000000000001279, 2.500000000000000000, 3.100000000000000533 ) ) ;
#3236 = DIRECTION ( 'NONE',  ( 0.000000000000000000, 0.000000000000000000, -1.000000000000000000 ) ) ;
#3237 = PRESENTATION_STYLE_ASSIGNMENT (( #3141 ) ) ;
#3238 = DIRECTION ( 'NONE',  ( -1.000000000000000000, 0.000000000000000000, 1.219727444046192981E-16 ) ) ;
#3239 = DIRECTION ( 'NONE',  ( 2.168404344971009608E-16, 0.000000000000000000, 1.000000000000000000 ) ) ;
#3240 = EDGE_CURVE ( 'NONE', #6412, #4103, #4405, .T. ) ;
#3241 = ORIENTED_EDGE ( 'NONE', *, *, #698, .T. ) ;
#3242 = ORIENTED_EDGE ( 'NONE', *, *, #846, .F. ) ;
#3243 = LINE ( 'NONE', #3826, #3147 ) ;
#3244 = ORIENTED_EDGE ( 'NONE', *, *, #9019, .T. ) ;
#3245 = AXIS2_PLACEMENT_3D ( 'NONE', #4772, #1080, #4034 ) ;
#3246 = DIRECTION ( 'NONE',  ( -0.000000000000000000, -1.000000000000000000, -2.891205793294678326E-16 ) ) ;
#3247 = DIRECTION ( 'NONE',  ( -0.000000000000000000, -0.000000000000000000, 1.000000000000000000 ) ) ;
#3248 = VERTEX_POINT ( 'NONE', #5900 ) ;
#3249 = VECTOR ( 'NONE', #8816, 1000.000000000000000 ) ;
#3250 = MECHANICAL_DESIGN_GEOMETRIC_PRESENTATION_REPRESENTATION (  '', ( #6326 ), #8673 ) ;
#3251 = ORIENTED_EDGE ( 'NONE', *, *, #4605, .F. ) ;
#3252 = LINE ( 'NONE', #4816, #6550 ) ;
#3253 = DIRECTION ( 'NONE',  ( 0.000000000000000000, 0.9987187878592515000, -0.05060417746537709816 ) ) ;
#3254 = ORIENTED_EDGE ( 'NONE', *, *, #8808, .T. ) ;
#3255 = CARTESIAN_POINT ( 'NONE',  ( -3.535000000000000142, -1.150000000000000355, -3.798968757172755062 ) ) ;
#3256 = EDGE_CURVE ( 'NONE', #762, #2383, #4476, .T. ) ;
#3257 = AXIS2_PLACEMENT_3D ( 'NONE', #2937, #3662, #7752 ) ;
#3258 = CARTESIAN_POINT ( 'NONE',  ( 1.544999999999999929, -1.349999999999999645, 4.159551575750739083 ) ) ;
#3259 = ADVANCED_FACE ( 'NONE', ( #7453 ), #6675, .F. ) ;
#3260 = VERTEX_POINT ( 'NONE', #3135 ) ;
#3261 = AXIS2_PLACEMENT_3D ( 'NONE', #7940, #3810, #5914 ) ;
#3262 = LINE ( 'NONE', #8350, #3368 ) ;
#3263 = EDGE_LOOP ( 'NONE', ( #2676, #2479, #2601, #2537 ) ) ;
#3264 = PLANE ( 'NONE',  #1742 ) ;
#3265 = ORIENTED_EDGE ( 'NONE', *, *, #3741, .F. ) ;
#3266 = CARTESIAN_POINT ( 'NONE',  ( -4.559999999999999609, -1.149999999999999911, 4.049289471110532723 ) ) ;
#3267 = ORIENTED_EDGE ( 'NONE', *, *, #7220, .F. ) ;
#3268 = DIRECTION ( 'NONE',  ( 0.000000000000000000, 0.000000000000000000, -1.000000000000000000 ) ) ;
#3269 = CARTESIAN_POINT ( 'NONE',  ( -0.9950000000000002176, -1.349999999999999645, -4.159551575750739083 ) ) ;
#3270 = SURFACE_SIDE_STYLE ('',( #1911 ) ) ;
#3271 = ORIENTED_EDGE ( 'NONE', *, *, #3295, .F. ) ;
#3272 = CARTESIAN_POINT ( 'NONE',  ( -3.060000000000000053, 0.000000000000000000, -3.349999999999997424 ) ) ;
#3273 = CARTESIAN_POINT ( 'NONE',  ( 1.544999999999999929, -1.700000000000000400, 4.954999999999999183 ) ) ;
#3274 = PRESENTATION_STYLE_ASSIGNMENT (( #136 ) ) ;
#3275 = LINE ( 'NONE', #8140, #3343 ) ;
#3276 = AXIS2_PLACEMENT_3D ( 'NONE', #5144, #5829, #2436 ) ;
#3277 = VECTOR ( 'NONE', #4624, 1000.000000000000000 ) ;
#3278 = ORIENTED_EDGE ( 'NONE', *, *, #9169, .F. ) ;
#3279 = CARTESIAN_POINT ( 'NONE',  ( 4.084999999999999964, -1.150000000000000355, 4.049289471110532723 ) ) ;
#3280 = ORIENTED_EDGE ( 'NONE', *, *, #8356, .F. ) ;
#3281 = ADVANCED_FACE ( 'NONE', ( #7486 ), #1273, .T. ) ;
#3282 = ORIENTED_EDGE ( 'NONE', *, *, #2752, .F. ) ;
#3283 = DIRECTION ( 'NONE',  ( 0.000000000000000000, 0.000000000000000000, 1.000000000000000000 ) ) ;
#3284 = VECTOR ( 'NONE', #5019, 1000.000000000000000 ) ;
#3285 = ORIENTED_EDGE ( 'NONE', *, *, #8023, .F. ) ;
#3286 = EDGE_CURVE ( 'NONE', #3552, #5481, #1321, .T. ) ;
#3287 = STYLED_ITEM ( 'NONE', ( #6089 ), #5766 ) ;
#3288 = ORIENTED_EDGE ( 'NONE', *, *, #5816, .F. ) ;
#3289 = EDGE_CURVE ( 'NONE', #2524, #1730, #4423, .T. ) ;
#3290 = ORIENTED_EDGE ( 'NONE', *, *, #5194, .T. ) ;
#3291 = CARTESIAN_POINT ( 'NONE',  ( 4.410000000000000142, 1.999999999999999112, 0.6999999999999998446 ) ) ;
#3292 = STYLED_ITEM ( 'NONE', ( #3547 ), #1052 ) ;
#3293 = LINE ( 'NONE', #7591, #3402 ) ;
#3294 = CARTESIAN_POINT ( 'NONE',  ( -5.565000000000000391, 2.250000000000000444, 0.000000000000000000 ) ) ;
#3295 = EDGE_CURVE ( 'NONE', #1249, #430, #4437, .T. ) ;
#3296 = VECTOR ( 'NONE', #2101, 1000.000000000000000 ) ;
#3297 = ORIENTED_EDGE ( 'NONE', *, *, #7985, .T. ) ;
#3298 = CARTESIAN_POINT ( 'NONE',  ( 1.544999999999999929, -1.700000000000000400, 4.954999999999999183 ) ) ;
#3299 = CARTESIAN_POINT ( 'NONE',  ( -2.020000000000000018, 0.000000000000000000, -3.349999999999997424 ) ) ;
#3300 = CIRCLE ( 'NONE', #7137, 0.1000000000000011297 ) ;
#3301 = ORIENTED_EDGE ( 'NONE', *, *, #750, .F. ) ;
#3302 = EDGE_CURVE ( 'NONE', #409, #1983, #4267, .T. ) ;
#3303 = DIRECTION ( 'NONE',  ( -0.000000000000000000, 0.9987187878592513890, -0.05060417746537783368 ) ) ;
#3304 = AXIS2_PLACEMENT_3D ( 'NONE', #761, #5876, #1544 ) ;
#3305 = ADVANCED_FACE ( 'NONE', ( #7239 ), #704, .F. ) ;
#3306 = DIRECTION ( 'NONE',  ( -1.000000000000000000, -0.000000000000000000, -0.000000000000000000 ) ) ;
#3307 = CARTESIAN_POINT ( 'NONE',  ( 1.769999999999999352, 2.780000000000000249, 0.09999999999999940881 ) ) ;
#3308 = ORIENTED_EDGE ( 'NONE', *, *, #6689, .F. ) ;
#3309 = DIRECTION ( 'NONE',  ( -0.000000000000000000, -0.000000000000000000, -1.000000000000000000 ) ) ;
#3310 = CARTESIAN_POINT ( 'NONE',  ( 3.060000000000000053, 0.2500000000000000000, -3.349999999999997424 ) ) ;
#3311 = CARTESIAN_POINT ( 'NONE',  ( 4.309999999999999609, 1.999999999999999112, 0.09999999999999917288 ) ) ;
#3312 = ORIENTED_EDGE ( 'NONE', *, *, #5404, .F. ) ;
#3313 = CARTESIAN_POINT ( 'NONE',  ( -4.709999999999999964, 2.500000000000000000, 1.800000000000000711 ) ) ;
#3314 = EDGE_CURVE ( 'NONE', #399, #4985, #4115, .T. ) ;
#3315 = ORIENTED_EDGE ( 'NONE', *, *, #5799, .T. ) ;
#3316 = LINE ( 'NONE', #810, #6390 ) ;
#3317 = VECTOR ( 'NONE', #3745, 1000.000000000000000 ) ;
#3318 = VECTOR ( 'NONE', #8928, 1000.000000000000000 ) ;
#3319 = CARTESIAN_POINT ( 'NONE',  ( -4.559999999999999609, -1.150000000000000133, -3.350000000000000533 ) ) ;
#3320 = LINE ( 'NONE', #7630, #370 ) ;
#3321 = SURFACE_STYLE_USAGE ( .BOTH. , #4082 ) ;
#3322 = UNCERTAINTY_MEASURE_WITH_UNIT (LENGTH_MEASURE( 1.000000000000000082E-05 ), #4151, 'distance_accuracy_value', 'NONE');
#3323 = CARTESIAN_POINT ( 'NONE',  ( 1.869999999999999662, 2.500000000000000000, 2.060000000000005382 ) ) ;
#3324 = EDGE_CURVE ( 'NONE', #6141, #3817, #4152, .T. ) ;
#3325 = ORIENTED_EDGE ( 'NONE', *, *, #6603, .F. ) ;
#3326 = ORIENTED_EDGE ( 'NONE', *, *, #4510, .T. ) ;
#3327 = DIRECTION ( 'NONE',  ( 0.000000000000000000, 0.000000000000000000, -1.000000000000000000 ) ) ;
#3328 = LINE ( 'NONE', #6115, #6383 ) ;
#3329 = ORIENTED_EDGE ( 'NONE', *, *, #5436, .T. ) ;
#3330 = DIRECTION ( 'NONE',  ( -0.000000000000000000, -1.000000000000000000, -2.891205793294678326E-16 ) ) ;
#3331 = CARTESIAN_POINT ( 'NONE',  ( 4.309999999999999609, 2.880000000000000338, 0.5999999999999993117 ) ) ;
#3332 = CARTESIAN_POINT ( 'NONE',  ( 4.559999999999999609, 0.000000000000000000, -3.349999999999997424 ) ) ;
#3333 = EDGE_CURVE ( 'NONE', #7509, #1402, #4219, .T. ) ;
#3334 = DIRECTION ( 'NONE',  ( 0.000000000000000000, 0.9987187878592515000, -0.05060417746537709816 ) ) ;
#3335 = CARTESIAN_POINT ( 'NONE',  ( 1.544999999999999929, -1.700000000000000400, -3.350000000000000533 ) ) ;
#3336 = ORIENTED_EDGE ( 'NONE', *, *, #4016, .F. ) ;
#3337 = FACE_OUTER_BOUND ( 'NONE', #8996, .T. ) ;
#3338 = DIRECTION ( 'NONE',  ( -1.000000000000000000, -4.565061778886337988E-16, 2.313075504410495651E-17 ) ) ;
#3339 = VERTEX_POINT ( 'NONE', #6545 ) ;
#3340 = PLANE ( 'NONE',  #5243 ) ;
#3341 = EDGE_CURVE ( 'NONE', #2926, #536, #1011, .T. ) ;
#3342 = AXIS2_PLACEMENT_3D ( 'NONE', #4224, #508, #4770 ) ;
#3343 = VECTOR ( 'NONE', #8660, 1000.000000000000000 ) ;
#3344 = FILL_AREA_STYLE_COLOUR ( '', #7965 ) ;
#3345 = CARTESIAN_POINT ( 'NONE',  ( 1.544999999999999929, -0.1772281201405800644, 4.000000000000000000 ) ) ;
#3346 = FILL_AREA_STYLE_COLOUR ( '', #3916 ) ;
#3347 = DIRECTION ( 'NONE',  ( -0.000000000000000000, 0.000000000000000000, 1.000000000000000000 ) ) ;
#3348 = ORIENTED_EDGE ( 'NONE', *, *, #2756, .F. ) ;
#3349 = ADVANCED_FACE ( 'NONE', ( #1043 ), #2404, .F. ) ;
#3350 = ORIENTED_EDGE ( 'NONE', *, *, #102, .F. ) ;
#3351 = SURFACE_SIDE_STYLE ('',( #338 ) ) ;
#3352 = CARTESIAN_POINT ( 'NONE',  ( -3.535000000000000142, -1.450000000000000178, -4.159551575750739083 ) ) ;
#3353 = PLANE ( 'NONE',  #6548 ) ;
#3354 = AXIS2_PLACEMENT_3D ( 'NONE', #8671, #885, #3094 ) ;
#3355 = ORIENTED_EDGE ( 'NONE', *, *, #5885, .F. ) ;
#3356 = CYLINDRICAL_SURFACE ( 'NONE', #4236, 0.1000000000000000472 ) ;
#3357 = CARTESIAN_POINT ( 'NONE',  ( -1.770000000000000240, 2.780000000000000249, 0.09999999999999951983 ) ) ;
#3358 =( NAMED_UNIT ( * ) SI_UNIT ( $, .STERADIAN. ) SOLID_ANGLE_UNIT ( ) );
#3359 = PRESENTATION_LAYER_ASSIGNMENT (  '', '', ( #7287 ) ) ;
#3360 = DIRECTION ( 'NONE',  ( 0.000000000000000000, 0.000000000000000000, -1.000000000000000000 ) ) ;
#3361 = ORIENTED_EDGE ( 'NONE', *, *, #1818, .T. ) ;
#3362 = EDGE_LOOP ( 'NONE', ( #7121, #883, #6425, #4334 ) ) ;
#3363 = CARTESIAN_POINT ( 'NONE',  ( -1.545000000000000373, -1.450000000000000178, -4.159551575750739083 ) ) ;
#3364 = DIRECTION ( 'NONE',  ( -1.000000000000000000, 0.000000000000000000, 0.000000000000000000 ) ) ;
#3365 = DIRECTION ( 'NONE',  ( 0.000000000000000000, 0.000000000000000000, 1.000000000000000000 ) ) ;
#3366 = VERTEX_POINT ( 'NONE', #4627 ) ;
#3367 = VECTOR ( 'NONE', #4459, 1000.000000000000000 ) ;
#3368 = VECTOR ( 'NONE', #2657, 1000.000000000000114 ) ;
#3369 = CARTESIAN_POINT ( 'NONE',  ( 2.019999999999998685, -1.150000000000000799, 3.798968757172755062 ) ) ;
#3370 = ORIENTED_EDGE ( 'NONE', *, *, #7766, .F. ) ;
#3371 = VECTOR ( 'NONE', #7460, 1000.000000000000000 ) ;
#3372 = DIRECTION ( 'NONE',  ( 0.000000000000000000, 0.000000000000000000, -1.000000000000000000 ) ) ;
#3373 = AXIS2_PLACEMENT_3D ( 'NONE', #5339, #6708, #7480 ) ;
#3374 = PLANE ( 'NONE',  #7299 ) ;
#3375 =( NAMED_UNIT ( * ) PLANE_ANGLE_UNIT ( ) SI_UNIT ( $, .RADIAN. ) );
#3376 = EDGE_CURVE ( 'NONE', #5400, #792, #1152, .T. ) ;
#3377 = ORIENTED_EDGE ( 'NONE', *, *, #8710, .T. ) ;
#3378 = DIRECTION ( 'NONE',  ( -1.000000000000000000, -0.000000000000000000, -0.000000000000000000 ) ) ;
#3379 = ORIENTED_EDGE ( 'NONE', *, *, #3435, .T. ) ;
#3380 = MECHANICAL_DESIGN_GEOMETRIC_PRESENTATION_REPRESENTATION (  '', ( #144 ), #5918 ) ;
#3381 = CARTESIAN_POINT ( 'NONE',  ( -1.870000000000000107, 1.999999999999999112, -0.7000000000000001776 ) ) ;
#3382 = DIRECTION ( 'NONE',  ( 0.000000000000000000, 0.000000000000000000, 1.000000000000000000 ) ) ;
#3383 = CARTESIAN_POINT ( 'NONE',  ( -0.9950000000000002176, -1.700000000000000400, 4.954999999999999183 ) ) ;
#3384 = EDGE_LOOP ( 'NONE', ( #6916, #4760, #450, #1787 ) ) ;
#3385 = CARTESIAN_POINT ( 'NONE',  ( -4.410000000000000142, 2.249999999999999112, 0.6999999999999992895 ) ) ;
#3386 = CARTESIAN_POINT ( 'NONE',  ( -3.060000000000000053, 0.2500000000000000000, -3.349999999999997424 ) ) ;
#3387 = EDGE_CURVE ( 'NONE', #4859, #3366, #7174, .T. ) ;
#3388 = LINE ( 'NONE', #6502, #6378 ) ;
#3389 = EDGE_LOOP ( 'NONE', ( #29, #7055, #614, #4960 ) ) ;
#3390 = DIRECTION ( 'NONE',  ( 0.000000000000000000, 0.000000000000000000, -1.000000000000000000 ) ) ;
#3391 = VERTEX_POINT ( 'NONE', #5368 ) ;
#3392 = CARTESIAN_POINT ( 'NONE',  ( 0.7699999999999997957, 2.880000000000000338, 0.09999999999999949207 ) ) ;
#3393 = ORIENTED_EDGE ( 'NONE', *, *, #7419, .T. ) ;
#3394 = EDGE_CURVE ( 'NONE', #2508, #2829, #6918, .T. ) ;
#3395 = AXIS2_PLACEMENT_3D ( 'NONE', #7808, #7864, #9155 ) ;
#3396 = VECTOR ( 'NONE', #4265, 1000.000000000000000 ) ;
#3397 = EDGE_CURVE ( 'NONE', #316, #5620, #3773, .T. ) ;
#3398 = VERTEX_POINT ( 'NONE', #490 ) ;
#3399 = CARTESIAN_POINT ( 'NONE',  ( 4.559999999999999609, -0.1772281201405800644, 4.000000000000000000 ) ) ;
#3400 = CARTESIAN_POINT ( 'NONE',  ( -3.209999999999999964, 0.000000000000000000, 0.000000000000000000 ) ) ;
#3401 = CARTESIAN_POINT ( 'NONE',  ( 2.019999999999999574, 0.2500000000000000000, -3.349999999999997424 ) ) ;
#3402 = VECTOR ( 'NONE', #8198, 1000.000000000000000 ) ;
#3403 = DIRECTION ( 'NONE',  ( 1.000000000000000000, -0.000000000000000000, -0.000000000000000000 ) ) ;
#3404 = CARTESIAN_POINT ( 'NONE',  ( -0.5200000000000004619, -1.355060417746537293, -4.059679696964812123 ) ) ;
#3405 = DIRECTION ( 'NONE',  ( -1.000000000000000000, -0.000000000000000000, -0.000000000000000000 ) ) ;
#3406 = ORIENTED_EDGE ( 'NONE', *, *, #1093, .T. ) ;
#3407 = FACE_OUTER_BOUND ( 'NONE', #6121, .T. ) ;
#3408 = ORIENTED_EDGE ( 'NONE', *, *, #3168, .T. ) ;
#3409 = EDGE_CURVE ( 'NONE', #6098, #3671, #7208, .T. ) ;
#3410 = DIRECTION ( 'NONE',  ( 0.000000000000000000, -0.000000000000000000, -1.000000000000000000 ) ) ;
#3411 = AXIS2_PLACEMENT_3D ( 'NONE', #8220, #9017, #8849 ) ;
#3412 = PRESENTATION_STYLE_ASSIGNMENT (( #5180 ) ) ;
#3413 = LINE ( 'NONE', #8180, #6419 ) ;
#3414 = ORIENTED_EDGE ( 'NONE', *, *, #729, .T. ) ;
#3415 = FACE_OUTER_BOUND ( 'NONE', #83, .T. ) ;
#3416 = EDGE_CURVE ( 'NONE', #5602, #8942, #740, .T. ) ;
#3417 = CARTESIAN_POINT ( 'NONE',  ( 4.559999999999999609, -1.700000000000000178, 4.159551575750739083 ) ) ;
#3418 =( GEOMETRIC_REPRESENTATION_CONTEXT ( 3 ) GLOBAL_UNCERTAINTY_ASSIGNED_CONTEXT ( ( #4533 ) ) GLOBAL_UNIT_ASSIGNED_CONTEXT ( ( #1887, #6154, #2560 ) ) REPRESENTATION_CONTEXT ( 'NONE', 'WORKASPACE' ) );
#3419 = CARTESIAN_POINT ( 'NONE',  ( -0.5200000000000004619, -0.2000000000000000111, 3.550576545463337119 ) ) ;
#3420 = CARTESIAN_POINT ( 'NONE',  ( -1.770000000000000240, 2.780000000000000249, 0.6999999999999995115 ) ) ;
#3421 = CARTESIAN_POINT ( 'NONE',  ( 2.019999999999999574, -1.700000000000000178, 4.159551575750739083 ) ) ;
#3422 = ADVANCED_FACE ( 'NONE', ( #1025 ), #1198, .F. ) ;
#3423 = VERTEX_POINT ( 'NONE', #5469 ) ;
#3424 = CARTESIAN_POINT ( 'NONE',  ( -0.5200000000000004619, -0.1898791645069244916, 3.750320303035187042 ) ) ;
#3425 = VECTOR ( 'NONE', #3976, 1000.000000000000000 ) ;
#3426 = EDGE_LOOP ( 'NONE', ( #6808, #4174, #4194, #4162 ) ) ;
#3427 = UNCERTAINTY_MEASURE_WITH_UNIT (LENGTH_MEASURE( 1.000000000000000082E-05 ), #3150, 'distance_accuracy_value', 'NONE');
#3428 = EDGE_CURVE ( 'NONE', #4876, #2095, #3786, .T. ) ;
#3429 = CIRCLE ( 'NONE', #6321, 0.1000000000000000056 ) ;
#3430 = ADVANCED_FACE ( 'NONE', ( #7095 ), #4927, .F. ) ;
#3431 = DIRECTION ( 'NONE',  ( 1.000000000000000000, 0.000000000000000000, -0.000000000000000000 ) ) ;
#3432 = ORIENTED_EDGE ( 'NONE', *, *, #4159, .T. ) ;
#3433 = SURFACE_SIDE_STYLE ('',( #1097 ) ) ;
#3434 = CARTESIAN_POINT ( 'NONE',  ( -1.870000000000000107, 2.249999999999999556, -1.810000000000000275 ) ) ;
#3435 = EDGE_CURVE ( 'NONE', #2818, #4095, #1061, .T. ) ;
#3436 = AXIS2_PLACEMENT_3D ( 'NONE', #6374, #5732, #3725 ) ;
#3437 = CARTESIAN_POINT ( 'NONE',  ( 0.5200000000000000178, -0.2000000000000000111, -3.550576545463337119 ) ) ;
#3438 = ORIENTED_EDGE ( 'NONE', *, *, #4613, .F. ) ;
#3439 = VERTEX_POINT ( 'NONE', #6209 ) ;
#3440 = CARTESIAN_POINT ( 'NONE',  ( -4.709999999999999964, 2.400000000000000355, 1.800000000000000711 ) ) ;
#3441 = SURFACE_STYLE_FILL_AREA ( #4951 ) ;
#3442 = VERTEX_POINT ( 'NONE', #7708 ) ;
#3443 = CARTESIAN_POINT ( 'NONE',  ( -1.545000000000000373, -1.150000000000000355, 3.350000000000000533 ) ) ;
#3444 = AXIS2_PLACEMENT_3D ( 'NONE', #2895, #5122, #8662 ) ;
#3445 = DIRECTION ( 'NONE',  ( 1.000000000000000000, 0.000000000000000000, -0.000000000000000000 ) ) ;
#3446 = DIRECTION ( 'NONE',  ( -1.000000000000000000, -0.000000000000000000, 0.000000000000000000 ) ) ;
#3447 = CARTESIAN_POINT ( 'NONE',  ( 4.559999999999999609, 0.2500000000000000000, 3.349999999999997424 ) ) ;
#3448 =( LENGTH_UNIT ( ) NAMED_UNIT ( * ) SI_UNIT ( .MILLI., .METRE. ) );
#3449 = VECTOR ( 'NONE', #3303, 1000.000000000000114 ) ;
#3450 = EDGE_CURVE ( 'NONE', #6141, #892, #1130, .T. ) ;
#3451 = ORIENTED_EDGE ( 'NONE', *, *, #133, .T. ) ;
#3452 = VECTOR ( 'NONE', #935, 1000.000000000000000 ) ;
#3453 = ORIENTED_EDGE ( 'NONE', *, *, #8814, .T. ) ;
#3454 = ADVANCED_FACE ( 'NONE', ( #6869 ), #9043, .F. ) ;
#3455 = SURFACE_STYLE_USAGE ( .BOTH. , #2986 ) ;
#3456 = ORIENTED_EDGE ( 'NONE', *, *, #386, .T. ) ;
#3457 = EDGE_CURVE ( 'NONE', #1914, #2535, #4252, .T. ) ;
#3458 = AXIS2_PLACEMENT_3D ( 'NONE', #1315, #1176, #4053 ) ;
#3459 = DIRECTION ( 'NONE',  ( -0.000000000000000000, 0.000000000000000000, -1.000000000000000000 ) ) ;
#3460 = FACE_OUTER_BOUND ( 'NONE', #8110, .T. ) ;
#3461 = EDGE_LOOP ( 'NONE', ( #6227, #3568, #9056, #6180, #460, #6669, #267, #3144 ) ) ;
#3462 = STYLED_ITEM ( 'NONE', ( #6961 ), #3170 ) ;
#3463 = COLOUR_RGB ( '',1.000000000000000000, 1.000000000000000000, 0.5019607843137254832 ) ;
#3464 = SURFACE_STYLE_FILL_AREA ( #6803 ) ;
#3465 = DIRECTION ( 'NONE',  ( -1.000000000000000000, 0.000000000000000000, 0.000000000000000000 ) ) ;
#3466 = ORIENTED_EDGE ( 'NONE', *, *, #8066, .F. ) ;
#3467 = CARTESIAN_POINT ( 'NONE',  ( -0.6700000000000003730, 1.999999999999999112, 0.6999999999999998446 ) ) ;
#3468 = PLANE ( 'NONE',  #5406 ) ;
#3469 = FACE_OUTER_BOUND ( 'NONE', #5828, .T. ) ;
#3470 = CARTESIAN_POINT ( 'NONE',  ( 2.019999999999999574, -1.450000000000000178, -4.954999999999999183 ) ) ;
#3471 = ORIENTED_EDGE ( 'NONE', *, *, #7542, .F. ) ;
#3472 = ORIENTED_EDGE ( 'NONE', *, *, #891, .T. ) ;
#3473 =( GEOMETRIC_REPRESENTATION_CONTEXT ( 3 ) GLOBAL_UNCERTAINTY_ASSIGNED_CONTEXT ( ( #3915 ) ) GLOBAL_UNIT_ASSIGNED_CONTEXT ( ( #5563, #6937, #2651 ) ) REPRESENTATION_CONTEXT ( 'NONE', 'WORKASPACE' ) );
#3474 = PLANE ( 'NONE',  #1556 ) ;
#3475 = ORIENTED_EDGE ( 'NONE', *, *, #5473, .F. ) ;
#3476 = CARTESIAN_POINT ( 'NONE',  ( -4.309999999999999609, 2.880000000000000338, 0.09999999999999949207 ) ) ;
#3477 = COLOUR_RGB ( '',1.000000000000000000, 1.000000000000000000, 0.5019607843137254832 ) ;
#3478 = ORIENTED_EDGE ( 'NONE', *, *, #4260, .T. ) ;
#3479 = VECTOR ( 'NONE', #1137, 1000.000000000000000 ) ;
#3480 = CARTESIAN_POINT ( 'NONE',  ( -4.309999999999999609, 2.780000000000000249, 0.5999999999999994227 ) ) ;
#3481 = ORIENTED_EDGE ( 'NONE', *, *, #6393, .T. ) ;
#3482 = CARTESIAN_POINT ( 'NONE',  ( -3.535000000000000142, -1.700000000000000400, -4.954999999999999183 ) ) ;
#3483 = CARTESIAN_POINT ( 'NONE',  ( 1.769999999999999352, 2.780000000000000249, 0.09999999999999936717 ) ) ;
#3484 = ORIENTED_EDGE ( 'NONE', *, *, #3226, .F. ) ;
#3485 = DIRECTION ( 'NONE',  ( -1.000000000000000000, 4.565061778886337988E-16, -2.313075504410495651E-17 ) ) ;
#3486 = FACE_OUTER_BOUND ( 'NONE', #6438, .T. ) ;
#3487 = CARTESIAN_POINT ( 'NONE',  ( -3.060000000000000053, -1.367711462112881859, -3.810000000000000053 ) ) ;
#3488 = ORIENTED_EDGE ( 'NONE', *, *, #8346, .T. ) ;
#3489 =( LENGTH_UNIT ( ) NAMED_UNIT ( * ) SI_UNIT ( .MILLI., .METRE. ) );
#3490 = EDGE_CURVE ( 'NONE', #3184, #5250, #3798, .T. ) ;
#3491 = MECHANICAL_DESIGN_GEOMETRIC_PRESENTATION_REPRESENTATION (  '', ( #134 ), #8914 ) ;
#3492 = EDGE_LOOP ( 'NONE', ( #3999, #6739, #7139, #6202, #8336, #3687, #1881, #7218 ) ) ;
#3493 = LINE ( 'NONE', #8835, #432 ) ;
#3494 = FACE_OUTER_BOUND ( 'NONE', #64, .T. ) ;
#3495 = EDGE_CURVE ( 'NONE', #6534, #6624, #3818, .T. ) ;
#3496 = EDGE_LOOP ( 'NONE', ( #5100, #5117, #672, #1372 ) ) ;
#3497 = PRESENTATION_LAYER_ASSIGNMENT (  '', '', ( #7306 ) ) ;
#3498 = ORIENTED_EDGE ( 'NONE', *, *, #846, .T. ) ;
#3499 = DIRECTION ( 'NONE',  ( 1.000000000000000000, 0.000000000000000000, 0.000000000000000000 ) ) ;
#3500 = VERTEX_POINT ( 'NONE', #5573 ) ;
#3501 = EDGE_CURVE ( 'NONE', #4876, #6264, #3834, .T. ) ;
#3502 = DIRECTION ( 'NONE',  ( 0.000000000000000000, 0.000000000000000000, 1.000000000000000000 ) ) ;
#3503 = ORIENTED_EDGE ( 'NONE', *, *, #7929, .T. ) ;
#3504 = FILL_AREA_STYLE_COLOUR ( '', #1238 ) ;
#3505 = ORIENTED_EDGE ( 'NONE', *, *, #2128, .F. ) ;
#3506 = DIRECTION ( 'NONE',  ( 1.000000000000000000, 0.000000000000000000, 0.000000000000000000 ) ) ;
#3507 = VECTOR ( 'NONE', #1824, 1000.000000000000000 ) ;
#3508 = ADVANCED_FACE ( 'NONE', ( #6901 ), #2140, .F. ) ;
#3509 = ORIENTED_EDGE ( 'NONE', *, *, #2528, .F. ) ;
#3510 = ORIENTED_EDGE ( 'NONE', *, *, #6265, .T. ) ;
#3511 = EDGE_CURVE ( 'NONE', #8181, #2803, #759, .T. ) ;
#3512 = CARTESIAN_POINT ( 'NONE',  ( -5.309999999999999609, 2.400000000000000355, 2.300000000000000711 ) ) ;
#3513 = CARTESIAN_POINT ( 'NONE',  ( -3.535000000000000142, -1.150000000000000355, 4.049289471110532723 ) ) ;
#3514 = CARTESIAN_POINT ( 'NONE',  ( -0.9950000000000002176, -1.349999999999999645, -4.159551575750739083 ) ) ;
#3515 = FACE_OUTER_BOUND ( 'NONE', #3461, .T. ) ;
#3516 = ORIENTED_EDGE ( 'NONE', *, *, #2726, .T. ) ;
#3517 = EDGE_CURVE ( 'NONE', #8281, #2166, #7639, .T. ) ;
#3518 = AXIS2_PLACEMENT_3D ( 'NONE', #8275, #5983, #2526 ) ;
#3519 = EDGE_LOOP ( 'NONE', ( #6196, #8342, #6473, #1470 ) ) ;
#3520 = DIRECTION ( 'NONE',  ( -1.000000000000000000, 0.000000000000000000, 0.000000000000000000 ) ) ;
#3521 = DIRECTION ( 'NONE',  ( 0.000000000000000000, 0.000000000000000000, -1.000000000000000000 ) ) ;
#3522 = CARTESIAN_POINT ( 'NONE',  ( 0.7699999999999997957, 2.880000000000000338, 0.5999999999999994227 ) ) ;
#3523 = CARTESIAN_POINT ( 'NONE',  ( 4.084999999999999964, -1.450000000000000178, -4.954999999999999183 ) ) ;
#3524 = CARTESIAN_POINT ( 'NONE',  ( 0.7699999999999997957, 2.880000000000000338, 0.09999999999999949207 ) ) ;
#3525 = SURFACE_STYLE_FILL_AREA ( #1196 ) ;
#3526 = EDGE_CURVE ( 'NONE', #2969, #3423, #1510, .T. ) ;
#3527 = ORIENTED_EDGE ( 'NONE', *, *, #2554, .F. ) ;
#3528 = LINE ( 'NONE', #6714, #446 ) ;
#3529 = ORIENTED_EDGE ( 'NONE', *, *, #3240, .F. ) ;
#3530 = FACE_OUTER_BOUND ( 'NONE', #3384, .T. ) ;
#3531 = FILL_AREA_STYLE_COLOUR ( '', #105 ) ;
#3532 = EDGE_CURVE ( 'NONE', #305, #4078, #7624, .T. ) ;
#3533 = PRESENTATION_LAYER_ASSIGNMENT (  '', '', ( #5656 ) ) ;
#3534 = ORIENTED_EDGE ( 'NONE', *, *, #4139, .T. ) ;
#3535 = DIRECTION ( 'NONE',  ( -1.000000000000000000, -0.000000000000000000, 2.168404344971009854E-16 ) ) ;
#3536 = LINE ( 'NONE', #8478, #3589 ) ;
#3537 = ORIENTED_EDGE ( 'NONE', *, *, #9019, .F. ) ;
#3538 = EDGE_LOOP ( 'NONE', ( #5289, #7671, #8179, #4399 ) ) ;
#3539 = VECTOR ( 'NONE', #2023, 1000.000000000000000 ) ;
#3540 = CARTESIAN_POINT ( 'NONE',  ( -1.770000000000000240, 2.780000000000000249, 0.5999999999999994227 ) ) ;
#3541 = VERTEX_POINT ( 'NONE', #5813 ) ;
#3542 = CARTESIAN_POINT ( 'NONE',  ( -3.059999999999999165, -1.150000000000000133, -4.049289471110532723 ) ) ;
#3543 = DIRECTION ( 'NONE',  ( 0.000000000000000000, 0.000000000000000000, -1.000000000000000000 ) ) ;
#3544 = CARTESIAN_POINT ( 'NONE',  ( -4.814999999999998614, 2.396446609406726935, 3.350000000000000533 ) ) ;
#3545 = ORIENTED_EDGE ( 'NONE', *, *, #5199, .F. ) ;
#3546 = STYLED_ITEM ( 'NONE', ( #5509 ), #606 ) ;
#3547 = PRESENTATION_STYLE_ASSIGNMENT (( #1030 ) ) ;
#3548 = CARTESIAN_POINT ( 'NONE',  ( 3.310000000000000053, 4.649244398944980539, 0.7000000000000000666 ) ) ;
#3549 = ORIENTED_EDGE ( 'NONE', *, *, #3888, .T. ) ;
#3550 = CARTESIAN_POINT ( 'NONE',  ( -3.209999999999999964, 2.499999999999999112, 2.060000000000005382 ) ) ;
#3551 = LINE ( 'NONE', #5297, #526 ) ;
#3552 = VERTEX_POINT ( 'NONE', #8561 ) ;
#3553 = FACE_OUTER_BOUND ( 'NONE', #929, .T. ) ;
#3554 = EDGE_CURVE ( 'NONE', #6264, #1796, #4366, .T. ) ;
#3555 = PRESENTATION_LAYER_ASSIGNMENT (  '', '', ( #4056 ) ) ;
#3556 = FACE_OUTER_BOUND ( 'NONE', #5385, .T. ) ;
#3557 = PRESENTATION_STYLE_ASSIGNMENT (( #1192 ) ) ;
#3558 = CARTESIAN_POINT ( 'NONE',  ( 4.559999999999999609, -0.1898791645069245193, -3.750320303035187042 ) ) ;
#3559 = ORIENTED_EDGE ( 'NONE', *, *, #7441, .T. ) ;
#3560 = ORIENTED_EDGE ( 'NONE', *, *, #8545, .F. ) ;
#3561 = CARTESIAN_POINT ( 'NONE',  ( 3.060000000000000053, 0.2500000000000000000, -3.550576545463337119 ) ) ;
#3562 = ADVANCED_FACE ( 'NONE', ( #1430 ), #11, .F. ) ;
#3563 = CARTESIAN_POINT ( 'NONE',  ( 4.559999999999999609, -0.2000000000000000111, -3.550576545463337119 ) ) ;
#3564 = VERTEX_POINT ( 'NONE', #2307 ) ;
#3565 = DIRECTION ( 'NONE',  ( -0.000000000000000000, -1.052623468432525814E-16, 1.000000000000000000 ) ) ;
#3566 = ORIENTED_EDGE ( 'NONE', *, *, #2932, .F. ) ;
#3567 = LINE ( 'NONE', #8284, #6539 ) ;
#3568 = ORIENTED_EDGE ( 'NONE', *, *, #6280, .F. ) ;
#3569 = EDGE_CURVE ( 'NONE', #5161, #4670, #7330, .T. ) ;
#3570 = FILL_AREA_STYLE ('',( #3504 ) ) ;
#3571 = DIRECTION ( 'NONE',  ( -1.000000000000000000, 0.000000000000000000, -0.000000000000000000 ) ) ;
#3572 = ORIENTED_EDGE ( 'NONE', *, *, #6408, .F. ) ;
#3573 = DIRECTION ( 'NONE',  ( -1.118695276855206521E-16, 0.000000000000000000, -1.000000000000000000 ) ) ;
#3574 = PRESENTATION_STYLE_ASSIGNMENT (( #1076 ) ) ;
#3575 = CIRCLE ( 'NONE', #662, 0.1000000000000000472 ) ;
#3576 = ORIENTED_EDGE ( 'NONE', *, *, #9176, .F. ) ;
#3577 = ORIENTED_EDGE ( 'NONE', *, *, #5678, .T. ) ;
#3578 = CIRCLE ( 'NONE', #2716, 0.1999999999999996503 ) ;
#3579 = ORIENTED_EDGE ( 'NONE', *, *, #6157, .T. ) ;
#3580 = AXIS2_PLACEMENT_3D ( 'NONE', #121, #4441, #5167 ) ;
#3581 = FILL_AREA_STYLE_COLOUR ( '', #2679 ) ;
#3582 = SURFACE_SIDE_STYLE ('',( #8484 ) ) ;
#3583 = ORIENTED_EDGE ( 'NONE', *, *, #2269, .T. ) ;
#3584 = ADVANCED_FACE ( 'NONE', ( #1305 ), #6561, .F. ) ;
#3585 = SURFACE_SIDE_STYLE ('',( #1191 ) ) ;
#3586 = ORIENTED_EDGE ( 'NONE', *, *, #7220, .T. ) ;
#3587 = FACE_OUTER_BOUND ( 'NONE', #4877, .T. ) ;
#3588 = ORIENTED_EDGE ( 'NONE', *, *, #3610, .T. ) ;
#3589 = VECTOR ( 'NONE', #968, 1000.000000000000000 ) ;
#3590 = CARTESIAN_POINT ( 'NONE',  ( 3.310000000000000053, 2.780000000000000249, 0.5999999999999994227 ) ) ;
#3591 = ADVANCED_FACE ( 'NONE', ( #4411 ), #2420, .F. ) ;
#3592 = ORIENTED_EDGE ( 'NONE', *, *, #736, .F. ) ;
#3593 = CARTESIAN_POINT ( 'NONE',  ( 0.7699999999999997957, 4.649244398944980539, 0.5999999999999999778 ) ) ;
#3594 = DIRECTION ( 'NONE',  ( 0.000000000000000000, 0.9987187878592513890, 0.05060417746537783368 ) ) ;
#3595 = ORIENTED_EDGE ( 'NONE', *, *, #7027, .T. ) ;
#3596 = SURFACE_STYLE_USAGE ( .BOTH. , #7245 ) ;
#3597 = VECTOR ( 'NONE', #7783, 1000.000000000000000 ) ;
#3598 = CARTESIAN_POINT ( 'NONE',  ( 1.869999999999999662, 2.499999999999999556, -2.060000000000005382 ) ) ;
#3599 = AXIS2_PLACEMENT_3D ( 'NONE', #7673, #8380, #6303 ) ;
#3600 = CARTESIAN_POINT ( 'NONE',  ( 3.310000000000000053, 1.999999999999999112, 0.6999999999999992895 ) ) ;
#3601 = DIRECTION ( 'NONE',  ( 0.000000000000000000, 0.000000000000000000, -1.000000000000000000 ) ) ;
#3602 = ORIENTED_EDGE ( 'NONE', *, *, #7665, .T. ) ;
#3603 = ORIENTED_EDGE ( 'NONE', *, *, #3394, .F. ) ;
#3605 = ORIENTED_EDGE ( 'NONE', *, *, #3416, .F. ) ;
#3604 = CARTESIAN_POINT ( 'NONE',  ( -0.6700000000000004841, 4.649244398944980539, 0.09999999999999995004 ) ) ;
#3606 = DIRECTION ( 'NONE',  ( 0.000000000000000000, 0.9987187878592515000, 0.05060417746537709816 ) ) ;
#3607 = EDGE_CURVE ( 'NONE', #1249, #3025, #1327, .T. ) ;
#3608 = CIRCLE ( 'NONE', #1848, 0.4499999999999999001 ) ;
#3609 = ORIENTED_EDGE ( 'NONE', *, *, #4467, .F. ) ;
#3610 = EDGE_CURVE ( 'NONE', #986, #4338, #1237, .T. ) ;
#3611 = EDGE_LOOP ( 'NONE', ( #7949, #161, #1618, #567, #4738, #299, #7919, #6552 ) ) ;
#3612 = PLANE ( 'NONE',  #4166 ) ;
#3613 = ORIENTED_EDGE ( 'NONE', *, *, #5527, .F. ) ;
#3614 = AXIS2_PLACEMENT_3D ( 'NONE', #8826, #8885, #5268 ) ;
#3615 = DIRECTION ( 'NONE',  ( -1.000000000000000000, -0.000000000000000000, 0.000000000000000000 ) ) ;
#3616 = DIRECTION ( 'NONE',  ( 0.000000000000000000, 0.000000000000000000, 1.000000000000000000 ) ) ;
#3617 = CARTESIAN_POINT ( 'NONE',  ( -3.209999999999999964, 2.249999999999999112, -0.6999999999999994005 ) ) ;
#3618 = EDGE_LOOP ( 'NONE', ( #3182, #6863, #3733, #7234 ) ) ;
#3619 = CARTESIAN_POINT ( 'NONE',  ( -4.084999999999999964, -1.349999999999999645, 4.159551575750739083 ) ) ;
#3620 = DIRECTION ( 'NONE',  ( -1.000000000000000000, 0.000000000000000000, 0.000000000000000000 ) ) ;
#3621 = VERTEX_POINT ( 'NONE', #7200 ) ;
#3622 = DIRECTION ( 'NONE',  ( -0.000000000000000000, -1.052623468432525814E-16, 1.000000000000000000 ) ) ;
#3623 = EDGE_CURVE ( 'NONE', #7762, #4592, #1345, .T. ) ;
#3624 = STYLED_ITEM ( 'NONE', ( #8010 ), #1332 ) ;
#3625 = ORIENTED_EDGE ( 'NONE', *, *, #2700, .T. ) ;
#3626 = LINE ( 'NONE', #3443, #686 ) ;
#3627 = PRESENTATION_STYLE_ASSIGNMENT (( #8925 ) ) ;
#3628 = EDGE_CURVE ( 'NONE', #7143, #6459, #4382, .T. ) ;
#3629 = SURFACE_SIDE_STYLE ('',( #5036 ) ) ;
#3630 = ORIENTED_EDGE ( 'NONE', *, *, #5060, .T. ) ;
#3631 = ORIENTED_EDGE ( 'NONE', *, *, #6265, .F. ) ;
#3632 = VECTOR ( 'NONE', #5762, 1000.000000000000000 ) ;
#3633 = PLANE ( 'NONE',  #8254 ) ;
#3634 = CARTESIAN_POINT ( 'NONE',  ( 2.019999999999999574, -1.150000000000000133, -3.798968757172755062 ) ) ;
#3635 = CARTESIAN_POINT ( 'NONE',  ( -0.5200000000000004619, -0.1898791645069245193, -3.750320303035187042 ) ) ;
#3636 = EDGE_LOOP ( 'NONE', ( #4733, #2283, #7243, #6055 ) ) ;
#3637 = VECTOR ( 'NONE', #4487, 1000.000000000000000 ) ;
#3638 = EDGE_CURVE ( 'NONE', #3782, #151, #7652, .T. ) ;
#3639 = APPLICATION_PROTOCOL_DEFINITION ( 'draft international standard', 'automotive_design', 1998, #5085 ) ;
#3640 = VERTEX_POINT ( 'NONE', #877 ) ;
#3641 = AXIS2_PLACEMENT_3D ( 'NONE', #5705, #4285, #5193 ) ;
#3642 = CARTESIAN_POINT ( 'NONE',  ( 3.060000000000000053, -1.150000000000000133, -3.350000000000000533 ) ) ;
#3643 = LINE ( 'NONE', #3381, #3507 ) ;
#3644 = ORIENTED_EDGE ( 'NONE', *, *, #8296, .F. ) ;
#3645 = ORIENTED_EDGE ( 'NONE', *, *, #9141, .F. ) ;
#3646 = FACE_OUTER_BOUND ( 'NONE', #2010, .T. ) ;
#3647 = ADVANCED_FACE ( 'NONE', ( #7494 ), #1365, .T. ) ;
#3648 = EDGE_CURVE ( 'NONE', #7042, #4817, #7528, .T. ) ;
#3649 = LINE ( 'NONE', #4135, #3693 ) ;
#3650 = DIRECTION ( 'NONE',  ( -0.000000000000000000, -0.000000000000000000, 1.000000000000000000 ) ) ;
#3651 = PLANE ( 'NONE',  #2968 ) ;
#3652 = VERTEX_POINT ( 'NONE', #5229 ) ;
#3653 = DIRECTION ( 'NONE',  ( -1.000000000000000000, -0.000000000000000000, -0.000000000000000000 ) ) ;
#3654 = ORIENTED_EDGE ( 'NONE', *, *, #4570, .T. ) ;
#3655 = EDGE_LOOP ( 'NONE', ( #6556, #3075, #5556, #3241 ) ) ;
#3656 = EDGE_CURVE ( 'NONE', #8842, #6365, #1259, .T. ) ;
#3657 = DIRECTION ( 'NONE',  ( -0.000000000000000000, 0.9987187878592513890, -0.05060417746537783368 ) ) ;
#3658 = SURFACE_STYLE_FILL_AREA ( #2567 ) ;
#3659 = DIRECTION ( 'NONE',  ( -0.000000000000000000, -1.000000000000000000, 0.000000000000000000 ) ) ;
#3660 = ORIENTED_EDGE ( 'NONE', *, *, #2719, .F. ) ;
#3661 = CARTESIAN_POINT ( 'NONE',  ( 0.6699999999999998179, 1.999999999999999112, -0.7000000000000001776 ) ) ;
#3662 = DIRECTION ( 'NONE',  ( 1.000000000000000000, 0.000000000000000000, 0.000000000000000000 ) ) ;
#3663 = ORIENTED_EDGE ( 'NONE', *, *, #2061, .T. ) ;
#3664 = CARTESIAN_POINT ( 'NONE',  ( -1.770000000000000240, 4.649244398944980539, 1.154297719170181592E-16 ) ) ;
#3665 = VECTOR ( 'NONE', #1483, 1000.000000000000000 ) ;
#3666 = CARTESIAN_POINT ( 'NONE',  ( -3.060000000000000053, -0.2000000000000000111, 3.550576545463337119 ) ) ;
#3667 = DIRECTION ( 'NONE',  ( -1.000000000000000000, -0.000000000000000000, -0.000000000000000000 ) ) ;
#3668 = EDGE_CURVE ( 'NONE', #263, #583, #1412, .T. ) ;
#3669 = VERTEX_POINT ( 'NONE', #1472 ) ;
#3670 = ORIENTED_EDGE ( 'NONE', *, *, #2269, .F. ) ;
#3671 = VERTEX_POINT ( 'NONE', #3882 ) ;
#3672 = PLANE ( 'NONE',  #6010 ) ;
#3673 = LINE ( 'NONE', #1668, #6581 ) ;
#3674 = AXIS2_PLACEMENT_3D ( 'NONE', #8068, #2414, #1697 ) ;
#3675 = LINE ( 'NONE', #8991, #3597 ) ;
#3676 = ORIENTED_EDGE ( 'NONE', *, *, #5199, .T. ) ;
#3677 = CARTESIAN_POINT ( 'NONE',  ( -0.5200000000000013500, -1.150000000000000799, -4.049289471110532723 ) ) ;
#3678 = CARTESIAN_POINT ( 'NONE',  ( -4.814999999999998614, 2.250000000000000444, 3.350000000000000533 ) ) ;
#3679 = CARTESIAN_POINT ( 'NONE',  ( 3.209999999999999964, 2.499999999999999556, -2.060000000000005382 ) ) ;
#3680 = CARTESIAN_POINT ( 'NONE',  ( 0.5200000000000000178, 0.2500000000000000000, -3.349999999999997424 ) ) ;
#3681 = ORIENTED_EDGE ( 'NONE', *, *, #2065, .T. ) ;
#3682 = CARTESIAN_POINT ( 'NONE',  ( -7.620000000000000107, 2.780000000000000249, 0.6000000000000003109 ) ) ;
#3683 = ORIENTED_EDGE ( 'NONE', *, *, #610, .T. ) ;
#3684 = ORIENTED_EDGE ( 'NONE', *, *, #3517, .T. ) ;
#3685 = LINE ( 'NONE', #3911, #414 ) ;
#3686 = CARTESIAN_POINT ( 'NONE',  ( 0.5200000000000000178, 0.000000000000000000, 3.349999999999997424 ) ) ;
#3687 = ORIENTED_EDGE ( 'NONE', *, *, #940, .F. ) ;
#3688 = ORIENTED_EDGE ( 'NONE', *, *, #8748, .T. ) ;
#3689 = CIRCLE ( 'NONE', #3984, 0.4499999999999999001 ) ;
#3690 = DIRECTION ( 'NONE',  ( -1.000000000000000000, -0.000000000000000000, 2.168404344971009854E-16 ) ) ;
#3691 = EDGE_CURVE ( 'NONE', #7626, #8734, #4511, .T. ) ;
#3692 = DIRECTION ( 'NONE',  ( 0.000000000000000000, 0.000000000000000000, 1.000000000000000000 ) ) ;
#3693 = VECTOR ( 'NONE', #1740, 1000.000000000000000 ) ;
#3694 = CARTESIAN_POINT ( 'NONE',  ( -3.535000000000000142, -1.700000000000000400, -3.350000000000000533 ) ) ;
#3695 = ORIENTED_EDGE ( 'NONE', *, *, #2484, .F. ) ;
#3696 =( GEOMETRIC_REPRESENTATION_CONTEXT ( 3 ) GLOBAL_UNCERTAINTY_ASSIGNED_CONTEXT ( ( #2249 ) ) GLOBAL_UNIT_ASSIGNED_CONTEXT ( ( #4474, #8150, #259 ) ) REPRESENTATION_CONTEXT ( 'NONE', 'WORKASPACE' ) );
#3697 = ORIENTED_EDGE ( 'NONE', *, *, #5854, .F. ) ;
#3698 = ORIENTED_EDGE ( 'NONE', *, *, #4193, .F. ) ;
#3699 = DIRECTION ( 'NONE',  ( 0.000000000000000000, 0.000000000000000000, 1.000000000000000000 ) ) ;
#3700 = DIRECTION ( 'NONE',  ( 0.000000000000000000, 0.000000000000000000, -1.000000000000000000 ) ) ;
#3701 = CARTESIAN_POINT ( 'NONE',  ( 1.544999999999999929, -1.355060417746537293, 4.059679696964812123 ) ) ;
#3702 = LINE ( 'NONE', #7088, #469 ) ;
#3703 = FACE_OUTER_BOUND ( 'NONE', #5960, .T. ) ;
#3704 = AXIS2_PLACEMENT_3D ( 'NONE', #275, #3113, #4055 ) ;
#3705 = ORIENTED_EDGE ( 'NONE', *, *, #8485, .T. ) ;
#3706 = LINE ( 'NONE', #2723, #6767 ) ;
#3707 = VECTOR ( 'NONE', #8464, 1000.000000000000114 ) ;
#3708 = VECTOR ( 'NONE', #2697, 1000.000000000000000 ) ;
#3709 =( LENGTH_UNIT ( ) NAMED_UNIT ( * ) SI_UNIT ( .MILLI., .METRE. ) );
#3710 = CARTESIAN_POINT ( 'NONE',  ( -0.7700000000000006839, 2.880000000000000338, 0.5999999999999993117 ) ) ;
#3711 = CARTESIAN_POINT ( 'NONE',  ( 1.869999999999999662, 2.249999999999999556, -1.810000000000000275 ) ) ;
#3712 = ORIENTED_EDGE ( 'NONE', *, *, #7786, .F. ) ;
#3713 = ORIENTED_EDGE ( 'NONE', *, *, #6615, .F. ) ;
#3714 = EDGE_CURVE ( 'NONE', #5679, #9194, #4599, .T. ) ;
#3715 = AXIS2_PLACEMENT_3D ( 'NONE', #2221, #7102, #8534 ) ;
#3716 = VERTEX_POINT ( 'NONE', #7467 ) ;
#3717 = EDGE_CURVE ( 'NONE', #839, #5603, #7409, .T. ) ;
#3718 = CARTESIAN_POINT ( 'NONE',  ( 0.7699999999999997957, 2.780000000000000249, 0.5999999999999994227 ) ) ;
#3719 = PLANE ( 'NONE',  #7853 ) ;
#3720 = STYLED_ITEM ( 'NONE', ( #4140 ), #1933 ) ;
#3721 = ORIENTED_EDGE ( 'NONE', *, *, #1455, .T. ) ;
#3722 = FILL_AREA_STYLE ('',( #6489 ) ) ;
#3723 = FACE_OUTER_BOUND ( 'NONE', #5300, .T. ) ;
#3724 = ADVANCED_FACE ( 'NONE', ( #7575 ), #4652, .F. ) ;
#3725 = DIRECTION ( 'NONE',  ( 0.000000000000000000, -0.9987187878592513890, 0.05060417746537783368 ) ) ;
#3726 = DIRECTION ( 'NONE',  ( 0.2505628070857320866, 0.9351131265310290708, 0.2505628070857320866 ) ) ;
#3727 = VECTOR ( 'NONE', #1338, 1000.000000000000000 ) ;
#3728 = CARTESIAN_POINT ( 'NONE',  ( -0.7700000000000006839, 2.780000000000000249, 0.5999999999999993117 ) ) ;
#3729 = VERTEX_POINT ( 'NONE', #6693 ) ;
#3730 = LINE ( 'NONE', #3404, #4058 ) ;
#3731 = EDGE_CURVE ( 'NONE', #8160, #2214, #1460, .T. ) ;
#3732 = ORIENTED_EDGE ( 'NONE', *, *, #9058, .F. ) ;
#3733 = ORIENTED_EDGE ( 'NONE', *, *, #5715, .T. ) ;
#3735 = ORIENTED_EDGE ( 'NONE', *, *, #1847, .F. ) ;
#3734 = CARTESIAN_POINT ( 'NONE',  ( 0.6699999999999998179, 2.249999999999999556, -1.810000000000000275 ) ) ;
#3736 = FILL_AREA_STYLE_COLOUR ( '', #8467 ) ;
#3737 = CARTESIAN_POINT ( 'NONE',  ( 2.019999999999999574, -1.355060417746537293, 4.059679696964812123 ) ) ;
#3738 = LINE ( 'NONE', #6827, #535 ) ;
#3739 = VERTEX_POINT ( 'NONE', #5487 ) ;
#3740 = ORIENTED_EDGE ( 'NONE', *, *, #7905, .F. ) ;
#3741 = EDGE_CURVE ( 'NONE', #7219, #263, #1478, .T. ) ;
#3742 = CARTESIAN_POINT ( 'NONE',  ( 2.019999999999999574, -1.150000000000000133, 3.798968757172755062 ) ) ;
#3743 = AXIS2_PLACEMENT_3D ( 'NONE', #5550, #2586, #8496 ) ;
#3744 = ORIENTED_EDGE ( 'NONE', *, *, #7513, .T. ) ;
#3745 = DIRECTION ( 'NONE',  ( 0.000000000000000000, 0.000000000000000000, -1.000000000000000000 ) ) ;
#3746 = PLANE ( 'NONE',  #1529 ) ;
#3747 = DIRECTION ( 'NONE',  ( 0.000000000000000000, 0.000000000000000000, 1.000000000000000000 ) ) ;
#3748 = CARTESIAN_POINT ( 'NONE',  ( 0.6699999999999998179, 2.499999999999999112, 2.060000000000005382 ) ) ;
#3749 = ORIENTED_EDGE ( 'NONE', *, *, #1248, .F. ) ;
#3750 = EDGE_CURVE ( 'NONE', #4983, #5236, #1548, .T. ) ;
#3751 = FACE_OUTER_BOUND ( 'NONE', #5192, .T. ) ;
#3752 = ORIENTED_EDGE ( 'NONE', *, *, #4561, .F. ) ;
#3753 = LINE ( 'NONE', #8890, #452 ) ;
#3754 = DIRECTION ( 'NONE',  ( 0.000000000000000000, 1.000000000000000000, 2.891205793294678326E-16 ) ) ;
#3755 = ORIENTED_EDGE ( 'NONE', *, *, #4685, .T. ) ;
#3756 = CARTESIAN_POINT ( 'NONE',  ( -4.709999999999999964, 2.500000000000000000, 2.300000000000000266 ) ) ;
#3757 = DIRECTION ( 'NONE',  ( -1.000000000000000000, 0.000000000000000000, 0.000000000000000000 ) ) ;
#3758 = EDGE_CURVE ( 'NONE', #4144, #1971, #4741, .T. ) ;
#3759 = LINE ( 'NONE', #3310, #7020 ) ;
#3760 = PLANE ( 'NONE',  #9037 ) ;
#3761 = ADVANCED_FACE ( 'NONE', ( #7799 ), #5277, .F. ) ;
#3762 = EDGE_LOOP ( 'NONE', ( #3752, #4409, #3963, #4014 ) ) ;
#3763 = LINE ( 'NONE', #6062, #3849 ) ;
#3764 = ORIENTED_EDGE ( 'NONE', *, *, #2469, .T. ) ;
#3765 = DIRECTION ( 'NONE',  ( 0.000000000000000000, 0.000000000000000000, 1.000000000000000000 ) ) ;
#3766 = EDGE_CURVE ( 'NONE', #2071, #4520, #4755, .T. ) ;
#3767 = AXIS2_PLACEMENT_3D ( 'NONE', #2381, #3765, #211 ) ;
#3768 = EDGE_LOOP ( 'NONE', ( #4096, #208, #6396, #3576 ) ) ;
#3769 = DIRECTION ( 'NONE',  ( 0.000000000000000000, -0.000000000000000000, 1.000000000000000000 ) ) ;
#3770 = DIRECTION ( 'NONE',  ( 1.000000000000000000, 0.000000000000000000, -0.000000000000000000 ) ) ;
#3771 = AXIS2_PLACEMENT_3D ( 'NONE', #8930, #6945, #2605 ) ;
#3772 = DIRECTION ( 'NONE',  ( -7.457968512368058673E-17, 0.000000000000000000, -1.000000000000000000 ) ) ;
#3773 = CIRCLE ( 'NONE', #7857, 0.1999999999999996503 ) ;
#3774 = CARTESIAN_POINT ( 'NONE',  ( 1.769999999999999352, 2.780000000000000249, 0.09999999999999940881 ) ) ;
#3775 = ORIENTED_EDGE ( 'NONE', *, *, #255, .T. ) ;
#3776 = LINE ( 'NONE', #2711, #6749 ) ;
#3777 = ORIENTED_EDGE ( 'NONE', *, *, #8252, .F. ) ;
#3778 = DIRECTION ( 'NONE',  ( 0.000000000000000000, 0.000000000000000000, 1.000000000000000000 ) ) ;
#3779 = PLANE ( 'NONE',  #724 ) ;
#3780 = EDGE_CURVE ( 'NONE', #8625, #5441, #7739, .T. ) ;
#3781 = CARTESIAN_POINT ( 'NONE',  ( -0.5200000000000004619, -1.150000000000000133, -4.049289471110532723 ) ) ;
#3782 = VERTEX_POINT ( 'NONE', #5976 ) ;
#3783 = LINE ( 'NONE', #3180, #428 ) ;
#3784 = ORIENTED_EDGE ( 'NONE', *, *, #8948, .T. ) ;
#3785 = UNCERTAINTY_MEASURE_WITH_UNIT (LENGTH_MEASURE( 1.000000000000000082E-05 ), #568, 'distance_accuracy_value', 'NONE');
#3786 = LINE ( 'NONE', #7580, #6830 ) ;
#3787 = VECTOR ( 'NONE', #7359, 1000.000000000000227 ) ;
#3788 =( NAMED_UNIT ( * ) PLANE_ANGLE_UNIT ( ) SI_UNIT ( $, .RADIAN. ) );
#3789 = FILL_AREA_STYLE ('',( #2346 ) ) ;
#3790 = CARTESIAN_POINT ( 'NONE',  ( -2.020000000000000018, 0.000000000000000000, -3.349999999999997424 ) ) ;
#3791 = DIRECTION ( 'NONE',  ( 0.000000000000000000, 0.000000000000000000, 1.000000000000000000 ) ) ;
#3792 = ORIENTED_EDGE ( 'NONE', *, *, #343, .F. ) ;
#3793 = AXIS2_PLACEMENT_3D ( 'NONE', #5686, #4453, #8717 ) ;
#3794 = ORIENTED_EDGE ( 'NONE', *, *, #5939, .F. ) ;
#3796 = VERTEX_POINT ( 'NONE', #2519 ) ;
#3795 = CARTESIAN_POINT ( 'NONE',  ( 3.060000000000000053, 0.2500000000000000000, -3.349999999999997424 ) ) ;
#3797 = CARTESIAN_POINT ( 'NONE',  ( 3.310000000000000053, 2.780000000000000249, -4.250072516143174423E-16 ) ) ;
#3798 = CIRCLE ( 'NONE', #3142, 0.1000000000000001582 ) ;
#3799 = VECTOR ( 'NONE', #6406, 1000.000000000000000 ) ;
#3800 = EDGE_CURVE ( 'NONE', #8126, #2577, #4664, .T. ) ;
#3801 = AXIS2_PLACEMENT_3D ( 'NONE', #5535, #3216, #6759 ) ;
#3802 = ORIENTED_EDGE ( 'NONE', *, *, #1093, .F. ) ;
#3803 = ADVANCED_FACE ( 'NONE', ( #7702 ), #6166, .T. ) ;
#3804 = PLANE ( 'NONE',  #5964 ) ;
#3805 = VECTOR ( 'NONE', #4266, 1000.000000000000000 ) ;
#3806 = ORIENTED_EDGE ( 'NONE', *, *, #8608, .F. ) ;
#3807 = FACE_OUTER_BOUND ( 'NONE', #4732, .T. ) ;
#3808 =( NAMED_UNIT ( * ) SI_UNIT ( $, .STERADIAN. ) SOLID_ANGLE_UNIT ( ) );
#3809 = DIRECTION ( 'NONE',  ( 0.000000000000000000, 0.000000000000000000, -1.000000000000000000 ) ) ;
#3810 = DIRECTION ( 'NONE',  ( 1.000000000000000000, 0.000000000000000000, 0.000000000000000000 ) ) ;
#3811 = DIRECTION ( 'NONE',  ( 0.000000000000000000, 0.000000000000000000, -1.000000000000000000 ) ) ;
#3812 =( LENGTH_UNIT ( ) NAMED_UNIT ( * ) SI_UNIT ( .MILLI., .METRE. ) );
#3813 = ORIENTED_EDGE ( 'NONE', *, *, #6434, .F. ) ;
#3814 = VECTOR ( 'NONE', #6858, 1000.000000000000000 ) ;
#3815 = ORIENTED_EDGE ( 'NONE', *, *, #6696, .F. ) ;
#3816 = ORIENTED_EDGE ( 'NONE', *, *, #2457, .F. ) ;
#3817 = VERTEX_POINT ( 'NONE', #8315 ) ;
#3818 = LINE ( 'NONE', #2714, #6884 ) ;
#3819 = EDGE_CURVE ( 'NONE', #1730, #1966, #1522, .T. ) ;
#3820 = VERTEX_POINT ( 'NONE', #1223 ) ;
#3821 = LINE ( 'NONE', #7898, #3665 ) ;
#3822 = CARTESIAN_POINT ( 'NONE',  ( -3.060000000000000053, -0.1898791645069244916, 3.750320303035187042 ) ) ;
#3823 =( GEOMETRIC_REPRESENTATION_CONTEXT ( 3 ) GLOBAL_UNCERTAINTY_ASSIGNED_CONTEXT ( ( #6480 ) ) GLOBAL_UNIT_ASSIGNED_CONTEXT ( ( #5176, #801, #2293 ) ) REPRESENTATION_CONTEXT ( 'NONE', 'WORKASPACE' ) );
#3824 = FACE_OUTER_BOUND ( 'NONE', #6975, .T. ) ;
#3825 = ORIENTED_EDGE ( 'NONE', *, *, #3648, .F. ) ;
#3826 = CARTESIAN_POINT ( 'NONE',  ( -5.453268590217983380, -1.350000000000000089, 0.000000000000000000 ) ) ;
#3827 = ORIENTED_EDGE ( 'NONE', *, *, #7260, .F. ) ;
#3828 = ORIENTED_EDGE ( 'NONE', *, *, #6030, .T. ) ;
#3829 = DIRECTION ( 'NONE',  ( 0.000000000000000000, 0.000000000000000000, 1.000000000000000000 ) ) ;
#3830 = ORIENTED_EDGE ( 'NONE', *, *, #5455, .F. ) ;
#3831 = DIRECTION ( 'NONE',  ( 1.000000000000000000, 0.000000000000000000, -0.000000000000000000 ) ) ;
#3832 = DIRECTION ( 'NONE',  ( -0.000000000000000000, 0.7071067811865404673, -0.7071067811865545671 ) ) ;
#3833 = CARTESIAN_POINT ( 'NONE',  ( 4.559999999999999609, -1.355060417746537293, 4.059679696964812123 ) ) ;
#3834 = CIRCLE ( 'NONE', #6447, 0.4499999999999999001 ) ;
#3835 = DIRECTION ( 'NONE',  ( 1.000000000000000000, 0.000000000000000000, 0.000000000000000000 ) ) ;
#3836 = CARTESIAN_POINT ( 'NONE',  ( 4.309999999999999609, 1.999999999999999112, 0.6999999999999991784 ) ) ;
#3837 = ADVANCED_FACE ( 'NONE', ( #1621 ), #4728, .F. ) ;
#3838 = ORIENTED_EDGE ( 'NONE', *, *, #1828, .F. ) ;
#3839 = FACE_OUTER_BOUND ( 'NONE', #8834, .T. ) ;
#3840 = ORIENTED_EDGE ( 'NONE', *, *, #7184, .F. ) ;
#3841 = CIRCLE ( 'NONE', #8048, 0.1000000000000000472 ) ;
#3842 = EDGE_CURVE ( 'NONE', #5250, #8625, #1595, .T. ) ;
#3843 = PLANE ( 'NONE',  #4128 ) ;
#3844 = CARTESIAN_POINT ( 'NONE',  ( 0.6700000000000000400, 2.780000000000000249, 0.09999999999999954758 ) ) ;
#3845 = ADVANCED_FACE ( 'NONE', ( #1655 ), #5842, .T. ) ;
#3846 = ORIENTED_EDGE ( 'NONE', *, *, #5235, .F. ) ;
#3847 = EDGE_CURVE ( 'NONE', #4800, #3886, #8863, .T. ) ;
#3848 = DIRECTION ( 'NONE',  ( 0.000000000000000000, -0.9987187878592515000, -0.05060417746537709816 ) ) ;
#3849 = VECTOR ( 'NONE', #6789, 1000.000000000000000 ) ;
#3850 = MECHANICAL_DESIGN_GEOMETRIC_PRESENTATION_REPRESENTATION (  '', ( #7658 ), #6478 ) ;
#3851 = EDGE_LOOP ( 'NONE', ( #7642, #5417, #1918, #7190 ) ) ;
#3852 = ORIENTED_EDGE ( 'NONE', *, *, #4369, .F. ) ;
#3853 = EDGE_LOOP ( 'NONE', ( #1081, #3744, #6132, #61, #7018, #1454, #7034, #4254 ) ) ;
#3854 = VECTOR ( 'NONE', #5375, 1000.000000000000000 ) ;
#3855 = EDGE_CURVE ( 'NONE', #6731, #2491, #5758, .T. ) ;
#3856 = ORIENTED_EDGE ( 'NONE', *, *, #8716, .F. ) ;
#3857 = CARTESIAN_POINT ( 'NONE',  ( -3.060000000000000053, 0.000000000000000000, -3.550576545463337119 ) ) ;
#3858 = FACE_OUTER_BOUND ( 'NONE', #4001, .T. ) ;
#3859 = DIRECTION ( 'NONE',  ( -7.203844397746955050E-17, -0.2588190451025213501, -0.9659258262890680902 ) ) ;
#3860 = SURFACE_STYLE_FILL_AREA ( #8460 ) ;
#3861 = DIRECTION ( 'NONE',  ( 1.000000000000000000, -4.565061778886337988E-16, 2.313075504410461447E-17 ) ) ;
#3862 = CARTESIAN_POINT ( 'NONE',  ( 4.410000000000000142, 2.249999999999999112, 1.809999999999999831 ) ) ;
#3863 = ORIENTED_EDGE ( 'NONE', *, *, #991, .T. ) ;
#3864 = ORIENTED_EDGE ( 'NONE', *, *, #1217, .T. ) ;
#3865 = PRESENTATION_STYLE_ASSIGNMENT (( #769 ) ) ;
#3866 = ORIENTED_EDGE ( 'NONE', *, *, #2353, .F. ) ;
#3867 = EDGE_CURVE ( 'NONE', #6592, #6464, #2819, .T. ) ;
#3868 = VERTEX_POINT ( 'NONE', #3790 ) ;
#3869 = AXIS2_PLACEMENT_3D ( 'NONE', #5162, #7241, #113 ) ;
#3870 = DIRECTION ( 'NONE',  ( -1.000000000000000000, 0.000000000000000000, -0.000000000000000000 ) ) ;
#3871 = DIRECTION ( 'NONE',  ( -0.000000000000000000, 0.7071067811865404673, -0.7071067811865545671 ) ) ;
#3872 = ORIENTED_EDGE ( 'NONE', *, *, #7032, .F. ) ;
#3873 = VECTOR ( 'NONE', #262, 1000.000000000000000 ) ;
#3874 = EDGE_CURVE ( 'NONE', #8089, #1542, #3008, .T. ) ;
#3875 = CARTESIAN_POINT ( 'NONE',  ( 2.019999999999999574, -1.150000000000000133, 3.550576545463337119 ) ) ;
#3876 = PRESENTATION_STYLE_ASSIGNMENT (( #4747 ) ) ;
#3877 = ORIENTED_EDGE ( 'NONE', *, *, #5636, .F. ) ;
#3878 = AXIS2_PLACEMENT_3D ( 'NONE', #261, #8321, #5442 ) ;
#3879 = CIRCLE ( 'NONE', #739, 0.1000000000000011297 ) ;
#3880 = CARTESIAN_POINT ( 'NONE',  ( 0.6699999999999998179, 2.499999999999999556, -2.060000000000005382 ) ) ;
#3881 = CARTESIAN_POINT ( 'NONE',  ( -0.5200000000000004619, 0.2500000000000000000, -3.349999999999997424 ) ) ;
#3882 = CARTESIAN_POINT ( 'NONE',  ( -4.559999999999999609, 0.2500000000000000000, 3.550576545463337119 ) ) ;
#3883 = ORIENTED_EDGE ( 'NONE', *, *, #7786, .T. ) ;
#3884 = DIRECTION ( 'NONE',  ( -0.000000000000000000, -1.000000000000000000, -2.891205793294678326E-16 ) ) ;
#3885 = ORIENTED_EDGE ( 'NONE', *, *, #8948, .F. ) ;
#3886 = VERTEX_POINT ( 'NONE', #354 ) ;
#3887 = ORIENTED_EDGE ( 'NONE', *, *, #8994, .F. ) ;
#3888 = EDGE_CURVE ( 'NONE', #4985, #1138, #17, .T. ) ;
#3889 = LINE ( 'NONE', #4785, #873 ) ;
#3890 = AXIS2_PLACEMENT_3D ( 'NONE', #5961, #1282, #3209 ) ;
#3891 = CARTESIAN_POINT ( 'NONE',  ( -0.7700000000000006839, 1.999999999999999112, -8.673617379884035472E-16 ) ) ;
#3892 = ORIENTED_EDGE ( 'NONE', *, *, #8923, .T. ) ;
#3893 = DIRECTION ( 'NONE',  ( -1.000000000000000000, 4.565061778886337002E-16, 0.000000000000000000 ) ) ;
#3894 = ADVANCED_FACE ( 'NONE', ( #8838 ), #8511, .F. ) ;
#3895 = VECTOR ( 'NONE', #1870, 1000.000000000000000 ) ;
#3896 = CARTESIAN_POINT ( 'NONE',  ( -1.545000000000000373, -0.1898791645069245193, 3.750320303035187042 ) ) ;
#3897 = ORIENTED_EDGE ( 'NONE', *, *, #7254, .F. ) ;
#3898 = LINE ( 'NONE', #5421, #3935 ) ;
#3899 = VECTOR ( 'NONE', #4112, 1000.000000000000000 ) ;
#3900 = EDGE_CURVE ( 'NONE', #2761, #916, #5882, .T. ) ;
#3901 = PRODUCT_DEFINITION ( 'UNKNOWN', '', #7098, #7503 ) ;
#3902 = DIRECTION ( 'NONE',  ( -1.000000000000000000, -0.000000000000000000, 0.000000000000000000 ) ) ;
#3903 = MECHANICAL_DESIGN_GEOMETRIC_PRESENTATION_REPRESENTATION (  '', ( #2274 ), #5948 ) ;
#3904 = EDGE_LOOP ( 'NONE', ( #999, #3282, #6915, #4126 ) ) ;
#3905 = VECTOR ( 'NONE', #3347, 1000.000000000000000 ) ;
#3906 = ORIENTED_EDGE ( 'NONE', *, *, #1067, .F. ) ;
#3907 =( NAMED_UNIT ( * ) SI_UNIT ( $, .STERADIAN. ) SOLID_ANGLE_UNIT ( ) );
#3908 = ORIENTED_EDGE ( 'NONE', *, *, #5819, .T. ) ;
#3909 = DIRECTION ( 'NONE',  ( 1.000000000000000000, 0.000000000000000000, 0.000000000000000000 ) ) ;
#3910 = DIRECTION ( 'NONE',  ( -1.000000000000000000, -0.000000000000000000, -0.000000000000000000 ) ) ;
#3911 = CARTESIAN_POINT ( 'NONE',  ( -0.5200000000000004619, -1.450000000000000178, -4.954999999999999183 ) ) ;
#3912 = DIRECTION ( 'NONE',  ( 0.000000000000000000, 0.000000000000000000, -1.000000000000000000 ) ) ;
#3913 = CARTESIAN_POINT ( 'NONE',  ( 0.5200000000000000178, -1.150000000000000133, -3.798968757172755062 ) ) ;
#3914 = EDGE_LOOP ( 'NONE', ( #5910, #6109, #402, #6971 ) ) ;
#3915 = UNCERTAINTY_MEASURE_WITH_UNIT (LENGTH_MEASURE( 1.000000000000000082E-05 ), #5563, 'distance_accuracy_value', 'NONE');
#3916 = COLOUR_RGB ( '',1.000000000000000000, 1.000000000000000000, 0.5019607843137254832 ) ;
#3917 = CARTESIAN_POINT ( 'NONE',  ( 1.769999999999999352, 1.999999999999999112, 0.5999999999999990896 ) ) ;
#3918 = ADVANCED_FACE ( 'NONE', ( #2682 ), #9188, .F. ) ;
#3919 = AXIS2_PLACEMENT_3D ( 'NONE', #6809, #7579, #8817 ) ;
#3920 = CARTESIAN_POINT ( 'NONE',  ( -3.059999999999999165, -1.150000000000000133, -3.798968757172755062 ) ) ;
#3921 = ORIENTED_EDGE ( 'NONE', *, *, #5744, .T. ) ;
#3922 = VERTEX_POINT ( 'NONE', #3420 ) ;
#3923 = DIRECTION ( 'NONE',  ( 1.000000000000000000, -0.000000000000000000, -0.000000000000000000 ) ) ;
#3924 = ORIENTED_EDGE ( 'NONE', *, *, #517, .F. ) ;
#3925 = ORIENTED_EDGE ( 'NONE', *, *, #7735, .T. ) ;
#3926 = AXIS2_PLACEMENT_3D ( 'NONE', #1359, #8370, #8424 ) ;
#3927 = ADVANCED_FACE ( 'NONE', ( #9082 ), #8610, .F. ) ;
#3928 = DIRECTION ( 'NONE',  ( -1.000000000000000000, 0.000000000000000000, -0.000000000000000000 ) ) ;
#3929 = EDGE_LOOP ( 'NONE', ( #2259, #4498, #2213, #4205, #1716, #4169, #5605, #4812 ) ) ;
#3930 = DIRECTION ( 'NONE',  ( -0.000000000000000000, 1.000000000000000000, -0.000000000000000000 ) ) ;
#3931 = EDGE_CURVE ( 'NONE', #4800, #5946, #6317, .T. ) ;
#3932 = DIRECTION ( 'NONE',  ( 0.000000000000000000, -0.9987187878592515000, -0.05060417746537710509 ) ) ;
#3933 = DIRECTION ( 'NONE',  ( 1.000000000000000000, 0.000000000000000000, 0.000000000000000000 ) ) ;
#3934 = CARTESIAN_POINT ( 'NONE',  ( -3.060000000000000053, -1.700000000000000178, -4.159551575750739083 ) ) ;
#3935 = VECTOR ( 'NONE', #6819, 1000.000000000000000 ) ;
#3936 = CARTESIAN_POINT ( 'NONE',  ( -2.020000000000000018, -0.1772281201405800644, -4.000000000000000000 ) ) ;
#3937 = PRESENTATION_STYLE_ASSIGNMENT (( #4248 ) ) ;
#3938 = SPHERICAL_SURFACE ( 'NONE', #3674, 0.1000000000000000056 ) ;
#3939 = VERTEX_POINT ( 'NONE', #2135 ) ;
#3940 = EDGE_LOOP ( 'NONE', ( #2055, #1528, #4979, #6629, #7345, #7291, #1525, #7629 ) ) ;
#3941 = PRODUCT_DEFINITION_CONTEXT ( 'detailed design', #5085, 'design' ) ;
#3942 = EDGE_CURVE ( 'NONE', #2159, #8281, #258, .T. ) ;
#3943 =( GEOMETRIC_REPRESENTATION_CONTEXT ( 3 ) GLOBAL_UNCERTAINTY_ASSIGNED_CONTEXT ( ( #2542 ) ) GLOBAL_UNIT_ASSIGNED_CONTEXT ( ( #5226, #5862, #6557 ) ) REPRESENTATION_CONTEXT ( 'NONE', 'WORKASPACE' ) );
#3944 = CYLINDRICAL_SURFACE ( 'NONE', #4425, 0.1000000000000000056 ) ;
#3945 = ORIENTED_EDGE ( 'NONE', *, *, #2175, .T. ) ;
#3946 = ORIENTED_EDGE ( 'NONE', *, *, #8078, .T. ) ;
#3948 = ORIENTED_EDGE ( 'NONE', *, *, #3554, .T. ) ;
#3947 = CARTESIAN_POINT ( 'NONE',  ( 0.5200000000000000178, 0.2500000000000000000, -3.550576545463337119 ) ) ;
#3949 = CARTESIAN_POINT ( 'NONE',  ( -3.209999999999999964, 1.999999999999999112, 0.6999999999999998446 ) ) ;
#3950 = LINE ( 'NONE', #1245, #924 ) ;
#3951 = AXIS2_PLACEMENT_3D ( 'NONE', #8597, #4380, #6614 ) ;
#3952 = ORIENTED_EDGE ( 'NONE', *, *, #8633, .F. ) ;
#3953 =( NAMED_UNIT ( * ) SI_UNIT ( $, .STERADIAN. ) SOLID_ANGLE_UNIT ( ) );
#3954 = ORIENTED_EDGE ( 'NONE', *, *, #9104, .F. ) ;
#3955 = LINE ( 'NONE', #3524, #3899 ) ;
#3956 = ADVANCED_FACE ( 'NONE', ( #6403 ), #8463, .F. ) ;
#3957 =( NAMED_UNIT ( * ) SI_UNIT ( $, .STERADIAN. ) SOLID_ANGLE_UNIT ( ) );
#3958 =( NAMED_UNIT ( * ) PLANE_ANGLE_UNIT ( ) SI_UNIT ( $, .RADIAN. ) );
#3959 = DIRECTION ( 'NONE',  ( 0.000000000000000000, -1.000000000000000000, 0.000000000000000000 ) ) ;
#3960 = DIRECTION ( 'NONE',  ( 0.000000000000000000, -0.9987187878592515000, 0.05060417746537710509 ) ) ;
#3961 = VERTEX_POINT ( 'NONE', #7068 ) ;
#3962 = DIRECTION ( 'NONE',  ( 0.000000000000000000, 0.000000000000000000, -1.000000000000000000 ) ) ;
#3963 = ORIENTED_EDGE ( 'NONE', *, *, #1847, .T. ) ;
#3964 = ORIENTED_EDGE ( 'NONE', *, *, #4890, .T. ) ;
#3965 = AXIS2_PLACEMENT_3D ( 'NONE', #8565, #4145, #4874 ) ;
#3966 = ORIENTED_EDGE ( 'NONE', *, *, #6263, .F. ) ;
#3967 = MANIFOLD_SOLID_BREP ( 'LPattern1[3]', #2523 ) ;
#3968 =( BOUNDED_CURVE ( )  B_SPLINE_CURVE ( 3, ( #8225, #8911, #8388, #2747 ),
 .UNSPECIFIED., .F., .F. ) 
 B_SPLINE_CURVE_WITH_KNOTS ( ( 4, 4 ),
 ( 3.141592653589793116, 4.712388980384688786 ),
 .UNSPECIFIED. ) 
 CURVE ( )  GEOMETRIC_REPRESENTATION_ITEM ( )  RATIONAL_B_SPLINE_CURVE ( ( 1.000000000000000000, 0.8047378541243652705, 0.8047378541243652705, 1.000000000000000000 ) ) 
 REPRESENTATION_ITEM ( '' )  );
#3969 = ORIENTED_EDGE ( 'NONE', *, *, #7601, .T. ) ;
#3970 = CARTESIAN_POINT ( 'NONE',  ( -5.309999999999999609, 2.400000000000000355, 2.300000000000000711 ) ) ;
#3971 = DIRECTION ( 'NONE',  ( 1.000000000000000000, 0.000000000000000000, 0.000000000000000000 ) ) ;
#3972 = EDGE_CURVE ( 'NONE', #872, #1024, #3316, .T. ) ;
#3973 = SURFACE_STYLE_FILL_AREA ( #8414 ) ;
#3974 = VECTOR ( 'NONE', #2059, 1000.000000000000000 ) ;
#3975 = VECTOR ( 'NONE', #3622, 1000.000000000000000 ) ;
#3976 = DIRECTION ( 'NONE',  ( -0.000000000000000000, -1.000000000000000000, -2.891205793294678326E-16 ) ) ;
#3977 = ORIENTED_EDGE ( 'NONE', *, *, #7059, .T. ) ;
#3978 = VERTEX_POINT ( 'NONE', #3482 ) ;
#3979 = ORIENTED_EDGE ( 'NONE', *, *, #3819, .F. ) ;
#3980 = ORIENTED_EDGE ( 'NONE', *, *, #7574, .T. ) ;
#3981 = DIRECTION ( 'NONE',  ( 0.000000000000000000, -0.000000000000000000, 1.000000000000000000 ) ) ;
#3982 = CARTESIAN_POINT ( 'NONE',  ( 0.6700000000000000400, 2.780000000000000249, 0.5999999999999994227 ) ) ;
#3983 = EDGE_CURVE ( 'NONE', #8995, #2508, #48, .T. ) ;
#3984 = AXIS2_PLACEMENT_3D ( 'NONE', #3034, #6645, #2317 ) ;
#3985 = CARTESIAN_POINT ( 'NONE',  ( 0.5200000000000000178, -0.1772281201405800644, 4.000000000000000000 ) ) ;
#3986 = LINE ( 'NONE', #3833, #7312 ) ;
#3987 = ORIENTED_EDGE ( 'NONE', *, *, #5826, .F. ) ;
#3988 = ADVANCED_FACE ( 'NONE', ( #227 ), #7884, .F. ) ;
#3989 = LINE ( 'NONE', #348, #3895 ) ;
#3990 = MECHANICAL_DESIGN_GEOMETRIC_PRESENTATION_REPRESENTATION (  '', ( #7054 ), #7176 ) ;
#3991 = EDGE_LOOP ( 'NONE', ( #6974, #6185, #1070, #6825, #2272, #3559, #4591, #1119 ) ) ;
#3992 = LINE ( 'NONE', #7458, #4027 ) ;
#3993 = LINE ( 'NONE', #9025, #3974 ) ;
#3994 = CARTESIAN_POINT ( 'NONE',  ( -3.209999999999999964, 2.499999999999999556, -2.060000000000005382 ) ) ;
#3995 = DIRECTION ( 'NONE',  ( 0.000000000000000000, 1.000000000000000000, 0.000000000000000000 ) ) ;
#3996 = ORIENTED_EDGE ( 'NONE', *, *, #4385, .F. ) ;
#3997 = VERTEX_POINT ( 'NONE', #742 ) ;
#3998 = EDGE_CURVE ( 'NONE', #1745, #3669, #6418, .T. ) ;
#3999 = ORIENTED_EDGE ( 'NONE', *, *, #7344, .F. ) ;
#4000 = ORIENTED_EDGE ( 'NONE', *, *, #2205, .T. ) ;
#4001 = EDGE_LOOP ( 'NONE', ( #4388, #6794, #7372, #1466 ) ) ;
#4002 = SURFACE_STYLE_FILL_AREA ( #3570 ) ;
#4003 = STYLED_ITEM ( 'NONE', ( #3028 ), #5707 ) ;
#4004 = DIRECTION ( 'NONE',  ( -0.000000000000000000, -0.000000000000000000, 1.000000000000000000 ) ) ;
#4005 = ORIENTED_EDGE ( 'NONE', *, *, #7232, .F. ) ;
#4006 = CARTESIAN_POINT ( 'NONE',  ( -4.559999999999999609, 0.2500000000000000000, 3.349999999999997424 ) ) ;
#4007 = CARTESIAN_POINT ( 'NONE',  ( -5.815000000000000391, 2.000000000000000000, 3.350000000000000977 ) ) ;
#4008 = DIRECTION ( 'NONE',  ( -1.000000000000000000, 0.000000000000000000, 0.000000000000000000 ) ) ;
#4009 = ORIENTED_EDGE ( 'NONE', *, *, #5947, .F. ) ;
#4010 = CIRCLE ( 'NONE', #1486, 0.1000000000000000056 ) ;
#4011 = DIRECTION ( 'NONE',  ( -1.000000000000000000, -0.000000000000000000, -0.000000000000000000 ) ) ;
#4012 = EDGE_CURVE ( 'NONE', #2145, #1367, #6433, .T. ) ;
#4013 = VECTOR ( 'NONE', #8596, 1000.000000000000000 ) ;
#4014 = ORIENTED_EDGE ( 'NONE', *, *, #8271, .T. ) ;
#4015 = ORIENTED_EDGE ( 'NONE', *, *, #5712, .T. ) ;
#4016 = EDGE_CURVE ( 'NONE', #2239, #3118, #6463, .T. ) ;
#4017 = DIRECTION ( 'NONE',  ( -1.000000000000000000, 4.565061778886337002E-16, 0.000000000000000000 ) ) ;
#4018 =( GEOMETRIC_REPRESENTATION_CONTEXT ( 3 ) GLOBAL_UNCERTAINTY_ASSIGNED_CONTEXT ( ( #8879 ) ) GLOBAL_UNIT_ASSIGNED_CONTEXT ( ( #5190, #4936, #1418 ) ) REPRESENTATION_CONTEXT ( 'NONE', 'WORKASPACE' ) );
#4019 = PLANE ( 'NONE',  #974 ) ;
#4020 = CARTESIAN_POINT ( 'NONE',  ( -0.7700000000000006839, 1.999999999999999112, 0.5999999999999990896 ) ) ;
#4021 = LINE ( 'NONE', #3345, #4253 ) ;
#4022 = ORIENTED_EDGE ( 'NONE', *, *, #864, .T. ) ;
#4023 = CARTESIAN_POINT ( 'NONE',  ( 1.869999999999999662, 2.780000000000000249, 0.5999999999999993117 ) ) ;
#4024 = DIRECTION ( 'NONE',  ( 1.000000000000000000, 0.000000000000000000, 0.000000000000000000 ) ) ;
#4025 = VECTOR ( 'NONE', #483, 1000.000000000000000 ) ;
#4026 = ORIENTED_EDGE ( 'NONE', *, *, #8608, .T. ) ;
#4027 = VECTOR ( 'NONE', #8197, 1000.000000000000000 ) ;
#4028 = LINE ( 'NONE', #2750, #3708 ) ;
#4029 = CIRCLE ( 'NONE', #8232, 0.4499999999999999001 ) ;
#4030 = CARTESIAN_POINT ( 'NONE',  ( -4.410000000000000142, 1.999999999999999112, 0.6999999999999998446 ) ) ;
#4031 = DIRECTION ( 'NONE',  ( -0.000000000000000000, -0.000000000000000000, -1.000000000000000000 ) ) ;
#4032 = EDGE_CURVE ( 'NONE', #2945, #5038, #3203, .T. ) ;
#4033 = DIRECTION ( 'NONE',  ( 0.000000000000000000, 0.9987187878592513890, 0.05060417746537783368 ) ) ;
#4034 = DIRECTION ( 'NONE',  ( 0.000000000000000000, 0.000000000000000000, 1.000000000000000000 ) ) ;
#4035 = CARTESIAN_POINT ( 'NONE',  ( -1.770000000000000240, 4.649244398944980539, 0.1000000000000000611 ) ) ;
#4036 = ORIENTED_EDGE ( 'NONE', *, *, #5235, .T. ) ;
#4037 = ORIENTED_EDGE ( 'NONE', *, *, #4588, .F. ) ;
#4038 = EDGE_CURVE ( 'NONE', #47, #892, #3429, .T. ) ;
#4039 = CIRCLE ( 'NONE', #4864, 0.1999999999999996503 ) ;
#4040 = MECHANICAL_DESIGN_GEOMETRIC_PRESENTATION_REPRESENTATION (  '', ( #407 ), #884 ) ;
#4041 = VECTOR ( 'NONE', #1630, 1000.000000000000000 ) ;
#4042 = PLANE ( 'NONE',  #3157 ) ;
#4043 = ORIENTED_EDGE ( 'NONE', *, *, #2541, .F. ) ;
#4044 = LINE ( 'NONE', #149, #881 ) ;
#4045 = ADVANCED_FACE ( 'NONE', ( #86 ), #8188, .F. ) ;
#4046 = FACE_OUTER_BOUND ( 'NONE', #6984, .T. ) ;
#4047 = CARTESIAN_POINT ( 'NONE',  ( -0.6700000000000003730, 2.249999999999999112, 1.809999999999999831 ) ) ;
#4048 = ORIENTED_EDGE ( 'NONE', *, *, #1082, .T. ) ;
#4049 = EDGE_LOOP ( 'NONE', ( #314, #5988, #7990, #6930 ) ) ;
#4050 = CARTESIAN_POINT ( 'NONE',  ( -3.535000000000000142, -1.349999999999999645, -4.159551575750739083 ) ) ;
#4051 = CARTESIAN_POINT ( 'NONE',  ( -5.815000000000000391, 2.000000000000000000, 2.350000000000000977 ) ) ;
#4052 = UNCERTAINTY_MEASURE_WITH_UNIT (LENGTH_MEASURE( 1.000000000000000082E-05 ), #4718, 'distance_accuracy_value', 'NONE');
#4053 = DIRECTION ( 'NONE',  ( 0.000000000000000000, -0.000000000000000000, 1.000000000000000000 ) ) ;
#4054 = DIRECTION ( 'NONE',  ( -1.000000000000000000, -0.000000000000000000, 2.168404344971009854E-16 ) ) ;
#4055 = DIRECTION ( 'NONE',  ( 0.000000000000000000, 1.000000000000000000, 3.035766082959414782E-15 ) ) ;
#4056 = STYLED_ITEM ( 'NONE', ( #1431 ), #8623 ) ;
#4057 = VECTOR ( 'NONE', #419, 1000.000000000000000 ) ;
#4058 = VECTOR ( 'NONE', #6927, 1000.000000000000000 ) ;
#4059 = AXIS2_PLACEMENT_3D ( 'NONE', #76, #7006, #4393 ) ;
#4060 =( NAMED_UNIT ( * ) SI_UNIT ( $, .STERADIAN. ) SOLID_ANGLE_UNIT ( ) );
#4061 = FACE_OUTER_BOUND ( 'NONE', #9167, .T. ) ;
#4062 = DIRECTION ( 'NONE',  ( -1.000000000000000000, -0.000000000000000000, -0.000000000000000000 ) ) ;
#4063 = EDGE_LOOP ( 'NONE', ( #6059, #5271, #8878, #2351 ) ) ;
#4064 = DIRECTION ( 'NONE',  ( -0.000000000000000000, -0.000000000000000000, 1.000000000000000000 ) ) ;
#4065 = ORIENTED_EDGE ( 'NONE', *, *, #7097, .F. ) ;
#4066 = ORIENTED_EDGE ( 'NONE', *, *, #6779, .T. ) ;
#4067 = EDGE_CURVE ( 'NONE', #5738, #4420, #6194, .T. ) ;
#4068 = ORIENTED_EDGE ( 'NONE', *, *, #1895, .F. ) ;
#4069 = PLANE ( 'NONE',  #1300 ) ;
#4070 = PLANE ( 'NONE',  #7835 ) ;
#4071 = AXIS2_PLACEMENT_3D ( 'NONE', #8721, #191, #4582 ) ;
#4072 = DIRECTION ( 'NONE',  ( 1.000000000000000000, 0.000000000000000000, -0.000000000000000000 ) ) ;
#4073 = ORIENTED_EDGE ( 'NONE', *, *, #3286, .F. ) ;
#4074 = FILL_AREA_STYLE_COLOUR ( '', #7557 ) ;
#4075 = CIRCLE ( 'NONE', #8864, 0.1999999999999996503 ) ;
#4076 = VECTOR ( 'NONE', #9012, 1000.000000000000114 ) ;
#4077 = AXIS2_PLACEMENT_3D ( 'NONE', #6017, #6738, #4204 ) ;
#4078 = VERTEX_POINT ( 'NONE', #6040 ) ;
#4079 = ORIENTED_EDGE ( 'NONE', *, *, #9187, .F. ) ;
#4080 = ADVANCED_FACE ( 'NONE', ( #6579 ), #4647, .F. ) ;
#4081 = PLANE ( 'NONE',  #3033 ) ;
#4082 = SURFACE_SIDE_STYLE ('',( #3973 ) ) ;
#4083 = CARTESIAN_POINT ( 'NONE',  ( -0.5200000000000004619, 0.000000000000000000, 3.349999999999997424 ) ) ;
#4084 = PRESENTATION_STYLE_ASSIGNMENT (( #8094 ) ) ;
#4085 = ORIENTED_EDGE ( 'NONE', *, *, #2258, .F. ) ;
#4086 = DIRECTION ( 'NONE',  ( -1.000000000000000000, -0.000000000000000000, -0.000000000000000000 ) ) ;
#4087 = DIRECTION ( 'NONE',  ( 0.000000000000000000, 0.000000000000000000, -1.000000000000000000 ) ) ;
#4088 = PRESENTATION_STYLE_ASSIGNMENT (( #5396 ) ) ;
#4089 = EDGE_CURVE ( 'NONE', #6573, #6731, #349, .T. ) ;
#4090 = DIRECTION ( 'NONE',  ( 0.000000000000000000, 0.000000000000000000, -1.000000000000000000 ) ) ;
#4091 = CARTESIAN_POINT ( 'NONE',  ( -3.060000000000000053, 0.000000000000000000, 3.550576545463337119 ) ) ;
#4092 = CIRCLE ( 'NONE', #1754, 0.3500000000000004774 ) ;
#4093 = CARTESIAN_POINT ( 'NONE',  ( 4.559999999999999609, 0.000000000000000000, -3.349999999999997424 ) ) ;
#4094 = CARTESIAN_POINT ( 'NONE',  ( -2.020000000000000018, 0.2500000000000000000, 3.550576545463337119 ) ) ;
#4095 = VERTEX_POINT ( 'NONE', #7534 ) ;
#4096 = ORIENTED_EDGE ( 'NONE', *, *, #2654, .F. ) ;
#4097 = ORIENTED_EDGE ( 'NONE', *, *, #5414, .F. ) ;
#4098 = LINE ( 'NONE', #533, #3905 ) ;
#4099 = EDGE_CURVE ( 'NONE', #1086, #8734, #3493, .T. ) ;
#4100 = ADVANCED_FACE ( 'NONE', ( #3553 ), #1490, .T. ) ;
#4101 = ORIENTED_EDGE ( 'NONE', *, *, #8339, .F. ) ;
#4102 = DIRECTION ( 'NONE',  ( -1.000000000000000000, 0.000000000000000000, 0.000000000000000000 ) ) ;
#4103 = VERTEX_POINT ( 'NONE', #5431 ) ;
#4104 = LINE ( 'NONE', #5348, #951 ) ;
#4105 = VECTOR ( 'NONE', #5601, 1000.000000000000000 ) ;
#4106 = VERTEX_POINT ( 'NONE', #5971 ) ;
#4107 = ORIENTED_EDGE ( 'NONE', *, *, #1707, .F. ) ;
#4108 = EDGE_CURVE ( 'NONE', #515, #9119, #1442, .T. ) ;
#4109 = FILL_AREA_STYLE ('',( #3344 ) ) ;
#4110 =( GEOMETRIC_REPRESENTATION_CONTEXT ( 3 ) GLOBAL_UNCERTAINTY_ASSIGNED_CONTEXT ( ( #7336 ) ) GLOBAL_UNIT_ASSIGNED_CONTEXT ( ( #5210, #5526, #2660 ) ) REPRESENTATION_CONTEXT ( 'NONE', 'WORKASPACE' ) );
#4111 = PLANE ( 'NONE',  #8422 ) ;
#4112 = DIRECTION ( 'NONE',  ( -1.000000000000000000, 0.000000000000000000, 1.219727444046192981E-16 ) ) ;
#4113 = DIRECTION ( 'NONE',  ( -0.000000000000000000, -1.000000000000000000, -2.891205793294678326E-16 ) ) ;
#4114 = EDGE_LOOP ( 'NONE', ( #2559, #5430, #2271, #1950 ) ) ;
#4115 = LINE ( 'NONE', #1744, #4041 ) ;
#4116 = EDGE_CURVE ( 'NONE', #4831, #762, #7637, .T. ) ;
#4117 = LINE ( 'NONE', #2549, #7162 ) ;
#4118 = PRODUCT_DEFINITION_SHAPE ( 'NONE', 'NONE',  #9228 ) ;
#4119 = ORIENTED_EDGE ( 'NONE', *, *, #3240, .T. ) ;
#4120 = VECTOR ( 'NONE', #7897, 1000.000000000000114 ) ;
#4121 = COLOUR_RGB ( '',1.000000000000000000, 1.000000000000000000, 0.5019607843137254832 ) ;
#4122 = SURFACE_STYLE_FILL_AREA ( #376 ) ;
#4123 = SURFACE_STYLE_USAGE ( .BOTH. , #3351 ) ;
#4124 = FACE_OUTER_BOUND ( 'NONE', #4164, .T. ) ;
#4125 = DIRECTION ( 'NONE',  ( 1.000000000000000000, -0.000000000000000000, -0.000000000000000000 ) ) ;
#4126 = ORIENTED_EDGE ( 'NONE', *, *, #7777, .T. ) ;
#4127 = CARTESIAN_POINT ( 'NONE',  ( 0.9949999999999997735, -1.150000000000000355, -3.350000000000000533 ) ) ;
#4128 = AXIS2_PLACEMENT_3D ( 'NONE', #7569, #170, #4792 ) ;
#4129 = ORIENTED_EDGE ( 'NONE', *, *, #9058, .T. ) ;
#4130 = ORIENTED_EDGE ( 'NONE', *, *, #4657, .T. ) ;
#4131 = EDGE_CURVE ( 'NONE', #8801, #5302, #1535, .T. ) ;
#4132 = LINE ( 'NONE', #7813, #7206 ) ;
#4133 = DIRECTION ( 'NONE',  ( 0.000000000000000000, -1.000000000000000000, 2.602085213965212614E-15 ) ) ;
#4134 = ORIENTED_EDGE ( 'NONE', *, *, #1293, .T. ) ;
#4135 = CARTESIAN_POINT ( 'NONE',  ( -3.060000000000000053, -0.1772281201405800644, 4.000000000000000000 ) ) ;
#4136 = CARTESIAN_POINT ( 'NONE',  ( 1.544999999999999929, -1.367711462112881859, -3.810000000000000053 ) ) ;
#4137 = CARTESIAN_POINT ( 'NONE',  ( -2.020000000000000018, -0.2000000000000000111, -3.550576545463337119 ) ) ;
#4138 = VECTOR ( 'NONE', #7211, 1000.000000000000000 ) ;
#4139 = EDGE_CURVE ( 'NONE', #7509, #3640, #1565, .T. ) ;
#4140 = PRESENTATION_STYLE_ASSIGNMENT (( #5977 ) ) ;
#4141 = VECTOR ( 'NONE', #6513, 1000.000000000000000 ) ;
#4142 = ORIENTED_EDGE ( 'NONE', *, *, #8127, .T. ) ;
#4143 = EDGE_LOOP ( 'NONE', ( #6023, #7729, #9215, #5239 ) ) ;
#4144 = VERTEX_POINT ( 'NONE', #2569 ) ;
#4145 = DIRECTION ( 'NONE',  ( -0.000000000000000000, -1.000000000000000000, -2.891205793294678326E-16 ) ) ;
#4146 = CARTESIAN_POINT ( 'NONE',  ( 2.019999999999999574, -0.1898791645069244916, -3.750320303035187042 ) ) ;
#4147 = FACE_OUTER_BOUND ( 'NONE', #8298, .T. ) ;
#4148 =( GEOMETRIC_REPRESENTATION_CONTEXT ( 3 ) GLOBAL_UNCERTAINTY_ASSIGNED_CONTEXT ( ( #7448 ) ) GLOBAL_UNIT_ASSIGNED_CONTEXT ( ( #893, #7422, #30 ) ) REPRESENTATION_CONTEXT ( 'NONE', 'WORKASPACE' ) );
#4149 = EDGE_CURVE ( 'NONE', #8147, #6298, #8117, .T. ) ;
#4150 = ORIENTED_EDGE ( 'NONE', *, *, #5353, .T. ) ;
#4151 =( LENGTH_UNIT ( ) NAMED_UNIT ( * ) SI_UNIT ( .MILLI., .METRE. ) );
#4152 = CIRCLE ( 'NONE', #7389, 0.1000000000000000472 ) ;
#4153 = ORIENTED_EDGE ( 'NONE', *, *, #4538, .T. ) ;
#4154 = COLOUR_RGB ( '',1.000000000000000000, 1.000000000000000000, 0.5019607843137254832 ) ;
#4155 = DIRECTION ( 'NONE',  ( -1.000000000000000000, -0.000000000000000000, -0.000000000000000000 ) ) ;
#4156 = VECTOR ( 'NONE', #7371, 1000.000000000000000 ) ;
#4157 = DIRECTION ( 'NONE',  ( 0.000000000000000000, -1.000000000000000000, -2.891205793294678326E-16 ) ) ;
#4158 = DIRECTION ( 'NONE',  ( -0.000000000000000000, 0.9987187878592513890, -0.05060417746537783368 ) ) ;
#4159 = EDGE_CURVE ( 'NONE', #583, #2926, #8185, .T. ) ;
#4160 = CARTESIAN_POINT ( 'NONE',  ( 2.019999999999999574, -0.1898791645069245193, -3.750320303035187042 ) ) ;
#4161 = DIRECTION ( 'NONE',  ( 0.000000000000000000, 0.000000000000000000, -1.000000000000000000 ) ) ;
#4162 = ORIENTED_EDGE ( 'NONE', *, *, #5645, .T. ) ;
#4163 = ORIENTED_EDGE ( 'NONE', *, *, #4149, .F. ) ;
#4164 = EDGE_LOOP ( 'NONE', ( #1229, #7982, #6864, #4328 ) ) ;
#4165 = CARTESIAN_POINT ( 'NONE',  ( -3.060000000000000053, -0.1772281201405800644, -4.000000000000000000 ) ) ;
#4166 = AXIS2_PLACEMENT_3D ( 'NONE', #5745, #6328, #6444 ) ;
#4167 = VECTOR ( 'NONE', #5525, 1000.000000000000114 ) ;
#4168 = CARTESIAN_POINT ( 'NONE',  ( 2.019999999999999574, 0.2500000000000000000, -3.349999999999997424 ) ) ;
#4169 = ORIENTED_EDGE ( 'NONE', *, *, #5792, .T. ) ;
#4170 = LINE ( 'NONE', #1602, #7147 ) ;
#4171 = PRESENTATION_STYLE_ASSIGNMENT (( #2196 ) ) ;
#4172 = FACE_OUTER_BOUND ( 'NONE', #2326, .T. ) ;
#4173 = UNCERTAINTY_MEASURE_WITH_UNIT (LENGTH_MEASURE( 1.000000000000000082E-05 ), #5536, 'distance_accuracy_value', 'NONE');
#4174 = ORIENTED_EDGE ( 'NONE', *, *, #7504, .T. ) ;
#4175 = EDGE_CURVE ( 'NONE', #3391, #2546, #1977, .T. ) ;
#4176 = ORIENTED_EDGE ( 'NONE', *, *, #4890, .F. ) ;
#4177 = ORIENTED_EDGE ( 'NONE', *, *, #517, .T. ) ;
#4178 = CARTESIAN_POINT ( 'NONE',  ( -0.9950000000000002176, -1.700000000000000400, 4.954999999999999183 ) ) ;
#4179 = DIRECTION ( 'NONE',  ( 0.000000000000000000, 0.000000000000000000, -1.000000000000000000 ) ) ;
#4180 = CARTESIAN_POINT ( 'NONE',  ( 1.544999999999999929, -1.450000000000000178, 4.159551575750739083 ) ) ;
#4181 = DIRECTION ( 'NONE',  ( -0.000000000000000000, -0.000000000000000000, 1.000000000000000000 ) ) ;
#4182 = CARTESIAN_POINT ( 'NONE',  ( -3.310000000000000497, 1.999999999999999112, -8.673617379884035472E-16 ) ) ;
#4183 =( LENGTH_UNIT ( ) NAMED_UNIT ( * ) SI_UNIT ( .MILLI., .METRE. ) );
#4184 =( NAMED_UNIT ( * ) SI_UNIT ( $, .STERADIAN. ) SOLID_ANGLE_UNIT ( ) );
#4185 = AXIS2_PLACEMENT_3D ( 'NONE', #5380, #2466, #6762 ) ;
#4186 = VERTEX_POINT ( 'NONE', #2030 ) ;
#4187 = ORIENTED_EDGE ( 'NONE', *, *, #3093, .F. ) ;
#4188 = EDGE_CURVE ( 'NONE', #4338, #5868, #1795, .T. ) ;
#4189 = VECTOR ( 'NONE', #7203, 1000.000000000000000 ) ;
#4190 = DIRECTION ( 'NONE',  ( -1.000000000000000000, -0.000000000000000000, 0.000000000000000000 ) ) ;
#4191 = LINE ( 'NONE', #8732, #4141 ) ;
#4192 = DIRECTION ( 'NONE',  ( -1.000000000000000000, 0.000000000000000000, -0.000000000000000000 ) ) ;
#4193 = EDGE_CURVE ( 'NONE', #5559, #9063, #4806, .T. ) ;
#4194 = ORIENTED_EDGE ( 'NONE', *, *, #6200, .T. ) ;
#4195 = SURFACE_STYLE_USAGE ( .BOTH. , #8294 ) ;
#4196 = ORIENTED_EDGE ( 'NONE', *, *, #3867, .T. ) ;
#4197 = AXIS2_PLACEMENT_3D ( 'NONE', #5055, #6381, #8765 ) ;
#4198 =( NAMED_UNIT ( * ) PLANE_ANGLE_UNIT ( ) SI_UNIT ( $, .RADIAN. ) );
#4199 = VERTEX_POINT ( 'NONE', #8054 ) ;
#4200 =( GEOMETRIC_REPRESENTATION_CONTEXT ( 3 ) GLOBAL_UNCERTAINTY_ASSIGNED_CONTEXT ( ( #3785 ) ) GLOBAL_UNIT_ASSIGNED_CONTEXT ( ( #568, #4227, #2674 ) ) REPRESENTATION_CONTEXT ( 'NONE', 'WORKASPACE' ) );
#4201 = SURFACE_STYLE_USAGE ( .BOTH. , #6503 ) ;
#4202 = CARTESIAN_POINT ( 'NONE',  ( -5.309999999999999609, 2.500000000000000000, 1.800000000000000711 ) ) ;
#4203 = PLANE ( 'NONE',  #3100 ) ;
#4204 = DIRECTION ( 'NONE',  ( 0.000000000000000000, 0.000000000000000000, -1.000000000000000000 ) ) ;
#4205 = ORIENTED_EDGE ( 'NONE', *, *, #610, .F. ) ;
#4206 = LINE ( 'NONE', #4475, #4138 ) ;
#4207 = DIRECTION ( 'NONE',  ( 1.000000000000000000, 0.000000000000000000, 0.000000000000000000 ) ) ;
#4208 = VECTOR ( 'NONE', #4929, 1000.000000000000114 ) ;
#4209 = VECTOR ( 'NONE', #2930, 1000.000000000000000 ) ;
#4210 = ORIENTED_EDGE ( 'NONE', *, *, #698, .F. ) ;
#4211 = ORIENTED_EDGE ( 'NONE', *, *, #1181, .T. ) ;
#4212 = DIRECTION ( 'NONE',  ( 0.000000000000000000, 0.000000000000000000, 1.000000000000000000 ) ) ;
#4213 = ADVANCED_FACE ( 'NONE', ( #8134 ), #1939, .T. ) ;
#4214 = EDGE_CURVE ( 'NONE', #2491, #3398, #1706, .T. ) ;
#4215 = CARTESIAN_POINT ( 'NONE',  ( -3.060000000000000053, 0.2500000000000000000, -3.349999999999997424 ) ) ;
#4216 = ORIENTED_EDGE ( 'NONE', *, *, #2431, .T. ) ;
#4217 = ORIENTED_EDGE ( 'NONE', *, *, #386, .F. ) ;
#4218 = SURFACE_STYLE_USAGE ( .BOTH. , #6156 ) ;
#4219 = CIRCLE ( 'NONE', #1639, 0.3500000000000004774 ) ;
#4220 = CARTESIAN_POINT ( 'NONE',  ( -0.5200000000000004619, -1.700000000000000178, 4.954999999999999183 ) ) ;
#4221 = STYLED_ITEM ( 'NONE', ( #1607 ), #2441 ) ;
#4222 = ORIENTED_EDGE ( 'NONE', *, *, #3076, .T. ) ;
#4223 = PRESENTATION_STYLE_ASSIGNMENT (( #5641 ) ) ;
#4224 = CARTESIAN_POINT ( 'NONE',  ( -4.309999999999999609, 1.999999999999999112, 0.09999999999999928391 ) ) ;
#4225 = FILL_AREA_STYLE_COLOUR ( '', #1735 ) ;
#4226 = LINE ( 'NONE', #8958, #7182 ) ;
#4227 =( NAMED_UNIT ( * ) PLANE_ANGLE_UNIT ( ) SI_UNIT ( $, .RADIAN. ) );
#4228 = CARTESIAN_POINT ( 'NONE',  ( 4.084999999999999964, -1.150000000000000355, -3.798968757172755062 ) ) ;
#4229 = CARTESIAN_POINT ( 'NONE',  ( -0.6700000000000003730, 2.499999999999999112, 2.060000000000005382 ) ) ;
#4230 = EDGE_LOOP ( 'NONE', ( #5770, #8733, #9029, #5839 ) ) ;
#4231 = EDGE_CURVE ( 'NONE', #6493, #916, #1764, .T. ) ;
#4232 = ORIENTED_EDGE ( 'NONE', *, *, #6192, .F. ) ;
#4233 = ORIENTED_EDGE ( 'NONE', *, *, #3610, .F. ) ;
#4234 = LINE ( 'NONE', #2698, #1250 ) ;
#4235 = ORIENTED_EDGE ( 'NONE', *, *, #4276, .T. ) ;
#4236 = AXIS2_PLACEMENT_3D ( 'NONE', #8972, #7761, #8454 ) ;
#4237 = ORIENTED_EDGE ( 'NONE', *, *, #1549, .F. ) ;
#4238 = CARTESIAN_POINT ( 'NONE',  ( 0.9949999999999997735, -1.349999999999999645, 4.159551575750739083 ) ) ;
#4239 = ORIENTED_EDGE ( 'NONE', *, *, #5912, .F. ) ;
#4240 = CIRCLE ( 'NONE', #2117, 0.1000000000000000472 ) ;
#4241 = AXIS2_PLACEMENT_3D ( 'NONE', #6088, #6144, #7646 ) ;
#4242 = ORIENTED_EDGE ( 'NONE', *, *, #7232, .T. ) ;
#4243 = DIRECTION ( 'NONE',  ( 1.000000000000000000, 0.000000000000000000, 0.000000000000000000 ) ) ;
#4244 = CARTESIAN_POINT ( 'NONE',  ( 3.535000000000000142, -1.150000000000000355, 4.049289471110532723 ) ) ;
#4245 = CARTESIAN_POINT ( 'NONE',  ( -4.410000000000000142, 2.249999999999999112, 1.809999999999999831 ) ) ;
#4246 = CARTESIAN_POINT ( 'NONE',  ( -1.770000000000000240, 1.999999999999999112, 0.09999999999999928391 ) ) ;
#4247 = PLANE ( 'NONE',  #3458 ) ;
#4248 = SURFACE_STYLE_USAGE ( .BOTH. , #9162 ) ;
#4250 = VECTOR ( 'NONE', #8629, 1000.000000000000000 ) ;
#4249 = DIRECTION ( 'NONE',  ( 0.000000000000000000, 0.000000000000000000, -1.000000000000000000 ) ) ;
#4251 = ORIENTED_EDGE ( 'NONE', *, *, #3341, .T. ) ;
#4252 = LINE ( 'NONE', #8354, #7295 ) ;
#4253 = VECTOR ( 'NONE', #1926, 1000.000000000000000 ) ;
#4254 = ORIENTED_EDGE ( 'NONE', *, *, #2296, .T. ) ;
#4255 = FACE_OUTER_BOUND ( 'NONE', #2641, .T. ) ;
#4256 = ORIENTED_EDGE ( 'NONE', *, *, #7651, .T. ) ;
#4257 = DIRECTION ( 'NONE',  ( 0.000000000000000000, 0.000000000000000000, 1.000000000000000000 ) ) ;
#4258 = EDGE_LOOP ( 'NONE', ( #6611, #3509, #732, #379 ) ) ;
#4259 = LINE ( 'NONE', #2174, #990 ) ;
#4260 = EDGE_CURVE ( 'NONE', #5697, #9000, #4867, .T. ) ;
#4261 = PLANE ( 'NONE',  #3793 ) ;
#4262 = CYLINDRICAL_SURFACE ( 'NONE', #6698, 0.1000000000000001582 ) ;
#4263 = ORIENTED_EDGE ( 'NONE', *, *, #8616, .F. ) ;
#4264 = ADVANCED_FACE ( 'NONE', ( #8011 ), #1426, .F. ) ;
#4265 = DIRECTION ( 'NONE',  ( -1.000000000000000000, 4.565061778886337988E-16, -2.313075504410495651E-17 ) ) ;
#4266 = DIRECTION ( 'NONE',  ( -0.000000000000000000, 3.907034855803616961E-16, -1.000000000000000000 ) ) ;
#4267 = LINE ( 'NONE', #7451, #7189 ) ;
#4268 = DIRECTION ( 'NONE',  ( 1.000000000000000000, -0.000000000000000000, 0.000000000000000000 ) ) ;
#4269 = VECTOR ( 'NONE', #3238, 1000.000000000000000 ) ;
#4270 = CARTESIAN_POINT ( 'NONE',  ( 4.084999999999999964, -1.349999999999999645, -4.159551575750739083 ) ) ;
#4271 = CARTESIAN_POINT ( 'NONE',  ( -0.5200000000000004619, -1.450000000000000178, 4.954999999999999183 ) ) ;
#4272 = ORIENTED_EDGE ( 'NONE', *, *, #5344, .T. ) ;
#4273 = FILL_AREA_STYLE_COLOUR ( '', #7022 ) ;
#4274 = LINE ( 'NONE', #7860, #7321 ) ;
#4275 = ORIENTED_EDGE ( 'NONE', *, *, #8976, .F. ) ;
#4276 = EDGE_CURVE ( 'NONE', #8089, #1284, #1720, .T. ) ;
#4277 = VERTEX_POINT ( 'NONE', #899 ) ;
#4278 = DIRECTION ( 'NONE',  ( 0.000000000000000000, -0.05060417746537709816, 0.9987187878592515000 ) ) ;
#4279 = CARTESIAN_POINT ( 'NONE',  ( -3.310000000000000497, 2.780000000000000249, 0.09999999999999936717 ) ) ;
#4280 = DIRECTION ( 'NONE',  ( -0.000000000000000000, -1.000000000000000000, -2.891205793294678326E-16 ) ) ;
#4281 = FACE_OUTER_BOUND ( 'NONE', #8334, .T. ) ;
#4282 = ORIENTED_EDGE ( 'NONE', *, *, #3333, .F. ) ;
#4283 = EDGE_CURVE ( 'NONE', #3500, #7731, #4820, .T. ) ;
#4284 = MECHANICAL_DESIGN_GEOMETRIC_PRESENTATION_REPRESENTATION (  '', ( #7473 ), #1604 ) ;
#4285 = DIRECTION ( 'NONE',  ( 0.000000000000000000, -0.000000000000000000, 1.000000000000000000 ) ) ;
#4286 = AXIS2_PLACEMENT_3D ( 'NONE', #721, #7685, #4379 ) ;
#4287 = VECTOR ( 'NONE', #7887, 1000.000000000000000 ) ;
#4288 = CARTESIAN_POINT ( 'NONE',  ( -4.084999999999999964, -0.1772281201405800644, 4.000000000000000000 ) ) ;
#4289 = VECTOR ( 'NONE', #5794, 1000.000000000000000 ) ;
#4290 = VERTEX_POINT ( 'NONE', #4091 ) ;
#4291 = LINE ( 'NONE', #2422, #996 ) ;
#4292 = CARTESIAN_POINT ( 'NONE',  ( 4.084999999999999964, -1.349999999999999645, 4.159551575750739083 ) ) ;
#4293 =( GEOMETRIC_REPRESENTATION_CONTEXT ( 3 ) GLOBAL_UNCERTAINTY_ASSIGNED_CONTEXT ( ( #3427 ) ) GLOBAL_UNIT_ASSIGNED_CONTEXT ( ( #3150, #6631, #1756 ) ) REPRESENTATION_CONTEXT ( 'NONE', 'WORKASPACE' ) );
#4294 = CARTESIAN_POINT ( 'NONE',  ( 4.410000000000000142, 2.780000000000000249, 0.09999999999999940881 ) ) ;
#4295 = FACE_OUTER_BOUND ( 'NONE', #5995, .T. ) ;
#4296 = PLANE ( 'NONE',  #2958 ) ;
#4297 = CARTESIAN_POINT ( 'NONE',  ( -2.540000000000000036, 2.780000000000000249, 0.6000000000000003109 ) ) ;
#4298 = ORIENTED_EDGE ( 'NONE', *, *, #1809, .F. ) ;
#4299 = ORIENTED_EDGE ( 'NONE', *, *, #8238, .F. ) ;
#4300 = EDGE_CURVE ( 'NONE', #2612, #6049, #5082, .T. ) ;
#4301 = ADVANCED_FACE ( 'NONE', ( #7879 ), #8479, .F. ) ;
#4303 = ORIENTED_EDGE ( 'NONE', *, *, #3628, .T. ) ;
#4302 = UNCERTAINTY_MEASURE_WITH_UNIT (LENGTH_MEASURE( 1.000000000000000082E-05 ), #3489, 'distance_accuracy_value', 'NONE');
#4304 = DIRECTION ( 'NONE',  ( -1.000000000000000000, -0.000000000000000000, -0.000000000000000000 ) ) ;
#4305 = ORIENTED_EDGE ( 'NONE', *, *, #3554, .F. ) ;
#4306 = DIRECTION ( 'NONE',  ( 0.000000000000000000, -0.000000000000000000, 1.000000000000000000 ) ) ;
#4307 = MECHANICAL_DESIGN_GEOMETRIC_PRESENTATION_REPRESENTATION (  '', ( #8769 ), #6912 ) ;
#4308 = CARTESIAN_POINT ( 'NONE',  ( 2.019999999999999574, -0.1898791645069245193, -3.750320303035187042 ) ) ;
#4309 = VERTEX_POINT ( 'NONE', #4880 ) ;
#4310 = SURFACE_STYLE_FILL_AREA ( #8884 ) ;
#4311 = FACE_OUTER_BOUND ( 'NONE', #2759, .T. ) ;
#4312 = EDGE_LOOP ( 'NONE', ( #6814, #1420, #3684, #2218, #7948, #3925, #5625, #7945 ) ) ;
#4313 = CARTESIAN_POINT ( 'NONE',  ( -4.410000000000000142, 4.649244398944980539, 0.5999999999999999778 ) ) ;
#4314 = DIRECTION ( 'NONE',  ( 0.000000000000000000, 0.000000000000000000, -1.000000000000000000 ) ) ;
#4315 = DIRECTION ( 'NONE',  ( 1.000000000000000000, 0.000000000000000000, 0.000000000000000000 ) ) ;
#4317 = VECTOR ( 'NONE', #6854, 1000.000000000000000 ) ;
#4316 = DIRECTION ( 'NONE',  ( 0.000000000000000000, 0.000000000000000000, -1.000000000000000000 ) ) ;
#4318 = ADVANCED_FACE ( 'NONE', ( #1832 ), #8684, .F. ) ;
#4319 = VECTOR ( 'NONE', #946, 1000.000000000000114 ) ;
#4320 = FACE_OUTER_BOUND ( 'NONE', #8061, .T. ) ;
#4321 = ORIENTED_EDGE ( 'NONE', *, *, #604, .F. ) ;
#4322 = AXIS2_PLACEMENT_3D ( 'NONE', #7696, #1186, #1326 ) ;
#4323 =( NAMED_UNIT ( * ) SI_UNIT ( $, .STERADIAN. ) SOLID_ANGLE_UNIT ( ) );
#4324 = PRESENTATION_STYLE_ASSIGNMENT (( #707 ) ) ;
#4325 = DIRECTION ( 'NONE',  ( 0.000000000000000000, 0.000000000000000000, 1.000000000000000000 ) ) ;
#4326 = EDGE_LOOP ( 'NONE', ( #8752, #2533, #331, #9163, #8966, #3042, #224, #28 ) ) ;
#4327 = CARTESIAN_POINT ( 'NONE',  ( -3.060000000000000053, 0.2500000000000000000, 3.349999999999997424 ) ) ;
#4328 = ORIENTED_EDGE ( 'NONE', *, *, #3302, .T. ) ;
#4329 = ADVANCED_FACE ( 'NONE', ( #5012 ), #4959, .T. ) ;
#4330 = DIRECTION ( 'NONE',  ( -0.000000000000000000, -1.000000000000000000, -2.891205793294678326E-16 ) ) ;
#4331 = VECTOR ( 'NONE', #5540, 1000.000000000000000 ) ;
#4332 = CARTESIAN_POINT ( 'NONE',  ( -3.060000000000000053, -1.349999999999999645, 4.159551575750739083 ) ) ;
#4333 = DIRECTION ( 'NONE',  ( 0.000000000000000000, 0.000000000000000000, 1.000000000000000000 ) ) ;
#4334 = ORIENTED_EDGE ( 'NONE', *, *, #8829, .T. ) ;
#4335 = CARTESIAN_POINT ( 'NONE',  ( -1.870000000000000107, 2.499999999999999112, 2.060000000000005382 ) ) ;
#4336 = CARTESIAN_POINT ( 'NONE',  ( -3.060000000000000941, -1.150000000000000799, 3.798968757172755062 ) ) ;
#4337 = VECTOR ( 'NONE', #2875, 1000.000000000000000 ) ;
#4338 = VERTEX_POINT ( 'NONE', #9001 ) ;
#4339 = DIRECTION ( 'NONE',  ( 0.000000000000000000, 0.000000000000000000, 1.000000000000000000 ) ) ;
#4340 = LINE ( 'NONE', #5823, #1047 ) ;
#4341 = EDGE_CURVE ( 'NONE', #5481, #8360, #4976, .T. ) ;
#4342 = AXIS2_PLACEMENT_3D ( 'NONE', #5444, #6841, #8694 ) ;
#4343 = VERTEX_POINT ( 'NONE', #6228 ) ;
#4344 = EDGE_CURVE ( 'NONE', #5934, #2735, #1850, .T. ) ;
#4345 = DIRECTION ( 'NONE',  ( 0.000000000000000000, 0.05060417746537784062, -0.9987187878592515000 ) ) ;
#4346 = AXIS2_PLACEMENT_3D ( 'NONE', #2036, #7158, #4161 ) ;
#4347 = CARTESIAN_POINT ( 'NONE',  ( -4.309999999999999609, 2.780000000000000249, 0.6999999999999995115 ) ) ;
#4348 = PLANE ( 'NONE',  #4957 ) ;
#4349 = VECTOR ( 'NONE', #813, 1000.000000000000000 ) ;
#4350 = EDGE_CURVE ( 'NONE', #637, #8821, #8032, .T. ) ;
#4351 = FACE_OUTER_BOUND ( 'NONE', #507, .T. ) ;
#4352 = ORIENTED_EDGE ( 'NONE', *, *, #7540, .T. ) ;
#4353 = CARTESIAN_POINT ( 'NONE',  ( 1.869999999999999662, 1.999999999999999112, 0.5999999999999990896 ) ) ;
#4354 = DIRECTION ( 'NONE',  ( -0.000000000000000000, 0.000000000000000000, 1.000000000000000000 ) ) ;
#4355 = LINE ( 'NONE', #4308, #4076 ) ;
#4356 = DIRECTION ( 'NONE',  ( 1.000000000000000000, -0.000000000000000000, -0.000000000000000000 ) ) ;
#4357 = SURFACE_STYLE_USAGE ( .BOTH. , #4827 ) ;
#4358 = VERTEX_POINT ( 'NONE', #2210 ) ;
#4359 = VERTEX_POINT ( 'NONE', #4294 ) ;
#4360 = FACE_OUTER_BOUND ( 'NONE', #7647, .T. ) ;
#4361 = MECHANICAL_DESIGN_GEOMETRIC_PRESENTATION_REPRESENTATION (  '', ( #6845 ), #7434 ) ;
#4362 = LINE ( 'NONE', #6537, #1343 ) ;
#4363 =( LENGTH_UNIT ( ) NAMED_UNIT ( * ) SI_UNIT ( .MILLI., .METRE. ) );
#4364 = ORIENTED_EDGE ( 'NONE', *, *, #3376, .T. ) ;
#4365 = FILL_AREA_STYLE ('',( #634 ) ) ;
#4366 = LINE ( 'NONE', #1532, #1379 ) ;
#4367 = LINE ( 'NONE', #2288, #7462 ) ;
#4368 = ORIENTED_EDGE ( 'NONE', *, *, #5285, .T. ) ;
#4369 = EDGE_CURVE ( 'NONE', #3961, #3339, #8080, .T. ) ;
#4370 = LINE ( 'NONE', #7734, #7415 ) ;
#4371 = LINE ( 'NONE', #8624, #3873 ) ;
#4372 = ORIENTED_EDGE ( 'NONE', *, *, #7403, .F. ) ;
#4373 = EDGE_LOOP ( 'NONE', ( #4901, #5512, #2478, #5726 ) ) ;
#4374 = PLANE ( 'NONE',  #40 ) ;
#4375 = MECHANICAL_DESIGN_GEOMETRIC_PRESENTATION_REPRESENTATION (  '', ( #7689 ), #505 ) ;
#4376 = SURFACE_SIDE_STYLE ('',( #7797 ) ) ;
#4377 = ADVANCED_FACE ( 'NONE', ( #2001 ), #8119, .F. ) ;
#4378 = DIRECTION ( 'NONE',  ( 1.000000000000000000, -0.000000000000000000, -0.000000000000000000 ) ) ;
#4379 = DIRECTION ( 'NONE',  ( 0.000000000000000000, 0.000000000000000000, -1.000000000000000000 ) ) ;
#4380 = DIRECTION ( 'NONE',  ( 0.000000000000000000, 1.000000000000000000, 0.000000000000000000 ) ) ;
#4381 = VECTOR ( 'NONE', #176, 1000.000000000000000 ) ;
#4382 = LINE ( 'NONE', #7271, #4445 ) ;
#4383 = FACE_OUTER_BOUND ( 'NONE', #6282, .T. ) ;
#4384 = LINE ( 'NONE', #2366, #7674 ) ;
#4385 = EDGE_CURVE ( 'NONE', #3671, #2936, #5049, .T. ) ;
#4386 =( GEOMETRIC_REPRESENTATION_CONTEXT ( 3 ) GLOBAL_UNCERTAINTY_ASSIGNED_CONTEXT ( ( #2345 ) ) GLOBAL_UNIT_ASSIGNED_CONTEXT ( ( #2100, #6230, #2211 ) ) REPRESENTATION_CONTEXT ( 'NONE', 'WORKASPACE' ) );
#4387 = DIRECTION ( 'NONE',  ( -0.000000000000000000, -1.000000000000000000, -2.891205793294678326E-16 ) ) ;
#4388 = ORIENTED_EDGE ( 'NONE', *, *, #4231, .T. ) ;
#4389 = CARTESIAN_POINT ( 'NONE',  ( 0.9949999999999997735, -0.1898791645069245193, -3.750320303035187042 ) ) ;
#4390 = VERTEX_POINT ( 'NONE', #5367 ) ;
#4391 = CARTESIAN_POINT ( 'NONE',  ( 3.535000000000000142, -1.349999999999999645, -4.159551575750739083 ) ) ;
#4392 = VECTOR ( 'NONE', #2011, 1000.000000000000000 ) ;
#4393 = DIRECTION ( 'NONE',  ( 0.000000000000000000, 0.000000000000000000, 1.000000000000000000 ) ) ;
#4394 = ORIENTED_EDGE ( 'NONE', *, *, #7852, .T. ) ;
#4395 = DIRECTION ( 'NONE',  ( 0.000000000000000000, 0.000000000000000000, -1.000000000000000000 ) ) ;
#4396 =( GEOMETRIC_REPRESENTATION_CONTEXT ( 3 ) GLOBAL_UNCERTAINTY_ASSIGNED_CONTEXT ( ( #6147 ) ) GLOBAL_UNIT_ASSIGNED_CONTEXT ( ( #1398, #4198, #7003 ) ) REPRESENTATION_CONTEXT ( 'NONE', 'WORKASPACE' ) );
#4397 = CARTESIAN_POINT ( 'NONE',  ( 2.019999999999999574, -0.2000000000000000111, 3.550576545463337119 ) ) ;
#4398 = LINE ( 'NONE', #6672, #1511 ) ;
#4399 = ORIENTED_EDGE ( 'NONE', *, *, #8621, .F. ) ;
#4400 = LINE ( 'NONE', #1865, #4416 ) ;
#4401 = VERTEX_POINT ( 'NONE', #7247 ) ;
#4402 = ADVANCED_FACE ( 'NONE', ( #8098 ), #2856, .F. ) ;
#4403 = DIRECTION ( 'NONE',  ( 0.000000000000000000, -0.9987187878592513890, -0.05060417746537783368 ) ) ;
#4404 = DIRECTION ( 'NONE',  ( 0.000000000000000000, 0.000000000000000000, -1.000000000000000000 ) ) ;
#4405 = LINE ( 'NONE', #7981, #1390 ) ;
#4406 = VECTOR ( 'NONE', #6296, 1000.000000000000000 ) ;
#4407 =( GEOMETRIC_REPRESENTATION_CONTEXT ( 3 ) GLOBAL_UNCERTAINTY_ASSIGNED_CONTEXT ( ( #675 ) ) GLOBAL_UNIT_ASSIGNED_CONTEXT ( ( #2835, #669, #5632 ) ) REPRESENTATION_CONTEXT ( 'NONE', 'WORKASPACE' ) );
#4408 = LINE ( 'NONE', #1808, #4611 ) ;
#4409 = ORIENTED_EDGE ( 'NONE', *, *, #3766, .F. ) ;
#4410 = CARTESIAN_POINT ( 'NONE',  ( 5.815000000000000391, 2.000000000000000000, -3.349999999999999201 ) ) ;
#4411 = FACE_OUTER_BOUND ( 'NONE', #4143, .T. ) ;
#4412 = VECTOR ( 'NONE', #6272, 1000.000000000000000 ) ;
#4413 = ORIENTED_EDGE ( 'NONE', *, *, #511, .F. ) ;
#4414 = EDGE_CURVE ( 'NONE', #2396, #8676, #5069, .T. ) ;
#4415 = FACE_OUTER_BOUND ( 'NONE', #691, .T. ) ;
#4416 = VECTOR ( 'NONE', #7695, 1000.000000000000000 ) ;
#4417 = FILL_AREA_STYLE_COLOUR ( '', #3183 ) ;
#4418 = DIRECTION ( 'NONE',  ( -1.000000000000000000, 0.000000000000000000, -0.000000000000000000 ) ) ;
#4419 = ORIENTED_EDGE ( 'NONE', *, *, #2161, .F. ) ;
#4420 = VERTEX_POINT ( 'NONE', #2590 ) ;
#4421 = EDGE_CURVE ( 'NONE', #2893, #1207, #5098, .T. ) ;
#4422 = PRESENTATION_LAYER_ASSIGNMENT (  '', '', ( #7617 ) ) ;
#4423 = CIRCLE ( 'NONE', #3580, 0.1000000000000000472 ) ;
#4424 = LINE ( 'NONE', #6948, #7471 ) ;
#4425 = AXIS2_PLACEMENT_3D ( 'NONE', #6992, #2878, #4249 ) ;
#4426 = DIRECTION ( 'NONE',  ( -1.000000000000000000, -0.000000000000000000, 0.000000000000000000 ) ) ;
#4427 = ORIENTED_EDGE ( 'NONE', *, *, #7842, .F. ) ;
#4428 = DIRECTION ( 'NONE',  ( 0.000000000000000000, 0.000000000000000000, 1.000000000000000000 ) ) ;
#4429 = SURFACE_STYLE_FILL_AREA ( #81 ) ;
#4430 = VERTEX_POINT ( 'NONE', #8744 ) ;
#4431 = CARTESIAN_POINT ( 'NONE',  ( 3.310000000000000053, 2.780000000000000249, 0.000000000000000000 ) ) ;
#4432 = VERTEX_POINT ( 'NONE', #7560 ) ;
#4433 = DIRECTION ( 'NONE',  ( 0.000000000000000000, 1.000000000000000000, 2.891205793294678326E-16 ) ) ;
#4434 = DIRECTION ( 'NONE',  ( 0.000000000000000000, 0.000000000000000000, -1.000000000000000000 ) ) ;
#4435 = DIRECTION ( 'NONE',  ( 0.000000000000000000, 0.000000000000000000, -1.000000000000000000 ) ) ;
#4436 = SURFACE_STYLE_USAGE ( .BOTH. , #6541 ) ;
#4437 = LINE ( 'NONE', #8760, #928 ) ;
#4438 = CARTESIAN_POINT ( 'NONE',  ( -3.535000000000000142, -1.450000000000000178, 4.954999999999999183 ) ) ;
#4439 = MECHANICAL_DESIGN_GEOMETRIC_PRESENTATION_REPRESENTATION (  '', ( #6236 ), #3696 ) ;
#4440 = DIRECTION ( 'NONE',  ( 1.000000000000000000, 0.000000000000000000, 0.000000000000000000 ) ) ;
#4442 = LINE ( 'NONE', #6167, #4331 ) ;
#4441 = DIRECTION ( 'NONE',  ( 0.000000000000000000, 1.000000000000000000, 2.891205793294678326E-16 ) ) ;
#4443 = LINE ( 'NONE', #8409, #7489 ) ;
#4444 = ORIENTED_EDGE ( 'NONE', *, *, #6484, .T. ) ;
#4445 = VECTOR ( 'NONE', #1705, 1000.000000000000000 ) ;
#4446 = LINE ( 'NONE', #9183, #5018 ) ;
#4447 = ORIENTED_EDGE ( 'NONE', *, *, #8412, .T. ) ;
#4448 = DIRECTION ( 'NONE',  ( -0.000000000000000000, -1.000000000000000000, -2.891205793294678326E-16 ) ) ;
#4449 = ORIENTED_EDGE ( 'NONE', *, *, #8014, .T. ) ;
#4450 = CARTESIAN_POINT ( 'NONE',  ( -1.870000000000000107, 2.249999999999999112, 0.6999999999999992895 ) ) ;
#4451 = ORIENTED_EDGE ( 'NONE', *, *, #1809, .T. ) ;
#4452 = ADVANCED_FACE ( 'NONE', ( #2038 ), #5279, .T. ) ;
#4453 = DIRECTION ( 'NONE',  ( -1.000000000000000000, 0.000000000000000000, -0.000000000000000000 ) ) ;
#4454 = VECTOR ( 'NONE', #4485, 1000.000000000000000 ) ;
#4455 = LINE ( 'NONE', #1126, #7588 ) ;
#4456 = EDGE_CURVE ( 'NONE', #3541, #6679, #2295, .T. ) ;
#4457 = AXIS2_PLACEMENT_3D ( 'NONE', #3563, #1715, #7954 ) ;
#4458 = SURFACE_STYLE_USAGE ( .BOTH. , #809 ) ;
#4459 = DIRECTION ( 'NONE',  ( 1.000000000000000000, -4.565061778886337988E-16, -2.313075504410461447E-17 ) ) ;
#4460 = ORIENTED_EDGE ( 'NONE', *, *, #5922, .F. ) ;
#4461 = DIRECTION ( 'NONE',  ( 1.000000000000000000, -0.000000000000000000, -0.000000000000000000 ) ) ;
#4462 = COLOUR_RGB ( '',1.000000000000000000, 1.000000000000000000, 0.5019607843137254832 ) ;
#4463 = CARTESIAN_POINT ( 'NONE',  ( -3.535000000000000142, -1.450000000000000178, 4.159551575750739083 ) ) ;
#4464 = CIRCLE ( 'NONE', #2775, 0.1000000000000002554 ) ;
#4465 = DIRECTION ( 'NONE',  ( 0.000000000000000000, 1.000000000000000000, 0.000000000000000000 ) ) ;
#4466 = DIRECTION ( 'NONE',  ( -1.000000000000000000, 0.000000000000000000, 2.168404344971009854E-16 ) ) ;
#4467 = EDGE_CURVE ( 'NONE', #8675, #3025, #5382, .T. ) ;
#4468 = PRESENTATION_STYLE_ASSIGNMENT (( #3222 ) ) ;
#4469 = FACE_OUTER_BOUND ( 'NONE', #5630, .T. ) ;
#4470 = AXIS2_PLACEMENT_3D ( 'NONE', #6465, #8683, #3109 ) ;
#4471 = ORIENTED_EDGE ( 'NONE', *, *, #302, .F. ) ;
#4472 = ORIENTED_EDGE ( 'NONE', *, *, #7766, .T. ) ;
#4473 = EDGE_CURVE ( 'NONE', #200, #8676, #8244, .T. ) ;
#4474 =( LENGTH_UNIT ( ) NAMED_UNIT ( * ) SI_UNIT ( .MILLI., .METRE. ) );
#4475 = CARTESIAN_POINT ( 'NONE',  ( -1.870000000000000107, 2.249999999999999556, -1.810000000000000275 ) ) ;
#4476 = LINE ( 'NONE', #989, #1407 ) ;
#4477 = VECTOR ( 'NONE', #7909, 1000.000000000000114 ) ;
#4478 = CARTESIAN_POINT ( 'NONE',  ( -0.6700000000000003730, 1.999999999999999112, -0.7000000000000001776 ) ) ;
#4479 = ADVANCED_FACE ( 'NONE', ( #8352 ), #5296, .F. ) ;
#4480 = VECTOR ( 'NONE', #5847, 1000.000000000000000 ) ;
#4481 = AXIS2_PLACEMENT_3D ( 'NONE', #8806, #7499, #401 ) ;
#4482 = ORIENTED_EDGE ( 'NONE', *, *, #5594, .T. ) ;
#4483 = FACE_OUTER_BOUND ( 'NONE', #7392, .T. ) ;
#4484 =( LENGTH_UNIT ( ) NAMED_UNIT ( * ) SI_UNIT ( .MILLI., .METRE. ) );
#4485 = DIRECTION ( 'NONE',  ( -0.000000000000000000, 1.000000000000000000, 3.035766082959414782E-15 ) ) ;
#4486 = ORIENTED_EDGE ( 'NONE', *, *, #1963, .F. ) ;
#4487 = DIRECTION ( 'NONE',  ( 1.000000000000000000, -0.000000000000000000, -7.228014483236698528E-16 ) ) ;
#4488 = ADVANCED_FACE ( 'NONE', ( #2226 ), #4551, .F. ) ;
#4489 = FACE_OUTER_BOUND ( 'NONE', #8722, .T. ) ;
#4490 = EDGE_CURVE ( 'NONE', #1132, #2751, #2371, .T. ) ;
#4491 = VECTOR ( 'NONE', #6521, 1000.000000000000000 ) ;
#4492 = FACE_OUTER_BOUND ( 'NONE', #718, .T. ) ;
#4493 = MECHANICAL_DESIGN_GEOMETRIC_PRESENTATION_REPRESENTATION (  '', ( #5941 ), #4018 ) ;
#4494 = DIRECTION ( 'NONE',  ( -0.000000000000000000, 0.000000000000000000, 1.000000000000000000 ) ) ;
#4495 = CARTESIAN_POINT ( 'NONE',  ( -0.5200000000000013500, -1.150000000000000799, -3.798968757172755062 ) ) ;
#4496 = VECTOR ( 'NONE', #4531, 1000.000000000000114 ) ;
#4497 = DIRECTION ( 'NONE',  ( -0.000000000000000000, -1.000000000000000000, 0.000000000000000000 ) ) ;
#4498 = ORIENTED_EDGE ( 'NONE', *, *, #6633, .F. ) ;
#4499 = CIRCLE ( 'NONE', #2656, 0.09999999999999982514 ) ;
#4500 = ORIENTED_EDGE ( 'NONE', *, *, #350, .F. ) ;
#4501 = ORIENTED_EDGE ( 'NONE', *, *, #7204, .T. ) ;
#4502 = DIRECTION ( 'NONE',  ( -1.000000000000000000, 0.000000000000000000, 0.000000000000000000 ) ) ;
#4503 = CARTESIAN_POINT ( 'NONE',  ( -3.060000000000000053, -1.450000000000000178, -4.159551575750739083 ) ) ;
#4504 = CARTESIAN_POINT ( 'NONE',  ( -3.060000000000000941, -1.150000000000000799, -4.049289471110532723 ) ) ;
#4505 = CARTESIAN_POINT ( 'NONE',  ( -3.060000000000000053, -0.1898791645069244916, -3.750320303035187042 ) ) ;
#4506 = CARTESIAN_POINT ( 'NONE',  ( 5.815000000000000391, 0.000000000000000000, 3.349999999999999645 ) ) ;
#4508 = LINE ( 'NONE', #4549, #1341 ) ;
#4507 = DIRECTION ( 'NONE',  ( 0.000000000000000000, 0.000000000000000000, -1.000000000000000000 ) ) ;
#4509 = LINE ( 'NONE', #2284, #1377 ) ;
#4510 = EDGE_CURVE ( 'NONE', #792, #8661, #5714, .T. ) ;
#4511 = CIRCLE ( 'NONE', #783, 0.1999999999999996503 ) ;
#4512 = COLOUR_RGB ( '',1.000000000000000000, 1.000000000000000000, 0.5019607843137254832 ) ;
#4513 = ORIENTED_EDGE ( 'NONE', *, *, #1941, .T. ) ;
#4514 = VECTOR ( 'NONE', #1959, 1000.000000000000000 ) ;
#4515 = CYLINDRICAL_SURFACE ( 'NONE', #9126, 0.3500000000000004774 ) ;
#4516 = DIRECTION ( 'NONE',  ( -1.000000000000000000, -0.000000000000000000, 0.000000000000000000 ) ) ;
#4517 = ORIENTED_EDGE ( 'NONE', *, *, #6057, .T. ) ;
#4518 = DIRECTION ( 'NONE',  ( 1.000000000000000000, -0.000000000000000000, -1.219727444046192981E-16 ) ) ;
#4519 = DIRECTION ( 'NONE',  ( 0.000000000000000000, 0.000000000000000000, -1.000000000000000000 ) ) ;
#4520 = VERTEX_POINT ( 'NONE', #6590 ) ;
#4521 = MECHANICAL_DESIGN_GEOMETRIC_PRESENTATION_REPRESENTATION (  '', ( #6207 ), #1505 ) ;
#4522 = VECTOR ( 'NONE', #58, 1000.000000000000000 ) ;
#4523 = LINE ( 'NONE', #8162, #4477 ) ;
#4524 = SURFACE_STYLE_FILL_AREA ( #2499 ) ;
#4525 = DIRECTION ( 'NONE',  ( -2.168404344971009854E-16, 2.891205793294678326E-16, -1.000000000000000000 ) ) ;
#4526 = ORIENTED_EDGE ( 'NONE', *, *, #1155, .T. ) ;
#4527 = CARTESIAN_POINT ( 'NONE',  ( -4.410000000000000142, 0.000000000000000000, 0.000000000000000000 ) ) ;
#4528 = VECTOR ( 'NONE', #8072, 1000.000000000000000 ) ;
#4529 = CARTESIAN_POINT ( 'NONE',  ( -1.545000000000000373, -1.450000000000000178, 4.159551575750739083 ) ) ;
#4530 = VECTOR ( 'NONE', #3197, 1000.000000000000000 ) ;
#4531 = DIRECTION ( 'NONE',  ( 0.000000000000000000, -0.7071067811865398012, -0.7071067811865552333 ) ) ;
#4532 = ORIENTED_EDGE ( 'NONE', *, *, #6563, .T. ) ;
#4533 = UNCERTAINTY_MEASURE_WITH_UNIT (LENGTH_MEASURE( 1.000000000000000082E-05 ), #1887, 'distance_accuracy_value', 'NONE');
#4534 =( GEOMETRIC_REPRESENTATION_CONTEXT ( 3 ) GLOBAL_UNCERTAINTY_ASSIGNED_CONTEXT ( ( #1899 ) ) GLOBAL_UNIT_ASSIGNED_CONTEXT ( ( #3812, #4585, #8775 ) ) REPRESENTATION_CONTEXT ( 'NONE', 'WORKASPACE' ) );
#4535 = ORIENTED_EDGE ( 'NONE', *, *, #7743, .T. ) ;
#4536 = ORIENTED_EDGE ( 'NONE', *, *, #5939, .T. ) ;
#4537 = CARTESIAN_POINT ( 'NONE',  ( 0.5200000000000000178, -0.1898791645069244916, -3.750320303035187042 ) ) ;
#4538 = EDGE_CURVE ( 'NONE', #5756, #515, #2413, .T. ) ;
#4539 = ADVANCED_FACE ( 'NONE', ( #8599 ), #2483, .T. ) ;
#4540 = DIRECTION ( 'NONE',  ( -1.000000000000000000, -0.000000000000000000, -0.000000000000000000 ) ) ;
#4541 = COLOUR_RGB ( '',1.000000000000000000, 1.000000000000000000, 0.5019607843137254832 ) ;
#4542 = VECTOR ( 'NONE', #6740, 1000.000000000000000 ) ;
#4543 = FACE_OUTER_BOUND ( 'NONE', #3655, .T. ) ;
#4544 = EDGE_LOOP ( 'NONE', ( #1757, #8161, #4239, #8365, #8047, #8257, #5370, #7412 ) ) ;
#4545 = EDGE_CURVE ( 'NONE', #6315, #3027, #4075, .T. ) ;
#4546 = AXIS2_PLACEMENT_3D ( 'NONE', #6311, #334, #8851 ) ;
#4547 = SURFACE_STYLE_USAGE ( .BOTH. , #5538 ) ;
#4548 = CARTESIAN_POINT ( 'NONE',  ( -3.310000000000000497, 2.780000000000000249, 0.5999999999999993117 ) ) ;
#4549 = CARTESIAN_POINT ( 'NONE',  ( 0.6699999999999998179, 2.499999999999999556, -2.060000000000005382 ) ) ;
#4550 = ORIENTED_EDGE ( 'NONE', *, *, #4657, .F. ) ;
#4551 = PLANE ( 'NONE',  #2470 ) ;
#4552 = PRESENTATION_LAYER_ASSIGNMENT (  '', '', ( #6239 ) ) ;
#4553 = EDGE_LOOP ( 'NONE', ( #8848, #1934, #8251 ) ) ;
#4554 = VECTOR ( 'NONE', #833, 1000.000000000000000 ) ;
#4555 = CARTESIAN_POINT ( 'NONE',  ( -0.5200000000000004619, -0.1772281201405800644, -4.000000000000000000 ) ) ;
#4556 = CARTESIAN_POINT ( 'NONE',  ( -7.620000000000000107, 2.880000000000000338, 0.000000000000000000 ) ) ;
#4557 = VECTOR ( 'NONE', #7339, 1000.000000000000000 ) ;
#4558 = CIRCLE ( 'NONE', #2282, 0.1000000000000000472 ) ;
#4559 = CARTESIAN_POINT ( 'NONE',  ( -3.209999999999999964, 2.249999999999999556, -1.810000000000000275 ) ) ;
#4560 = LINE ( 'NONE', #4559, #7433 ) ;
#4561 = EDGE_CURVE ( 'NONE', #4520, #6766, #1012, .T. ) ;
#4562 = AXIS2_PLACEMENT_3D ( 'NONE', #1325, #2545, #477 ) ;
#4563 = ORIENTED_EDGE ( 'NONE', *, *, #3766, .T. ) ;
#4564 = ORIENTED_EDGE ( 'NONE', *, *, #367, .F. ) ;
#4565 = EDGE_CURVE ( 'NONE', #1138, #2832, #963, .T. ) ;
#4566 = CARTESIAN_POINT ( 'NONE',  ( 0.7699999999999997957, 2.880000000000000338, 0.5999999999999994227 ) ) ;
#4567 = DIRECTION ( 'NONE',  ( 0.000000000000000000, 0.000000000000000000, 1.000000000000000000 ) ) ;
#4569 = FACE_OUTER_BOUND ( 'NONE', #3030, .T. ) ;
#4568 = DIRECTION ( 'NONE',  ( -1.000000000000000000, 0.000000000000000000, 0.000000000000000000 ) ) ;
#4570 = EDGE_CURVE ( 'NONE', #2508, #6027, #4104, .T. ) ;
#4571 = LINE ( 'NONE', #1878, #7687 ) ;
#4572 = ADVANCED_FACE ( 'NONE', ( #980 ), #830, .T. ) ;
#4573 = EDGE_LOOP ( 'NONE', ( #1698, #1096, #4680, #2215, #1446, #7688, #8240, #2244 ) ) ;
#4574 = VECTOR ( 'NONE', #780, 1000.000000000000000 ) ;
#4575 = EDGE_CURVE ( 'NONE', #90, #8679, #7038, .T. ) ;
#4576 = CARTESIAN_POINT ( 'NONE',  ( -3.535000000000000142, -1.355060417746537293, -4.059679696964812123 ) ) ;
#4577 = ORIENTED_EDGE ( 'NONE', *, *, #2205, .F. ) ;
#4578 = DIRECTION ( 'NONE',  ( -1.000000000000000000, -0.000000000000000000, -0.000000000000000000 ) ) ;
#4579 = ORIENTED_EDGE ( 'NONE', *, *, #9169, .T. ) ;
#4580 = LINE ( 'NONE', #529, #4913 ) ;
#4581 = AXIS2_PLACEMENT_3D ( 'NONE', #4997, #4207, #2257 ) ;
#4582 = DIRECTION ( 'NONE',  ( 0.000000000000000000, 0.000000000000000000, -1.000000000000000000 ) ) ;
#4583 = DIRECTION ( 'NONE',  ( 0.000000000000000000, 0.000000000000000000, 1.000000000000000000 ) ) ;
#4584 = VECTOR ( 'NONE', #2939, 1000.000000000000000 ) ;
#4585 =( NAMED_UNIT ( * ) PLANE_ANGLE_UNIT ( ) SI_UNIT ( $, .RADIAN. ) );
#4586 = EDGE_LOOP ( 'NONE', ( #1578, #6818, #4705, #7571 ) ) ;
#4587 = DIRECTION ( 'NONE',  ( 0.000000000000000000, -0.000000000000000000, 1.000000000000000000 ) ) ;
#4588 = EDGE_CURVE ( 'NONE', #257, #5481, #8425, .T. ) ;
#4589 = LINE ( 'NONE', #8839, #7546 ) ;
#4590 =( BOUNDED_CURVE ( )  B_SPLINE_CURVE ( 3, ( #3678, #3544, #6271, #7007 ),
 .UNSPECIFIED., .F., .F. ) 
 B_SPLINE_CURVE_WITH_KNOTS ( ( 4, 4 ),
 ( 3.141592653589793116, 4.712388980384694115 ),
 .UNSPECIFIED. ) 
 CURVE ( )  GEOMETRIC_REPRESENTATION_ITEM ( )  RATIONAL_B_SPLINE_CURVE ( ( 1.000000000000000000, 0.8047378541243640493, 0.8047378541243640493, 1.000000000000000000 ) ) 
 REPRESENTATION_ITEM ( '' )  );
#4591 = ORIENTED_EDGE ( 'NONE', *, *, #7454, .F. ) ;
#4592 = VERTEX_POINT ( 'NONE', #650 ) ;
#4593 = CARTESIAN_POINT ( 'NONE',  ( -4.309999999999999609, 1.999999999999999112, 0.5999999999999992006 ) ) ;
#4594 =( LENGTH_UNIT ( ) NAMED_UNIT ( * ) SI_UNIT ( .MILLI., .METRE. ) );
#4595 = LINE ( 'NONE', #4504, #1909 ) ;
#4596 = CYLINDRICAL_SURFACE ( 'NONE', #5420, 0.1000000000000011297 ) ;
#4597 = EDGE_CURVE ( 'NONE', #8468, #6370, #3955, .T. ) ;
#4598 = ORIENTED_EDGE ( 'NONE', *, *, #2369, .F. ) ;
#4599 = LINE ( 'NONE', #4716, #7390 ) ;
#4600 = VECTOR ( 'NONE', #4752, 1000.000000000000000 ) ;
#4601 = EDGE_LOOP ( 'NONE', ( #2301, #4101, #4564, #658 ) ) ;
#4602 = LINE ( 'NONE', #6564, #1333 ) ;
#4603 = SURFACE_STYLE_FILL_AREA ( #2335 ) ;
#4604 = CARTESIAN_POINT ( 'NONE',  ( 0.000000000000000000, 0.000000000000000000, 0.000000000000000000 ) ) ;
#4605 = EDGE_CURVE ( 'NONE', #2818, #1905, #4028, .T. ) ;
#4606 = CARTESIAN_POINT ( 'NONE',  ( 4.309999999999999609, 4.649244398944980539, 0.09999999999999995004 ) ) ;
#4607 = ORIENTED_EDGE ( 'NONE', *, *, #2004, .T. ) ;
#4608 = DIRECTION ( 'NONE',  ( -1.000000000000000000, -0.000000000000000000, -0.000000000000000000 ) ) ;
#4609 = CARTESIAN_POINT ( 'NONE',  ( -4.084999999999999964, -1.700000000000000178, -3.350000000000000533 ) ) ;
#4610 = ADVANCED_FACE ( 'NONE', ( #3807 ), #696, .T. ) ;
#4611 = VECTOR ( 'NONE', #6882, 1000.000000000000000 ) ;
#4612 = DIRECTION ( 'NONE',  ( -1.000000000000000000, -0.000000000000000000, -0.000000000000000000 ) ) ;
#4613 = EDGE_CURVE ( 'NONE', #5274, #5614, #7002, .T. ) ;
#4614 = COLOUR_RGB ( '',1.000000000000000000, 1.000000000000000000, 0.5019607843137254832 ) ;
#4615 = VECTOR ( 'NONE', #2551, 1000.000000000000000 ) ;
#4616 = CARTESIAN_POINT ( 'NONE',  ( -1.870000000000000107, 2.249999999999999112, -0.6999999999999994005 ) ) ;
#4617 = VERTEX_POINT ( 'NONE', #7926 ) ;
#4618 = VECTOR ( 'NONE', #3154, 1000.000000000000000 ) ;
#4619 = EDGE_LOOP ( 'NONE', ( #3265, #8899, #6276, #2933 ) ) ;
#4620 = ORIENTED_EDGE ( 'NONE', *, *, #4175, .T. ) ;
#4621 = CARTESIAN_POINT ( 'NONE',  ( -1.870000000000000107, 1.999999999999999112, -0.7000000000000001776 ) ) ;
#4622 = AXIS2_PLACEMENT_3D ( 'NONE', #6165, #4356, #8372 ) ;
#4623 = DIRECTION ( 'NONE',  ( 0.000000000000000000, -0.000000000000000000, 1.000000000000000000 ) ) ;
#4624 = DIRECTION ( 'NONE',  ( -1.000000000000000000, -0.000000000000000000, 0.000000000000000000 ) ) ;
#4625 = CARTESIAN_POINT ( 'NONE',  ( 0.7699999999999997957, 2.780000000000000249, 0.09999999999999951983 ) ) ;
#4626 = DIRECTION ( 'NONE',  ( 0.000000000000000000, 0.000000000000000000, 1.000000000000000000 ) ) ;
#4628 = LINE ( 'NONE', #3664, #7697 ) ;
#4627 = CARTESIAN_POINT ( 'NONE',  ( 2.019999999999999574, 0.000000000000000000, -3.550576545463337119 ) ) ;
#4629 = FACE_OUTER_BOUND ( 'NONE', #471, .T. ) ;
#4630 = VERTEX_POINT ( 'NONE', #7180 ) ;
#4631 = PRESENTATION_STYLE_ASSIGNMENT (( #3086 ) ) ;
#4632 = VECTOR ( 'NONE', #1685, 1000.000000000000114 ) ;
#4633 = EDGE_LOOP ( 'NONE', ( #216, #27, #4974, #1732, #3014, #1597, #1527, #2328 ) ) ;
#4634 = MECHANICAL_DESIGN_GEOMETRIC_PRESENTATION_REPRESENTATION (  '', ( #3546 ), #770 ) ;
#4635 = LINE ( 'NONE', #3920, #7902 ) ;
#4636 = ORIENTED_EDGE ( 'NONE', *, *, #4780, .T. ) ;
#4637 = ORIENTED_EDGE ( 'NONE', *, *, #78, .F. ) ;
#4638 = DIRECTION ( 'NONE',  ( -0.000000000000000000, -1.000000000000000000, -2.891205793294678326E-16 ) ) ;
#4639 = CARTESIAN_POINT ( 'NONE',  ( -1.870000000000000107, 2.499999999999999112, 2.060000000000005382 ) ) ;
#4640 = EDGE_CURVE ( 'NONE', #5757, #3961, #3730, .T. ) ;
#4641 = MECHANICAL_DESIGN_GEOMETRIC_PRESENTATION_REPRESENTATION (  '', ( #2407 ), #6334 ) ;
#4642 =( LENGTH_UNIT ( ) NAMED_UNIT ( * ) SI_UNIT ( .MILLI., .METRE. ) );
#4643 = CYLINDRICAL_SURFACE ( 'NONE', #1673, 0.1000000000000011297 ) ;
#4644 = UNCERTAINTY_MEASURE_WITH_UNIT (LENGTH_MEASURE( 1.000000000000000082E-05 ), #5478, 'distance_accuracy_value', 'NONE');
#4645 = CARTESIAN_POINT ( 'NONE',  ( 2.019999999999999574, 0.000000000000000000, -3.349999999999997424 ) ) ;
#4646 =( GEOMETRIC_REPRESENTATION_CONTEXT ( 3 ) GLOBAL_UNCERTAINTY_ASSIGNED_CONTEXT ( ( #7459 ) ) GLOBAL_UNIT_ASSIGNED_CONTEXT ( ( #7828, #6450, #746 ) ) REPRESENTATION_CONTEXT ( 'NONE', 'WORKASPACE' ) );
#4647 = PLANE ( 'NONE',  #8866 ) ;
#4648 = DIRECTION ( 'NONE',  ( 0.000000000000000000, 0.000000000000000000, -1.000000000000000000 ) ) ;
#4649 = VECTOR ( 'NONE', #443, 1000.000000000000000 ) ;
#4650 = CARTESIAN_POINT ( 'NONE',  ( -3.535000000000000142, -0.1772281201405800644, 4.000000000000000000 ) ) ;
#4651 = LINE ( 'NONE', #418, #1295 ) ;
#4652 = PLANE ( 'NONE',  #4185 ) ;
#4653 = ADVANCED_FACE ( 'NONE', ( #6855 ), #2876, .F. ) ;
#4654 = VERTEX_POINT ( 'NONE', #6375 ) ;
#4655 = SURFACE_STYLE_FILL_AREA ( #6969 ) ;
#4656 = VERTEX_POINT ( 'NONE', #7755 ) ;
#4657 = EDGE_CURVE ( 'NONE', #7693, #986, #730, .T. ) ;
#4658 = ORIENTED_EDGE ( 'NONE', *, *, #5473, .T. ) ;
#4659 = CARTESIAN_POINT ( 'NONE',  ( 0.5200000000000000178, 0.2500000000000000000, 3.349999999999997424 ) ) ;
#4660 = CARTESIAN_POINT ( 'NONE',  ( 2.019999999999999574, -1.150000000000000133, -4.049289471110532723 ) ) ;
#4661 = AXIS2_PLACEMENT_3D ( 'NONE', #186, #8128, #1134 ) ;
#4662 = PLANE ( 'NONE',  #3373 ) ;
#4663 = LINE ( 'NONE', #6250, #1888 ) ;
#4664 = LINE ( 'NONE', #6831, #7768 ) ;
#4665 = LINE ( 'NONE', #2768, #1596 ) ;
#4666 = AXIS2_PLACEMENT_3D ( 'NONE', #7159, #6966, #6229 ) ;
#4667 = ORIENTED_EDGE ( 'NONE', *, *, #4099, .F. ) ;
#4668 = PRESENTATION_STYLE_ASSIGNMENT (( #8562 ) ) ;
#4669 = CARTESIAN_POINT ( 'NONE',  ( 0.9949999999999997735, -1.355060417746537293, 4.059679696964812123 ) ) ;
#4670 = VERTEX_POINT ( 'NONE', #3600 ) ;
#4671 = PLANE ( 'NONE',  #6824 ) ;
#4672 = DIRECTION ( 'NONE',  ( -1.000000000000000000, -0.000000000000000000, -0.000000000000000000 ) ) ;
#4673 = DIRECTION ( 'NONE',  ( 0.000000000000000000, 0.000000000000000000, -1.000000000000000000 ) ) ;
#4674 = DIRECTION ( 'NONE',  ( 0.000000000000000000, -0.9987187878592515000, 0.05060417746537710509 ) ) ;
#4675 = CYLINDRICAL_SURFACE ( 'NONE', #2522, 0.3500000000000004774 ) ;
#4676 = LINE ( 'NONE', #4868, #1441 ) ;
#4677 = AXIS2_PLACEMENT_3D ( 'NONE', #2165, #6774, #1233 ) ;
#4678 = ORIENTED_EDGE ( 'NONE', *, *, #38, .F. ) ;
#4679 = SURFACE_STYLE_FILL_AREA ( #3789 ) ;
#4680 = ORIENTED_EDGE ( 'NONE', *, *, #5445, .T. ) ;
#4681 = CARTESIAN_POINT ( 'NONE',  ( 1.769999999999999352, 2.880000000000000338, 0.5999999999999993117 ) ) ;
#4682 = ORIENTED_EDGE ( 'NONE', *, *, #5744, .F. ) ;
#4683 = VERTEX_POINT ( 'NONE', #1386 ) ;
#4684 = ORIENTED_EDGE ( 'NONE', *, *, #5541, .T. ) ;
#4685 = EDGE_CURVE ( 'NONE', #2280, #7236, #3841, .T. ) ;
#4686 = CARTESIAN_POINT ( 'NONE',  ( 2.019999999999999574, -1.450000000000000178, 4.159551575750739083 ) ) ;
#4687 =( NAMED_UNIT ( * ) SI_UNIT ( $, .STERADIAN. ) SOLID_ANGLE_UNIT ( ) );
#4688 = ADVANCED_FACE ( 'NONE', ( #6838 ), #639, .F. ) ;
#4689 = CARTESIAN_POINT ( 'NONE',  ( -0.5200000000000004619, -1.355060417746537293, 4.059679696964812123 ) ) ;
#4690 = DIRECTION ( 'NONE',  ( 0.000000000000000000, 0.000000000000000000, -1.000000000000000000 ) ) ;
#4692 = COLOUR_RGB ( '',0.2509803921568627416, 0.2509803921568627416, 0.2509803921568627416 ) ;
#4691 = DIRECTION ( 'NONE',  ( 1.000000000000000000, 0.000000000000000000, 0.000000000000000000 ) ) ;
#4693 = DIRECTION ( 'NONE',  ( 1.000000000000000000, 0.000000000000000000, -7.228014483236698528E-16 ) ) ;
#4694 = VECTOR ( 'NONE', #3334, 1000.000000000000000 ) ;
#4695 = LINE ( 'NONE', #4336, #4837 ) ;
#4696 = STYLED_ITEM ( 'NONE', ( #3237 ), #5925 ) ;
#4697 = ORIENTED_EDGE ( 'NONE', *, *, #1677, .T. ) ;
#4698 = ORIENTED_EDGE ( 'NONE', *, *, #7549, .T. ) ;
#4699 = CARTESIAN_POINT ( 'NONE',  ( 4.559999999999999609, 0.000000000000000000, -3.349999999999997424 ) ) ;
#4700 = AXIS2_PLACEMENT_3D ( 'NONE', #3593, #1513, #2229 ) ;
#4701 = EDGE_LOOP ( 'NONE', ( #3827, #6798, #141, #3794 ) ) ;
#4702 = EDGE_LOOP ( 'NONE', ( #473, #373, #6702, #5398 ) ) ;
#4703 = CARTESIAN_POINT ( 'NONE',  ( 4.309999999999999609, 2.780000000000000249, -6.418476861114183291E-16 ) ) ;
#4704 =( NAMED_UNIT ( * ) SI_UNIT ( $, .STERADIAN. ) SOLID_ANGLE_UNIT ( ) );
#4705 = ORIENTED_EDGE ( 'NONE', *, *, #8808, .F. ) ;
#4706 = SURFACE_SIDE_STYLE ('',( #5597 ) ) ;
#4707 = EDGE_CURVE ( 'NONE', #359, #5738, #6752, .T. ) ;
#4708 = DIRECTION ( 'NONE',  ( -1.000000000000000000, -0.000000000000000000, 0.000000000000000000 ) ) ;
#4709 = CIRCLE ( 'NONE', #1449, 0.1000000000000011297 ) ;
#4710 = VECTOR ( 'NONE', #158, 1000.000000000000000 ) ;
#4711 = CARTESIAN_POINT ( 'NONE',  ( -2.020000000000000018, -0.2000000000000000111, 3.550576545463337119 ) ) ;
#4712 = DIRECTION ( 'NONE',  ( -1.000000000000000000, 0.000000000000000000, 0.000000000000000000 ) ) ;
#4713 = VERTEX_POINT ( 'NONE', #8390 ) ;
#4714 =( NAMED_UNIT ( * ) SI_UNIT ( $, .STERADIAN. ) SOLID_ANGLE_UNIT ( ) );
#4715 = VECTOR ( 'NONE', #1403, 1000.000000000000000 ) ;
#4716 = CARTESIAN_POINT ( 'NONE',  ( -0.9950000000000002176, -1.700000000000000400, -3.350000000000000533 ) ) ;
#4717 = EDGE_LOOP ( 'NONE', ( #5589, #6249, #2666, #2207 ) ) ;
#4718 =( LENGTH_UNIT ( ) NAMED_UNIT ( * ) SI_UNIT ( .MILLI., .METRE. ) );
#4719 = PRESENTATION_LAYER_ASSIGNMENT (  '', '', ( #8452 ) ) ;
#4720 = CIRCLE ( 'NONE', #2423, 0.1000000000000011297 ) ;
#4721 = VERTEX_POINT ( 'NONE', #6431 ) ;
#4722 = EDGE_CURVE ( 'NONE', #5661, #4876, #3993, .T. ) ;
#4723 = ORIENTED_EDGE ( 'NONE', *, *, #1234, .T. ) ;
#4724 = ADVANCED_FACE ( 'NONE', ( #6802 ), #1949, .F. ) ;
#4725 = PLANE ( 'NONE',  #3079 ) ;
#4726 = VECTOR ( 'NONE', #9020, 1000.000000000000000 ) ;
#4727 = DIRECTION ( 'NONE',  ( -0.000000000000000000, -1.000000000000000000, -2.891205793294678326E-16 ) ) ;
#4728 = CYLINDRICAL_SURFACE ( 'NONE', #4973, 0.1000000000000011297 ) ;
#4729 = VECTOR ( 'NONE', #7537, 1000.000000000000000 ) ;
#4730 = VERTEX_POINT ( 'NONE', #7071 ) ;
#4731 = VECTOR ( 'NONE', #659, 1000.000000000000000 ) ;
#4732 = EDGE_LOOP ( 'NONE', ( #8745, #8986, #5696, #5651 ) ) ;
#4733 = ORIENTED_EDGE ( 'NONE', *, *, #7305, .T. ) ;
#4734 = ORIENTED_EDGE ( 'NONE', *, *, #8215, .T. ) ;
#4735 = CARTESIAN_POINT ( 'NONE',  ( -1.870000000000000107, 2.499999999999999556, -2.060000000000005382 ) ) ;
#4736 = CARTESIAN_POINT ( 'NONE',  ( 4.559999999999999609, -0.2000000000000000111, -3.550576545463337119 ) ) ;
#4737 = CARTESIAN_POINT ( 'NONE',  ( -4.559999999999999609, 0.000000000000000000, 3.550576545463337119 ) ) ;
#4738 = ORIENTED_EDGE ( 'NONE', *, *, #7834, .T. ) ;
#4739 = EDGE_CURVE ( 'NONE', #6766, #4966, #3759, .T. ) ;
#4740 = CARTESIAN_POINT ( 'NONE',  ( 1.869999999999999662, 2.499999999999999556, -2.060000000000005382 ) ) ;
#4741 = LINE ( 'NONE', #5331, #1612 ) ;
#4742 = CYLINDRICAL_SURFACE ( 'NONE', #1708, 0.4500000000000002887 ) ;
#4743 = DIRECTION ( 'NONE',  ( -1.000000000000000000, -4.565061778886337988E-16, -2.313075504410495651E-17 ) ) ;
#4744 = DIRECTION ( 'NONE',  ( -1.000000000000000000, 0.000000000000000000, 1.219727444046192981E-16 ) ) ;
#4745 = FACE_OUTER_BOUND ( 'NONE', #3496, .T. ) ;
#4746 = AXIS2_PLACEMENT_3D ( 'NONE', #7399, #7466, #1006 ) ;
#4747 = SURFACE_STYLE_USAGE ( .BOTH. , #8978 ) ;
#4748 = VERTEX_POINT ( 'NONE', #2138 ) ;
#4749 = FILL_AREA_STYLE_COLOUR ( '', #5034 ) ;
#4750 = UNCERTAINTY_MEASURE_WITH_UNIT (LENGTH_MEASURE( 1.000000000000000082E-05 ), #7843, 'distance_accuracy_value', 'NONE');
#4751 = EDGE_CURVE ( 'NONE', #4617, #839, #3879, .T. ) ;
#4752 = DIRECTION ( 'NONE',  ( -1.000000000000000000, -0.000000000000000000, -0.000000000000000000 ) ) ;
#4753 = DIRECTION ( 'NONE',  ( 0.000000000000000000, 0.000000000000000000, 1.000000000000000000 ) ) ;
#4754 = ORIENTED_EDGE ( 'NONE', *, *, #1396, .F. ) ;
#4755 = LINE ( 'NONE', #4093, #1584 ) ;
#4756 = FACE_OUTER_BOUND ( 'NONE', #2194, .T. ) ;
#4757 = PRESENTATION_LAYER_ASSIGNMENT (  '', '', ( #8581 ) ) ;
#4758 = SURFACE_STYLE_FILL_AREA ( #7889 ) ;
#4759 = VECTOR ( 'NONE', #5220, 1000.000000000000000 ) ;
#4760 = ORIENTED_EDGE ( 'NONE', *, *, #7495, .T. ) ;
#4761 = VERTEX_POINT ( 'NONE', #6139 ) ;
#4762 = CARTESIAN_POINT ( 'NONE',  ( -4.084999999999999964, -1.700000000000000178, -4.954999999999999183 ) ) ;
#4763 = UNCERTAINTY_MEASURE_WITH_UNIT (LENGTH_MEASURE( 1.000000000000000082E-05 ), #12, 'distance_accuracy_value', 'NONE');
#4764 = FILL_AREA_STYLE ('',( #5962 ) ) ;
#4765 = AXIS2_PLACEMENT_3D ( 'NONE', #7623, #5612, #6253 ) ;
#4766 = EDGE_LOOP ( 'NONE', ( #3451, #3583, #3813, #6643 ) ) ;
#4767 = DIRECTION ( 'NONE',  ( 0.000000000000000000, 0.000000000000000000, -1.000000000000000000 ) ) ;
#4768 = ADVANCED_FACE ( 'NONE', ( #863 ), #592, .F. ) ;
#4769 = FILL_AREA_STYLE ('',( #1004 ) ) ;
#4770 = DIRECTION ( 'NONE',  ( 0.000000000000000000, 0.000000000000000000, 1.000000000000000000 ) ) ;
#4771 = CARTESIAN_POINT ( 'NONE',  ( 3.535000000000000142, -1.150000000000000355, 3.798968757172755062 ) ) ;
#4772 = CARTESIAN_POINT ( 'NONE',  ( 3.310000000000000053, 1.999999999999999112, 0.09999999999999928391 ) ) ;
#4773 = CARTESIAN_POINT ( 'NONE',  ( -0.9950000000000002176, -1.150000000000000355, 4.049289471110532723 ) ) ;
#4774 = VECTOR ( 'NONE', #4448, 1000.000000000000000 ) ;
#4775 = AXIS2_PLACEMENT_3D ( 'NONE', #1520, #2240, #2885 ) ;
#4776 = CARTESIAN_POINT ( 'NONE',  ( 2.019999999999999574, -1.700000000000000178, 4.954999999999999183 ) ) ;
#4777 = VECTOR ( 'NONE', #1448, 1000.000000000000000 ) ;
#4778 = CARTESIAN_POINT ( 'NONE',  ( -0.7700000000000006839, 2.880000000000000338, 0.09999999999999940881 ) ) ;
#4779 = FACE_OUTER_BOUND ( 'NONE', #1995, .T. ) ;
#4780 = EDGE_CURVE ( 'NONE', #1543, #5756, #894, .T. ) ;
#4781 = CARTESIAN_POINT ( 'NONE',  ( 3.060000000000000053, -0.1772281201405800644, -4.000000000000000000 ) ) ;
#4782 = VERTEX_POINT ( 'NONE', #6490 ) ;
#4783 = DIRECTION ( 'NONE',  ( 0.000000000000000000, -1.000000000000000000, 2.602085213965212614E-15 ) ) ;
#4784 = ORIENTED_EDGE ( 'NONE', *, *, #5225, .T. ) ;
#4785 = CARTESIAN_POINT ( 'NONE',  ( 4.559999999999999609, -1.700000000000000178, 4.954999999999999183 ) ) ;
#4786 = EDGE_CURVE ( 'NONE', #6464, #5869, #676, .T. ) ;
#4787 = DIRECTION ( 'NONE',  ( 0.000000000000000000, 0.9987187878592515000, -0.05060417746537709816 ) ) ;
#4788 = CARTESIAN_POINT ( 'NONE',  ( 4.084999999999999964, -1.367711462112881859, -3.810000000000000053 ) ) ;
#4789 = ORIENTED_EDGE ( 'NONE', *, *, #1627, .T. ) ;
#4790 = MECHANICAL_DESIGN_GEOMETRIC_PRESENTATION_REPRESENTATION (  '', ( #7306 ), #472 ) ;
#4791 = LINE ( 'NONE', #8909, #4835 ) ;
#4792 = DIRECTION ( 'NONE',  ( 0.000000000000000000, -0.000000000000000000, -1.000000000000000000 ) ) ;
#4793 = VECTOR ( 'NONE', #1079, 1000.000000000000000 ) ;
#4794 = EDGE_CURVE ( 'NONE', #5679, #7509, #7510, .T. ) ;
#4795 = FACE_OUTER_BOUND ( 'NONE', #2268, .T. ) ;
#4796 = ORIENTED_EDGE ( 'NONE', *, *, #7504, .F. ) ;
#4797 = ORIENTED_EDGE ( 'NONE', *, *, #6232, .T. ) ;
#4798 = VERTEX_POINT ( 'NONE', #7450 ) ;
#4799 = CARTESIAN_POINT ( 'NONE',  ( 4.559999999999999609, -1.700000000000000178, 4.159551575750739083 ) ) ;
#4800 = VERTEX_POINT ( 'NONE', #6016 ) ;
#4801 = CARTESIAN_POINT ( 'NONE',  ( 1.544999999999999929, -1.700000000000000400, -4.954999999999999183 ) ) ;
#4802 = DIRECTION ( 'NONE',  ( 1.219727444046192981E-16, -2.891205793294678326E-16, 1.000000000000000000 ) ) ;
#4803 = CARTESIAN_POINT ( 'NONE',  ( -4.410000000000000142, 2.499999999999999556, -2.060000000000005382 ) ) ;
#4804 = CARTESIAN_POINT ( 'NONE',  ( -0.7700000000000006839, 2.880000000000000338, 0.09999999999999917288 ) ) ;
#4805 = FACE_OUTER_BOUND ( 'NONE', #3611, .T. ) ;
#4806 = LINE ( 'NONE', #8873, #7952 ) ;
#4807 = EDGE_CURVE ( 'NONE', #7713, #4401, #1309, .T. ) ;
#4808 = AXIS2_PLACEMENT_3D ( 'NONE', #332, #2981, #3769 ) ;
#4809 = VECTOR ( 'NONE', #876, 1000.000000000000000 ) ;
#4810 = EDGE_CURVE ( 'NONE', #7536, #8568, #1280, .T. ) ;
#4811 = DIRECTION ( 'NONE',  ( -1.000000000000000000, -0.000000000000000000, 0.000000000000000000 ) ) ;
#4812 = ORIENTED_EDGE ( 'NONE', *, *, #7852, .F. ) ;
#4813 = ORIENTED_EDGE ( 'NONE', *, *, #7549, .F. ) ;
#4814 =( GEOMETRIC_REPRESENTATION_CONTEXT ( 3 ) GLOBAL_UNCERTAINTY_ASSIGNED_CONTEXT ( ( #8563 ) ) GLOBAL_UNIT_ASSIGNED_CONTEXT ( ( #8471, #9125, #7837 ) ) REPRESENTATION_CONTEXT ( 'NONE', 'WORKASPACE' ) );
#4815 = PLANE ( 'NONE',  #5447 ) ;
#4816 = CARTESIAN_POINT ( 'NONE',  ( 2.019999999999999574, 0.2500000000000000000, -3.349999999999997424 ) ) ;
#4817 = VERTEX_POINT ( 'NONE', #8938 ) ;
#4818 =( LENGTH_UNIT ( ) NAMED_UNIT ( * ) SI_UNIT ( .MILLI., .METRE. ) );
#4819 = CARTESIAN_POINT ( 'NONE',  ( 4.084999999999999964, -1.450000000000000178, 4.159551575750739083 ) ) ;
#4820 = LINE ( 'NONE', #5652, #2016 ) ;
#4821 = DIRECTION ( 'NONE',  ( 0.000000000000000000, 0.000000000000000000, 1.000000000000000000 ) ) ;
#4822 = CARTESIAN_POINT ( 'NONE',  ( -3.310000000000000497, 2.780000000000000249, -6.418476861114183291E-16 ) ) ;
#4823 = EDGE_CURVE ( 'NONE', #7565, #733, #1331, .T. ) ;
#4824 = DIRECTION ( 'NONE',  ( 1.000000000000000000, -0.000000000000000000, 0.000000000000000000 ) ) ;
#4825 = LINE ( 'NONE', #1649, #7825 ) ;
#4826 = DIRECTION ( 'NONE',  ( 0.000000000000000000, 0.000000000000000000, -1.000000000000000000 ) ) ;
#4827 = SURFACE_SIDE_STYLE ('',( #4655 ) ) ;
#4828 = CIRCLE ( 'NONE', #6800, 0.1000000000000011297 ) ;
#4829 = EDGE_CURVE ( 'NONE', #2724, #2832, #1240, .T. ) ;
#4830 = AXIS2_PLACEMENT_3D ( 'NONE', #8774, #1008, #1758 ) ;
#4831 = VERTEX_POINT ( 'NONE', #1212 ) ;
#4832 =( LENGTH_UNIT ( ) NAMED_UNIT ( * ) SI_UNIT ( .MILLI., .METRE. ) );
#4833 = ADVANCED_FACE ( 'NONE', ( #1133 ), #4815, .T. ) ;
#4834 = PLANE ( 'NONE',  #5817 ) ;
#4835 = VECTOR ( 'NONE', #5195, 1000.000000000000000 ) ;
#4836 = PLANE ( 'NONE',  #1362 ) ;
#4837 = VECTOR ( 'NONE', #3485, 1000.000000000000000 ) ;
#4838 = PRESENTATION_LAYER_ASSIGNMENT (  '', '', ( #6524 ) ) ;
#4839 = VECTOR ( 'NONE', #1209, 1000.000000000000000 ) ;
#4840 = ADVANCED_FACE ( 'NONE', ( #7315 ), #1368, .T. ) ;
#4841 = PLANE ( 'NONE',  #8518 ) ;
#4842 = DIRECTION ( 'NONE',  ( 0.000000000000000000, -1.000000000000000000, 0.000000000000000000 ) ) ;
#4843 = CARTESIAN_POINT ( 'NONE',  ( 5.815000000000000391, 2.250000000000000444, -2.349999999999999201 ) ) ;
#4844 =( NAMED_UNIT ( * ) PLANE_ANGLE_UNIT ( ) SI_UNIT ( $, .RADIAN. ) );
#4845 = ORIENTED_EDGE ( 'NONE', *, *, #2342, .F. ) ;
#4846 = EDGE_CURVE ( 'NONE', #5755, #6459, #4499, .T. ) ;
#4847 = VECTOR ( 'NONE', #9084, 1000.000000000000000 ) ;
#4848 = SURFACE_STYLE_FILL_AREA ( #6965 ) ;
#4849 = AXIS2_PLACEMENT_3D ( 'NONE', #5433, #7602, #2034 ) ;
#4850 = CARTESIAN_POINT ( 'NONE',  ( 3.209999999999999964, 2.249999999999999112, 1.809999999999999831 ) ) ;
#4851 = ADVANCED_FACE ( 'NONE', ( #7566 ), #3140, .F. ) ;
#4852 = VECTOR ( 'NONE', #789, 1000.000000000000000 ) ;
#4853 = LINE ( 'NONE', #8465, #1800 ) ;
#4854 = CARTESIAN_POINT ( 'NONE',  ( 0.000000000000000000, 2.000000000000000000, 0.000000000000000000 ) ) ;
#4855 = FILL_AREA_STYLE_COLOUR ( '', #2461 ) ;
#4856 = FACE_OUTER_BOUND ( 'NONE', #3492, .T. ) ;
#4857 = EDGE_CURVE ( 'NONE', #47, #2224, #6940, .T. ) ;
#4858 = DIRECTION ( 'NONE',  ( 0.000000000000000000, 0.000000000000000000, 1.000000000000000000 ) ) ;
#4859 = VERTEX_POINT ( 'NONE', #4146 ) ;
#4860 = ADVANCED_FACE ( 'NONE', ( #1045 ), #4019, .F. ) ;
#4861 = DIRECTION ( 'NONE',  ( 0.000000000000000000, 0.000000000000000000, 1.000000000000000000 ) ) ;
#4862 = CARTESIAN_POINT ( 'NONE',  ( 4.559999999999999609, 0.000000000000000000, 3.349999999999997424 ) ) ;
#4863 = CARTESIAN_POINT ( 'NONE',  ( 0.7699999999999997957, 2.780000000000000249, 0.6999999999999995115 ) ) ;
#4864 = AXIS2_PLACEMENT_3D ( 'NONE', #5997, #1724, #9202 ) ;
#4865 = DIRECTION ( 'NONE',  ( 0.000000000000000000, 0.000000000000000000, 1.000000000000000000 ) ) ;
#4866 = LINE ( 'NONE', #4313, #1812 ) ;
#4867 = CIRCLE ( 'NONE', #7727, 0.4499999999999999001 ) ;
#4868 = CARTESIAN_POINT ( 'NONE',  ( -5.309999999999999609, 2.500000000000000000, 2.300000000000000711 ) ) ;
#4869 = ORIENTED_EDGE ( 'NONE', *, *, #6754, .F. ) ;
#4870 = UNCERTAINTY_MEASURE_WITH_UNIT (LENGTH_MEASURE( 1.000000000000000082E-05 ), #722, 'distance_accuracy_value', 'NONE');
#4871 = FACE_OUTER_BOUND ( 'NONE', #1299, .T. ) ;
#4872 = MECHANICAL_DESIGN_GEOMETRIC_PRESENTATION_REPRESENTATION (  '', ( #6239 ), #8887 ) ;
#4873 = VECTOR ( 'NONE', #1746, 1000.000000000000000 ) ;
#4874 = DIRECTION ( 'NONE',  ( 0.000000000000000000, 0.000000000000000000, -1.000000000000000000 ) ) ;
#4875 = ORIENTED_EDGE ( 'NONE', *, *, #5877, .F. ) ;
#4876 = VERTEX_POINT ( 'NONE', #8305 ) ;
#4877 = EDGE_LOOP ( 'NONE', ( #391, #6363, #276, #677 ) ) ;
#4878 = CARTESIAN_POINT ( 'NONE',  ( 3.209999999999999964, 2.249999999999999112, 1.809999999999999831 ) ) ;
#4879 = LINE ( 'NONE', #2640, #1654 ) ;
#4880 = CARTESIAN_POINT ( 'NONE',  ( -3.060000000000000053, -0.1772281201405800644, -4.000000000000000000 ) ) ;
#4881 = ORIENTED_EDGE ( 'NONE', *, *, #3867, .F. ) ;
#4882 = DIRECTION ( 'NONE',  ( 0.000000000000000000, 0.000000000000000000, -1.000000000000000000 ) ) ;
#4883 = CIRCLE ( 'NONE', #8109, 0.09999999999999993616 ) ;
#4884 = SPHERICAL_SURFACE ( 'NONE', #7118, 0.1000000000000000056 ) ;
#4885 = CARTESIAN_POINT ( 'NONE',  ( 3.535000000000000142, -1.700000000000000178, -3.350000000000000533 ) ) ;
#4886 = FILL_AREA_STYLE_COLOUR ( '', #4541 ) ;
#4887 = LINE ( 'NONE', #4699, #7804 ) ;
#4888 = ORIENTED_EDGE ( 'NONE', *, *, #7016, .F. ) ;
#4889 = VERTEX_POINT ( 'NONE', #8361 ) ;
#4890 = EDGE_CURVE ( 'NONE', #4730, #2893, #3898, .T. ) ;
#4891 = CLOSED_SHELL ( 'NONE', ( #2312, #8993, #5542, #7039, #5522, #5091, #3349, #2923, #6469, #972, #8041, #8113, #5428, #8926, #4318, #1684, #6105, #2245 ) ) ;
#4892 = EDGE_CURVE ( 'NONE', #1914, #3886, #7244, .T. ) ;
#4893 = PLANE ( 'NONE',  #2368 ) ;
#4894 = DIRECTION ( 'NONE',  ( -1.000000000000000000, -0.000000000000000000, 0.000000000000000000 ) ) ;
#4895 = FACE_OUTER_BOUND ( 'NONE', #7210, .T. ) ;
#4896 = FACE_OUTER_BOUND ( 'NONE', #3914, .T. ) ;
#4897 = LINE ( 'NONE', #7942, #8036 ) ;
#4898 = AXIS2_PLACEMENT_3D ( 'NONE', #616, #3499, #1283 ) ;
#4899 = FACE_OUTER_BOUND ( 'NONE', #8222, .T. ) ;
#4900 = CARTESIAN_POINT ( 'NONE',  ( 4.309999999999999609, 1.999999999999999112, 0.09999999999999917288 ) ) ;
#4901 = ORIENTED_EDGE ( 'NONE', *, *, #8738, .T. ) ;
#4902 = CARTESIAN_POINT ( 'NONE',  ( 2.019999999999999574, 0.2500000000000000000, -3.349999999999997424 ) ) ;
#4903 = AXIS2_PLACEMENT_3D ( 'NONE', #5280, #6695, #5917 ) ;
#4904 = CARTESIAN_POINT ( 'NONE',  ( -1.770000000000000240, 2.780000000000000249, 0.5999999999999994227 ) ) ;
#4905 = ORIENTED_EDGE ( 'NONE', *, *, #901, .T. ) ;
#4906 = CARTESIAN_POINT ( 'NONE',  ( 1.769999999999999352, 1.999999999999999112, 0.09999999999999917288 ) ) ;
#4907 = FILL_AREA_STYLE ('',( #8392 ) ) ;
#4908 = VERTEX_POINT ( 'NONE', #7716 ) ;
#4909 = EDGE_CURVE ( 'NONE', #6573, #3398, #3992, .T. ) ;
#4910 = FACE_OUTER_BOUND ( 'NONE', #2081, .T. ) ;
#4911 = DIRECTION ( 'NONE',  ( 1.000000000000000000, -0.000000000000000000, -0.000000000000000000 ) ) ;
#4912 = EDGE_LOOP ( 'NONE', ( #183, #6398, #9146, #6352 ) ) ;
#4913 = VECTOR ( 'NONE', #4181, 1000.000000000000000 ) ;
#4914 = LINE ( 'NONE', #4023, #5053 ) ;
#4915 = LINE ( 'NONE', #4529, #4793 ) ;
#4916 = CARTESIAN_POINT ( 'NONE',  ( -5.309999999999999609, 2.400000000000000355, 1.800000000000000711 ) ) ;
#4917 = MECHANICAL_DESIGN_GEOMETRIC_PRESENTATION_REPRESENTATION (  '', ( #1775 ), #5624 ) ;
#4918 = VECTOR ( 'NONE', #7437, 1000.000000000000000 ) ;
#4919 = VERTEX_POINT ( 'NONE', #2199 ) ;
#4920 = VERTEX_POINT ( 'NONE', #7148 ) ;
#4921 = FILL_AREA_STYLE_COLOUR ( '', #7080 ) ;
#4922 =( GEOMETRIC_REPRESENTATION_CONTEXT ( 3 ) GLOBAL_UNCERTAINTY_ASSIGNED_CONTEXT ( ( #6718 ) ) GLOBAL_UNIT_ASSIGNED_CONTEXT ( ( #3167, #8906, #7678 ) ) REPRESENTATION_CONTEXT ( 'NONE', 'WORKASPACE' ) );
#4923 = ORIENTED_EDGE ( 'NONE', *, *, #6172, .F. ) ;
#4924 = DIRECTION ( 'NONE',  ( 0.000000000000000000, 0.000000000000000000, 1.000000000000000000 ) ) ;
#4925 = CARTESIAN_POINT ( 'NONE',  ( -3.060000000000000053, 0.000000000000000000, 3.349999999999997424 ) ) ;
#4926 = CARTESIAN_POINT ( 'NONE',  ( 1.544999999999999929, -1.450000000000000178, 4.954999999999999183 ) ) ;
#4927 = PLANE ( 'NONE',  #219 ) ;
#4928 = VECTOR ( 'NONE', #6292, 1000.000000000000000 ) ;
#4929 = DIRECTION ( 'NONE',  ( 0.000000000000000000, -0.9987187878592513890, -0.05060417746537783368 ) ) ;
#4930 = EDGE_CURVE ( 'NONE', #8650, #8800, #1063, .T. ) ;
#4931 = SURFACE_STYLE_FILL_AREA ( #3722 ) ;
#4932 = CIRCLE ( 'NONE', #6640, 0.1000000000000000472 ) ;
#4933 = LINE ( 'NONE', #2504, #7986 ) ;
#4934 = EDGE_LOOP ( 'NONE', ( #7807, #979, #6924, #5978 ) ) ;
#4935 = ORIENTED_EDGE ( 'NONE', *, *, #4545, .F. ) ;
#4936 =( NAMED_UNIT ( * ) PLANE_ANGLE_UNIT ( ) SI_UNIT ( $, .RADIAN. ) );
#4937 = DIRECTION ( 'NONE',  ( -1.000000000000000000, -0.000000000000000000, 0.000000000000000000 ) ) ;
#4938 = VERTEX_POINT ( 'NONE', #8566 ) ;
#4939 = EDGE_CURVE ( 'NONE', #6169, #1089, #4170, .T. ) ;
#4940 =( NAMED_UNIT ( * ) PLANE_ANGLE_UNIT ( ) SI_UNIT ( $, .RADIAN. ) );
#4941 = CIRCLE ( 'NONE', #495, 0.1000000000000000056 ) ;
#4942 = VECTOR ( 'NONE', #2673, 1000.000000000000000 ) ;
#4943 = CARTESIAN_POINT ( 'NONE',  ( -4.084999999999999964, -1.150000000000000355, -3.798968757172755062 ) ) ;
#4944 = DIRECTION ( 'NONE',  ( 0.000000000000000000, 0.000000000000000000, 1.000000000000000000 ) ) ;
#4945 = ORIENTED_EDGE ( 'NONE', *, *, #2040, .F. ) ;
#4946 = CARTESIAN_POINT ( 'NONE',  ( 1.769999999999999352, 2.780000000000000249, -6.418476861114183291E-16 ) ) ;
#4947 = CARTESIAN_POINT ( 'NONE',  ( -2.020000000000000018, 0.000000000000000000, 3.349999999999997424 ) ) ;
#4948 = EDGE_CURVE ( 'NONE', #8344, #9185, #7062, .T. ) ;
#4949 = MECHANICAL_DESIGN_GEOMETRIC_PRESENTATION_REPRESENTATION (  '', ( #6409 ), #4386 ) ;
#4950 = VECTOR ( 'NONE', #9088, 1000.000000000000000 ) ;
#4951 = FILL_AREA_STYLE ('',( #7221 ) ) ;
#4952 = LINE ( 'NONE', #5419, #1876 ) ;
#4953 = VERTEX_POINT ( 'NONE', #5700 ) ;
#4954 = EDGE_LOOP ( 'NONE', ( #1370, #4460, #7955, #1717, #4079, #500, #1886, #4678 ) ) ;
#4955 =( NAMED_UNIT ( * ) PLANE_ANGLE_UNIT ( ) SI_UNIT ( $, .RADIAN. ) );
#4956 = CARTESIAN_POINT ( 'NONE',  ( -1.870000000000000107, 2.499999999999999112, 2.060000000000005382 ) ) ;
#4957 = AXIS2_PLACEMENT_3D ( 'NONE', #7152, #824, #6349 ) ;
#4958 = DIRECTION ( 'NONE',  ( -1.000000000000000000, 0.000000000000000000, 0.000000000000000000 ) ) ;
#4959 = CYLINDRICAL_SURFACE ( 'NONE', #2882, 0.3500000000000004774 ) ;
#4960 = ORIENTED_EDGE ( 'NONE', *, *, #1549, .T. ) ;
#4961 = LINE ( 'NONE', #6042, #8016 ) ;
#4962 = EDGE_CURVE ( 'NONE', #4432, #5161, #7037, .T. ) ;
#4963 = FACE_OUTER_BOUND ( 'NONE', #5709, .T. ) ;
#4964 = ORIENTED_EDGE ( 'NONE', *, *, #6263, .T. ) ;
#4965 = CARTESIAN_POINT ( 'NONE',  ( -5.815000000000000391, 2.000000000000000000, 2.350000000000000977 ) ) ;
#4966 = VERTEX_POINT ( 'NONE', #3561 ) ;
#4967 = CARTESIAN_POINT ( 'NONE',  ( -3.060000000000000053, 0.2500000000000000000, -3.349999999999997424 ) ) ;
#4968 = CARTESIAN_POINT ( 'NONE',  ( -0.5200000000000004619, 0.2500000000000000000, 3.349999999999997424 ) ) ;
#4969 = CARTESIAN_POINT ( 'NONE',  ( 1.869999999999999662, 2.780000000000000249, 0.5999999999999993117 ) ) ;
#4970 = ORIENTED_EDGE ( 'NONE', *, *, #5460, .F. ) ;
#4971 = ADVANCED_FACE ( 'NONE', ( #994 ), #2848, .F. ) ;
#4972 = DIRECTION ( 'NONE',  ( -0.000000000000000000, 3.907034855803616961E-16, -1.000000000000000000 ) ) ;
#4973 = AXIS2_PLACEMENT_3D ( 'NONE', #1973, #2626, #4826 ) ;
#4974 = ORIENTED_EDGE ( 'NONE', *, *, #2935, .T. ) ;
#4975 = ORIENTED_EDGE ( 'NONE', *, *, #2935, .F. ) ;
#4976 = LINE ( 'NONE', #5587, #4928 ) ;
#4977 = AXIS2_PLACEMENT_3D ( 'NONE', #3357, #5566, #8297 ) ;
#4978 = CARTESIAN_POINT ( 'NONE',  ( -5.815000000000000391, 2.250000000000000444, -3.349999999999998312 ) ) ;
#4979 = ORIENTED_EDGE ( 'NONE', *, *, #8515, .F. ) ;
#4980 = LINE ( 'NONE', #4288, #1910 ) ;
#4981 = COLOUR_RGB ( '',1.000000000000000000, 1.000000000000000000, 0.5019607843137254832 ) ;
#4982 = CARTESIAN_POINT ( 'NONE',  ( -3.535000000000000142, -1.450000000000000178, 4.159551575750739083 ) ) ;
#4983 = VERTEX_POINT ( 'NONE', #6346 ) ;
#4984 = AXIS2_PLACEMENT_3D ( 'NONE', #5907, #6497, #731 ) ;
#4985 = VERTEX_POINT ( 'NONE', #2262 ) ;
#4986 = ORIENTED_EDGE ( 'NONE', *, *, #1766, .F. ) ;
#4987 = VERTEX_POINT ( 'NONE', #1350 ) ;
#4988 = UNCERTAINTY_MEASURE_WITH_UNIT (LENGTH_MEASURE( 1.000000000000000082E-05 ), #82, 'distance_accuracy_value', 'NONE');
#4989 = PLANE ( 'NONE',  #8982 ) ;
#4990 = ORIENTED_EDGE ( 'NONE', *, *, #3099, .T. ) ;
#4991 = AXIS2_PLACEMENT_3D ( 'NONE', #4609, #5999, #1931 ) ;
#4992 = DIRECTION ( 'NONE',  ( 1.000000000000000000, -0.000000000000000000, 0.000000000000000000 ) ) ;
#4993 = CARTESIAN_POINT ( 'NONE',  ( -5.309999999999999609, 2.400000000000000355, 2.300000000000000711 ) ) ;
#4994 = CARTESIAN_POINT ( 'NONE',  ( 4.410000000000000142, 4.649244398944980539, 0.09999999999999995004 ) ) ;
#4995 = DIRECTION ( 'NONE',  ( 0.000000000000000000, 0.000000000000000000, 1.000000000000000000 ) ) ;
#4996 = VECTOR ( 'NONE', #7790, 1000.000000000000000 ) ;
#4997 = CARTESIAN_POINT ( 'NONE',  ( -4.309999999999999609, 2.780000000000000249, 0.09999999999999951983 ) ) ;
#4998 = ORIENTED_EDGE ( 'NONE', *, *, #4012, .F. ) ;
#4999 = LINE ( 'NONE', #5649, #8058 ) ;
#5000 = PRESENTATION_STYLE_ASSIGNMENT (( #5812 ) ) ;
#5001 = CIRCLE ( 'NONE', #7407, 0.1000000000000002554 ) ;
#5002 = CARTESIAN_POINT ( 'NONE',  ( -4.084999999999999964, -0.1772281201405800644, -4.000000000000000000 ) ) ;
#5003 = EDGE_LOOP ( 'NONE', ( #2874, #2556, #6188, #8985, #126, #5580 ) ) ;
#5004 = DIRECTION ( 'NONE',  ( 0.7071067811865479058, 0.000000000000000000, 0.7071067811865472397 ) ) ;
#5005 = STYLED_ITEM ( 'NONE', ( #1600 ), #6538 ) ;
#5006 = EDGE_LOOP ( 'NONE', ( #3603, #3654, #3815, #3471, #3355, #23, #6929, #563 ) ) ;
#5007 = EDGE_LOOP ( 'NONE', ( #4598, #836, #281 ) ) ;
#5008 = CARTESIAN_POINT ( 'NONE',  ( 1.869999999999999662, 1.999999999999999112, -0.7000000000000001776 ) ) ;
#5009 = EDGE_CURVE ( 'NONE', #2962, #2577, #4044, .T. ) ;
#5010 = CARTESIAN_POINT ( 'NONE',  ( 3.209999999999999964, 2.249999999999999556, -1.810000000000000275 ) ) ;
#5011 =( GEOMETRIC_REPRESENTATION_CONTEXT ( 3 ) GLOBAL_UNCERTAINTY_ASSIGNED_CONTEXT ( ( #4302 ) ) GLOBAL_UNIT_ASSIGNED_CONTEXT ( ( #3489, #7074, #8466 ) ) REPRESENTATION_CONTEXT ( 'NONE', 'WORKASPACE' ) );
#5012 = FACE_OUTER_BOUND ( 'NONE', #2889, .T. ) ;
#5013 = CARTESIAN_POINT ( 'NONE',  ( 3.209999999999999964, 2.249999999999999556, -1.810000000000000275 ) ) ;
#5014 = DIRECTION ( 'NONE',  ( 0.000000000000000000, -1.000000000000000000, 2.602085213965212614E-15 ) ) ;
#5015 = ORIENTED_EDGE ( 'NONE', *, *, #3333, .T. ) ;
#5016 = FILL_AREA_STYLE ('',( #7662 ) ) ;
#5017 = FACE_OUTER_BOUND ( 'NONE', #7272, .T. ) ;
#5018 = VECTOR ( 'NONE', #6391, 1000.000000000000114 ) ;
#5019 = DIRECTION ( 'NONE',  ( 0.000000000000000000, 0.000000000000000000, 1.000000000000000000 ) ) ;
#5020 =( NAMED_UNIT ( * ) PLANE_ANGLE_UNIT ( ) SI_UNIT ( $, .RADIAN. ) );
#5021 = EDGE_CURVE ( 'NONE', #6897, #8718, #4010, .T. ) ;
#5022 = VECTOR ( 'NONE', #4387, 1000.000000000000000 ) ;
#5023 = VERTEX_POINT ( 'NONE', #5077 ) ;
#5024 = EDGE_LOOP ( 'NONE', ( #8690, #8971, #5801 ) ) ;
#5025 = ORIENTED_EDGE ( 'NONE', *, *, #1688, .F. ) ;
#5026 = ADVANCED_FACE ( 'NONE', ( #7164 ), #3633, .F. ) ;
#5027 =( GEOMETRIC_REPRESENTATION_CONTEXT ( 3 ) GLOBAL_UNCERTAINTY_ASSIGNED_CONTEXT ( ( #106 ) ) GLOBAL_UNIT_ASSIGNED_CONTEXT ( ( #8921, #1183, #4060 ) ) REPRESENTATION_CONTEXT ( 'NONE', 'WORKASPACE' ) );
#5028 = CARTESIAN_POINT ( 'NONE',  ( -2.540000000000000036, 2.880000000000000338, 0.000000000000000000 ) ) ;
#5029 = DIRECTION ( 'NONE',  ( 1.000000000000000000, 4.565061778886337988E-16, 2.313075504410461447E-17 ) ) ;
#5030 = CARTESIAN_POINT ( 'NONE',  ( 4.559999999999999609, -1.150000000000000133, -4.049289471110532723 ) ) ;
#5031 = VECTOR ( 'NONE', #1900, 1000.000000000000000 ) ;
#5032 = PRESENTATION_LAYER_ASSIGNMENT (  '', '', ( #6953 ) ) ;
#5033 = ORIENTED_EDGE ( 'NONE', *, *, #6773, .F. ) ;
#5034 = COLOUR_RGB ( '',1.000000000000000000, 1.000000000000000000, 0.5019607843137254832 ) ;
#5035 = LINE ( 'NONE', #2033, #8261 ) ;
#5036 = SURFACE_STYLE_FILL_AREA ( #6641 ) ;
#5037 = DIRECTION ( 'NONE',  ( -0.000000000000000000, -1.000000000000000000, -2.891205793294678326E-16 ) ) ;
#5038 = VERTEX_POINT ( 'NONE', #5761 ) ;
#5039 = DIRECTION ( 'NONE',  ( -0.000000000000000000, 0.000000000000000000, 1.000000000000000000 ) ) ;
#5040 = DIRECTION ( 'NONE',  ( 7.228014483236699514E-16, 0.000000000000000000, 1.000000000000000000 ) ) ;
#5041 = PLANE ( 'NONE',  #6257 ) ;
#5042 = ORIENTED_EDGE ( 'NONE', *, *, #8748, .F. ) ;
#5043 = SURFACE_STYLE_USAGE ( .BOTH. , #648 ) ;
#5044 = CARTESIAN_POINT ( 'NONE',  ( 0.5200000000000000178, -0.2000000000000000111, 3.550576545463337119 ) ) ;
#5045 = DIRECTION ( 'NONE',  ( -0.000000000000000000, 0.9987187878592513890, -0.05060417746537783368 ) ) ;
#5046 = ORIENTED_EDGE ( 'NONE', *, *, #991, .F. ) ;
#5047 = ORIENTED_EDGE ( 'NONE', *, *, #8621, .T. ) ;
#5048 = FACE_OUTER_BOUND ( 'NONE', #1167, .T. ) ;
#5049 = CIRCLE ( 'NONE', #5658, 0.4499999999999999001 ) ;
#5050 = CARTESIAN_POINT ( 'NONE',  ( 2.019999999999999574, -0.1898791645069244916, -3.750320303035187042 ) ) ;
#5051 = ORIENTED_EDGE ( 'NONE', *, *, #7567, .T. ) ;
#5052 = EDGE_CURVE ( 'NONE', #3621, #2761, #4206, .T. ) ;
#5053 = VECTOR ( 'NONE', #6894, 1000.000000000000000 ) ;
#5054 = COLOUR_RGB ( '',1.000000000000000000, 1.000000000000000000, 0.5019607843137254832 ) ;
#5055 = CARTESIAN_POINT ( 'NONE',  ( 3.060000000000000053, -0.2000000000000000111, 3.550576545463337119 ) ) ;
#5056 = LINE ( 'NONE', #1598, #8221 ) ;
#5057 = EDGE_LOOP ( 'NONE', ( #6540, #481, #342, #39 ) ) ;
#5058 = ORIENTED_EDGE ( 'NONE', *, *, #7976, .F. ) ;
#5059 = ADVANCED_FACE ( 'NONE', ( #1028 ), #3202, .T. ) ;
#5060 = EDGE_CURVE ( 'NONE', #6896, #1768, #9018, .T. ) ;
#5061 = PRODUCT_DEFINITION ( 'UNKNOWN', '', #5172, #3941 ) ;
#5062 = ORIENTED_EDGE ( 'NONE', *, *, #1234, .F. ) ;
#5063 = CARTESIAN_POINT ( 'NONE',  ( -1.545000000000000373, -1.349999999999999645, 4.159551575750739083 ) ) ;
#5064 =( LENGTH_UNIT ( ) NAMED_UNIT ( * ) SI_UNIT ( .MILLI., .METRE. ) );
#5065 = CARTESIAN_POINT ( 'NONE',  ( 1.544999999999999929, -1.700000000000000400, -4.159551575750739083 ) ) ;
#5066 = CARTESIAN_POINT ( 'NONE',  ( 3.060000000000000053, 0.2500000000000000000, 3.550576545463337119 ) ) ;
#5067 = CARTESIAN_POINT ( 'NONE',  ( 2.019999999999999574, -0.1772281201405800644, 4.000000000000000000 ) ) ;
#5068 = VECTOR ( 'NONE', #5037, 1000.000000000000000 ) ;
#5069 = CIRCLE ( 'NONE', #1120, 0.1000000000000000472 ) ;
#5070 = MANIFOLD_SOLID_BREP ( 'LPattern1[5]', #2506 ) ;
#5071 = ORIENTED_EDGE ( 'NONE', *, *, #4139, .F. ) ;
#5072 = EDGE_CURVE ( 'NONE', #4277, #637, #5884, .T. ) ;
#5073 = LINE ( 'NONE', #5188, #5234 ) ;
#5074 = EDGE_LOOP ( 'NONE', ( #2182, #7201, #7012, #3609, #3644, #6648, #4065, #790 ) ) ;
#5075 = CARTESIAN_POINT ( 'NONE',  ( 0.6699999999999998179, 1.999999999999999112, 0.6999999999999998446 ) ) ;
#5076 = VERTEX_POINT ( 'NONE', #8519 ) ;
#5077 = CARTESIAN_POINT ( 'NONE',  ( -3.209999999999999964, 2.780000000000000249, 0.09999999999999940881 ) ) ;
#5078 = ORIENTED_EDGE ( 'NONE', *, *, #1594, .T. ) ;
#5079 = ORIENTED_EDGE ( 'NONE', *, *, #204, .F. ) ;
#5080 = CARTESIAN_POINT ( 'NONE',  ( 4.309999999999999609, 2.780000000000000249, -6.418476861114183291E-16 ) ) ;
#5081 = CYLINDRICAL_SURFACE ( 'NONE', #4700, 0.09999999999999993616 ) ;
#5082 = LINE ( 'NONE', #5830, #4942 ) ;
#5083 = PLANE ( 'NONE',  #1982 ) ;
#5084 = ORIENTED_EDGE ( 'NONE', *, *, #4794, .F. ) ;
#5085 = APPLICATION_CONTEXT ( 'automotive_design' ) ;
#5086 = FACE_OUTER_BOUND ( 'NONE', #1834, .T. ) ;
#5087 = CARTESIAN_POINT ( 'NONE',  ( 0.5200000000000000178, -0.1898791645069245193, -3.750320303035187042 ) ) ;
#5088 = CARTESIAN_POINT ( 'NONE',  ( -0.5200000000000004619, -1.700000000000000178, -4.954999999999999183 ) ) ;
#5089 = FACE_OUTER_BOUND ( 'NONE', #9081, .T. ) ;
#5090 = AXIS2_PLACEMENT_3D ( 'NONE', #2460, #7596, #8367 ) ;
#5091 = ADVANCED_FACE ( 'NONE', ( #2836 ), #6574, .F. ) ;
#5092 = EDGE_LOOP ( 'NONE', ( #4119, #5046, #1421, #7484 ) ) ;
#5093 = ORIENTED_EDGE ( 'NONE', *, *, #8896, .F. ) ;
#5094 = VERTEX_POINT ( 'NONE', #3161 ) ;
#5095 = CARTESIAN_POINT ( 'NONE',  ( -3.310000000000000497, 2.780000000000000249, 0.5999999999999993117 ) ) ;
#5096 = MECHANICAL_DESIGN_GEOMETRIC_PRESENTATION_REPRESENTATION (  '', ( #7617 ), #3943 ) ;
#5097 = FILL_AREA_STYLE ('',( #5206 ) ) ;
#5098 = LINE ( 'NONE', #8228, #8169 ) ;
#5099 = VECTOR ( 'NONE', #2847, 1000.000000000000000 ) ;
#5100 = ORIENTED_EDGE ( 'NONE', *, *, #8502, .T. ) ;
#5101 = DIRECTION ( 'NONE',  ( 0.000000000000000000, -2.891205793294678326E-16, 1.000000000000000000 ) ) ;
#5102 = EDGE_LOOP ( 'NONE', ( #3732, #6721, #6962, #3549, #104, #426, #6862, #6781 ) ) ;
#5103 = CARTESIAN_POINT ( 'NONE',  ( 3.310000000000000053, 2.780000000000000249, 0.5999999999999994227 ) ) ;
#5104 = DIRECTION ( 'NONE',  ( -1.000000000000000000, 0.000000000000000000, -0.000000000000000000 ) ) ;
#5105 = CARTESIAN_POINT ( 'NONE',  ( 0.9949999999999997735, -1.150000000000000355, 3.350000000000000533 ) ) ;
#5106 =( NAMED_UNIT ( * ) PLANE_ANGLE_UNIT ( ) SI_UNIT ( $, .RADIAN. ) );
#5107 = CARTESIAN_POINT ( 'NONE',  ( 1.769999999999999352, 2.780000000000000249, 0.5999999999999993117 ) ) ;
#5108 = VERTEX_POINT ( 'NONE', #8900 ) ;
#5109 = ORIENTED_EDGE ( 'NONE', *, *, #65, .T. ) ;
#5110 = LINE ( 'NONE', #7750, #5140 ) ;
#5111 = AXIS2_PLACEMENT_3D ( 'NONE', #3319, #930, #4017 ) ;
#5112 = EDGE_LOOP ( 'NONE', ( #7094, #773, #4881, #2106, #8088, #6826, #6699, #6816 ) ) ;
#5113 = SURFACE_STYLE_FILL_AREA ( #2604 ) ;
#5114 = CIRCLE ( 'NONE', #2888, 0.1999999999999996503 ) ;
#5115 = DIRECTION ( 'NONE',  ( -1.000000000000000000, -0.000000000000000000, 0.000000000000000000 ) ) ;
#5116 = FACE_OUTER_BOUND ( 'NONE', #458, .T. ) ;
#5117 = ORIENTED_EDGE ( 'NONE', *, *, #2845, .T. ) ;
#5118 = CARTESIAN_POINT ( 'NONE',  ( 1.769999999999999352, 2.780000000000000249, 0.6999999999999994005 ) ) ;
#5119 = ORIENTED_EDGE ( 'NONE', *, *, #2048, .T. ) ;
#5120 = DIRECTION ( 'NONE',  ( -1.000000000000000000, -0.000000000000000000, 0.000000000000000000 ) ) ;
#5121 = ORIENTED_EDGE ( 'NONE', *, *, #549, .T. ) ;
#5122 = DIRECTION ( 'NONE',  ( 1.000000000000000000, 0.000000000000000000, 0.000000000000000000 ) ) ;
#5123 = PLANE ( 'NONE',  #6215 ) ;
#5124 = CARTESIAN_POINT ( 'NONE',  ( -4.410000000000000142, 2.249999999999999112, 0.6999999999999992895 ) ) ;
#5125 = CARTESIAN_POINT ( 'NONE',  ( -4.709999999999999964, 2.500000000000000000, 1.800000000000000711 ) ) ;
#5126 = EDGE_CURVE ( 'NONE', #2535, #7446, #6001, .T. ) ;
#5127 = FACE_OUTER_BOUND ( 'NONE', #3426, .T. ) ;
#5128 = LINE ( 'NONE', #3447, #5174 ) ;
#5129 = LINE ( 'NONE', #8622, #2203 ) ;
#5130 = ORIENTED_EDGE ( 'NONE', *, *, #2554, .T. ) ;
#5131 = EDGE_CURVE ( 'NONE', #6793, #5756, #9005, .T. ) ;
#5132 = ORIENTED_EDGE ( 'NONE', *, *, #317, .T. ) ;
#5133 = ORIENTED_EDGE ( 'NONE', *, *, #2281, .F. ) ;
#5134 = DIRECTION ( 'NONE',  ( 0.000000000000000000, -1.000000000000000000, 0.000000000000000000 ) ) ;
#5135 = ADVANCED_FACE ( 'NONE', ( #2912 ), #5963, .F. ) ;
#5136 = ORIENTED_EDGE ( 'NONE', *, *, #8192, .F. ) ;
#5137 = VERTEX_POINT ( 'NONE', #5872 ) ;
#5138 = DIRECTION ( 'NONE',  ( -0.000000000000000000, -0.000000000000000000, -1.000000000000000000 ) ) ;
#5139 = EDGE_CURVE ( 'NONE', #1207, #3017, #9218, .T. ) ;
#5140 = VECTOR ( 'NONE', #642, 1000.000000000000000 ) ;
#5141 = VECTOR ( 'NONE', #435, 1000.000000000000000 ) ;
#5142 = LINE ( 'NONE', #625, #2150 ) ;
#5143 = FILL_AREA_STYLE ('',( #4417 ) ) ;
#5144 = CARTESIAN_POINT ( 'NONE',  ( -2.020000000000000018, -0.2000000000000000111, -3.550576545463337119 ) ) ;
#5145 = DIRECTION ( 'NONE',  ( 1.000000000000000000, -0.000000000000000000, -1.118695276855206521E-16 ) ) ;
#5146 = ORIENTED_EDGE ( 'NONE', *, *, #1963, .T. ) ;
#5147 = EDGE_CURVE ( 'NONE', #361, #6690, #9031, .T. ) ;
#5148 = AXIS2_PLACEMENT_3D ( 'NONE', #4050, #8540, #8962 ) ;
#5149 = ORIENTED_EDGE ( 'NONE', *, *, #1690, .F. ) ;
#5150 = ORIENTED_EDGE ( 'NONE', *, *, #6583, .F. ) ;
#5151 = DIRECTION ( 'NONE',  ( 0.000000000000000000, 0.000000000000000000, -1.000000000000000000 ) ) ;
#5152 = CARTESIAN_POINT ( 'NONE',  ( 4.084999999999999964, -0.1898791645069245193, 3.750320303035187042 ) ) ;
#5153 = CARTESIAN_POINT ( 'NONE',  ( -2.020000000000000018, -1.149999999999999911, 4.049289471110532723 ) ) ;
#5154 = CARTESIAN_POINT ( 'NONE',  ( -2.020000000000000018, -1.150000000000000133, -3.550576545463337119 ) ) ;
#5155 = EDGE_CURVE ( 'NONE', #5416, #5680, #3054, .T. ) ;
#5156 = ORIENTED_EDGE ( 'NONE', *, *, #8841, .F. ) ;
#5157 = LINE ( 'NONE', #4819, #5218 ) ;
#5158 = VECTOR ( 'NONE', #2790, 1000.000000000000000 ) ;
#5159 = DIRECTION ( 'NONE',  ( 1.000000000000000000, 0.000000000000000000, -2.168404344971009854E-16 ) ) ;
#5160 = DIRECTION ( 'NONE',  ( -1.000000000000000000, -0.000000000000000000, -0.000000000000000000 ) ) ;
#5161 = VERTEX_POINT ( 'NONE', #7351 ) ;
#5162 = CARTESIAN_POINT ( 'NONE',  ( 0.000000000000000000, 2.000000000000000000, 0.000000000000000000 ) ) ;
#5163 = DIRECTION ( 'NONE',  ( 0.000000000000000000, -0.000000000000000000, 1.000000000000000000 ) ) ;
#5164 = CARTESIAN_POINT ( 'NONE',  ( -0.7700000000000006839, 1.999999999999999112, 0.09999999999999917288 ) ) ;
#5165 = CARTESIAN_POINT ( 'NONE',  ( 0.9949999999999997735, -1.450000000000000178, -4.159551575750739083 ) ) ;
#5166 = DIRECTION ( 'NONE',  ( 0.000000000000000000, 0.000000000000000000, -1.000000000000000000 ) ) ;
#5167 = DIRECTION ( 'NONE',  ( 0.000000000000000000, 0.000000000000000000, -1.000000000000000000 ) ) ;
#5168 = ORIENTED_EDGE ( 'NONE', *, *, #2596, .T. ) ;
#5169 = ORIENTED_EDGE ( 'NONE', *, *, #2338, .F. ) ;
#5170 = ORIENTED_EDGE ( 'NONE', *, *, #8841, .T. ) ;
#5171 = EDGE_CURVE ( 'NONE', #4683, #6141, #8974, .T. ) ;
#5172 = PRODUCT_DEFINITION_FORMATION_WITH_SPECIFIED_SOURCE ( 'ANY', '', #6261, .NOT_KNOWN. ) ;
#5173 = LINE ( 'NONE', #7787, #1928 ) ;
#5174 = VECTOR ( 'NONE', #7848, 1000.000000000000000 ) ;
#5175 = FILL_AREA_STYLE_COLOUR ( '', #1713 ) ;
#5176 =( LENGTH_UNIT ( ) NAMED_UNIT ( * ) SI_UNIT ( .MILLI., .METRE. ) );
#5177 = LINE ( 'NONE', #2776, #8341 ) ;
#5178 = EDGE_LOOP ( 'NONE', ( #1411, #1610, #4107, #6758 ) ) ;
#5179 = CARTESIAN_POINT ( 'NONE',  ( 1.544999999999999929, -1.150000000000000355, 4.049289471110532723 ) ) ;
#5180 = SURFACE_STYLE_USAGE ( .BOTH. , #7197 ) ;
#5181 = FILL_AREA_STYLE ('',( #1400 ) ) ;
#5182 = EDGE_CURVE ( 'NONE', #1916, #4390, #2865, .T. ) ;
#5183 = DIRECTION ( 'NONE',  ( -0.000000000000000000, 0.7071067811865404673, -0.7071067811865545671 ) ) ;
#5184 = DIRECTION ( 'NONE',  ( 0.000000000000000000, 0.000000000000000000, 1.000000000000000000 ) ) ;
#5185 = EDGE_CURVE ( 'NONE', #2699, #8194, #9079, .T. ) ;
#5186 = FACE_OUTER_BOUND ( 'NONE', #764, .T. ) ;
#5187 = AXIS2_PLACEMENT_3D ( 'NONE', #8915, #395, #8333 ) ;
#5188 = CARTESIAN_POINT ( 'NONE',  ( -2.020000000000000018, 0.2500000000000000000, 3.349999999999997424 ) ) ;
#5189 = ORIENTED_EDGE ( 'NONE', *, *, #3847, .T. ) ;
#5190 =( LENGTH_UNIT ( ) NAMED_UNIT ( * ) SI_UNIT ( .MILLI., .METRE. ) );
#5191 = STYLED_ITEM ( 'NONE', ( #3574 ), #4100 ) ;
#5192 = EDGE_LOOP ( 'NONE', ( #1954, #4043, #3825, #6873 ) ) ;
#5193 = DIRECTION ( 'NONE',  ( 1.000000000000000000, 0.000000000000000000, 0.000000000000000000 ) ) ;
#5194 = EDGE_CURVE ( 'NONE', #3223, #6315, #5921, .T. ) ;
#5195 = DIRECTION ( 'NONE',  ( -0.000000000000000000, -0.000000000000000000, 1.000000000000000000 ) ) ;
#5196 = CARTESIAN_POINT ( 'NONE',  ( 4.559999999999999609, -1.150000000000000133, 4.049289471110532723 ) ) ;
#5197 = CARTESIAN_POINT ( 'NONE',  ( 0.7699999999999997957, 2.780000000000000249, 0.5999999999999994227 ) ) ;
#5198 = VECTOR ( 'NONE', #1415, 1000.000000000000000 ) ;
#5199 = EDGE_CURVE ( 'NONE', #5945, #6412, #9153, .T. ) ;
#5200 = AXIS2_PLACEMENT_3D ( 'NONE', #5808, #2250, #135 ) ;
#5201 = VERTEX_POINT ( 'NONE', #4537 ) ;
#5202 = ORIENTED_EDGE ( 'NONE', *, *, #6687, .T. ) ;
#5203 = AXIS2_PLACEMENT_3D ( 'NONE', #6492, #7248, #8120 ) ;
#5204 = DIRECTION ( 'NONE',  ( -0.000000000000000000, 1.000000000000000000, -0.000000000000000000 ) ) ;
#5205 = DIRECTION ( 'NONE',  ( -1.000000000000000000, 4.565061778886337988E-16, 2.313075504410495651E-17 ) ) ;
#5206 = FILL_AREA_STYLE_COLOUR ( '', #7334 ) ;
#5207 = UNCERTAINTY_MEASURE_WITH_UNIT (LENGTH_MEASURE( 1.000000000000000082E-05 ), #8258, 'distance_accuracy_value', 'NONE');
#5208 = FACE_OUTER_BOUND ( 'NONE', #8057, .T. ) ;
#5209 = EDGE_CURVE ( 'NONE', #1682, #5622, #3082, .T. ) ;
#5210 =( LENGTH_UNIT ( ) NAMED_UNIT ( * ) SI_UNIT ( .MILLI., .METRE. ) );
#5211 = VERTEX_POINT ( 'NONE', #6110 ) ;
#5212 = DIRECTION ( 'NONE',  ( 0.000000000000000000, -1.000000000000000000, 0.000000000000000000 ) ) ;
#5213 = CARTESIAN_POINT ( 'NONE',  ( 3.535000000000000142, -1.450000000000000178, 4.159551575750739083 ) ) ;
#5214 = CARTESIAN_POINT ( 'NONE',  ( -3.310000000000000497, 4.649244398944980539, 0.6999999999999998446 ) ) ;
#5215 = AXIS2_PLACEMENT_3D ( 'NONE', #8470, #4278, #6219 ) ;
#5216 = DIRECTION ( 'NONE',  ( 0.000000000000000000, 0.000000000000000000, -1.000000000000000000 ) ) ;
#5217 = ORIENTED_EDGE ( 'NONE', *, *, #8738, .F. ) ;
#5218 = VECTOR ( 'NONE', #5482, 1000.000000000000000 ) ;
#5219 = LINE ( 'NONE', #7090, #8323 ) ;
#5220 = DIRECTION ( 'NONE',  ( 1.000000000000000000, -0.000000000000000000, -0.000000000000000000 ) ) ;
#5221 = CARTESIAN_POINT ( 'NONE',  ( 4.559999999999999609, -1.355060417746537293, -4.059679696964812123 ) ) ;
#5222 =( LENGTH_UNIT ( ) NAMED_UNIT ( * ) SI_UNIT ( .MILLI., .METRE. ) );
#5223 = ADVANCED_FACE ( 'NONE', ( #6126 ), #4725, .F. ) ;
#5224 = ORIENTED_EDGE ( 'NONE', *, *, #255, .F. ) ;
#5225 = EDGE_CURVE ( 'NONE', #5878, #7654, #2974, .T. ) ;
#5226 =( LENGTH_UNIT ( ) NAMED_UNIT ( * ) SI_UNIT ( .MILLI., .METRE. ) );
#5227 = CARTESIAN_POINT ( 'NONE',  ( -0.5200000000000004619, -1.150000000000000133, 3.350000000000000533 ) ) ;
#5228 = DIRECTION ( 'NONE',  ( -4.565061778886337002E-16, 1.000000000000000000, 0.000000000000000000 ) ) ;
#5229 = CARTESIAN_POINT ( 'NONE',  ( 4.815000000000000391, 2.000000000000000000, -3.349999999999998312 ) ) ;
#5230 = FILL_AREA_STYLE_COLOUR ( '', #1416 ) ;
#5231 = AXIS2_PLACEMENT_3D ( 'NONE', #8895, #1151, #2573 ) ;
#5232 = LINE ( 'NONE', #6958, #1836 ) ;
#5233 = LINE ( 'NONE', #5654, #8234 ) ;
#5234 = VECTOR ( 'NONE', #3029, 1000.000000000000000 ) ;
#5235 = EDGE_CURVE ( 'NONE', #536, #1207, #3005, .T. ) ;
#5236 = VERTEX_POINT ( 'NONE', #3279 ) ;
#5237 = DIRECTION ( 'NONE',  ( 0.000000000000000000, -1.000000000000000000, 2.602085213965212614E-15 ) ) ;
#5238 = DIRECTION ( 'NONE',  ( -1.000000000000000000, -0.000000000000000000, 0.000000000000000000 ) ) ;
#5239 = ORIENTED_EDGE ( 'NONE', *, *, #3032, .T. ) ;
#5240 = DIRECTION ( 'NONE',  ( -0.000000000000000000, -0.000000000000000000, 1.000000000000000000 ) ) ;
#5241 = LINE ( 'NONE', #1291, #5158 ) ;
#5242 = DIRECTION ( 'NONE',  ( 0.000000000000000000, 0.000000000000000000, -1.000000000000000000 ) ) ;
#5243 = AXIS2_PLACEMENT_3D ( 'NONE', #1023, #1094, #2530 ) ;
#5244 = CARTESIAN_POINT ( 'NONE',  ( 3.209999999999999964, 2.249999999999999112, -0.6999999999999994005 ) ) ;
#5245 = CARTESIAN_POINT ( 'NONE',  ( -0.5200000000000004619, 0.2500000000000000000, 3.349999999999997424 ) ) ;
#5246 = DIRECTION ( 'NONE',  ( 1.000000000000000000, -0.000000000000000000, -2.168404344971009854E-16 ) ) ;
#5247 = VECTOR ( 'NONE', #1838, 1000.000000000000000 ) ;
#5248 = EDGE_LOOP ( 'NONE', ( #6254, #2983, #3123, #6905 ) ) ;
#5249 = EDGE_CURVE ( 'NONE', #3796, #2926, #6063, .T. ) ;
#5250 = VERTEX_POINT ( 'NONE', #1769 ) ;
#5251 = VERTEX_POINT ( 'NONE', #4660 ) ;
#5252 = DIRECTION ( 'NONE',  ( -0.000000000000000000, 0.7071067811865404673, -0.7071067811865545671 ) ) ;
#5253 = SURFACE_SIDE_STYLE ('',( #5582 ) ) ;
#5254 = DIRECTION ( 'NONE',  ( -0.000000000000000000, -0.000000000000000000, -1.000000000000000000 ) ) ;
#5255 = LINE ( 'NONE', #9003, #2201 ) ;
#5256 = LINE ( 'NONE', #5820, #2091 ) ;
#5257 = EDGE_LOOP ( 'NONE', ( #2976, #6608, #2914, #1318, #3877, #4472 ) ) ;
#5258 = CARTESIAN_POINT ( 'NONE',  ( -3.209999999999999964, 1.999999999999999112, -0.7000000000000001776 ) ) ;
#5259 = DIRECTION ( 'NONE',  ( 0.000000000000000000, 0.000000000000000000, -1.000000000000000000 ) ) ;
#5260 = ADVANCED_FACE ( 'NONE', ( #9171 ), #7413, .T. ) ;
#5261 = CARTESIAN_POINT ( 'NONE',  ( -4.559999999999999609, -0.1898791645069245193, 3.750320303035187042 ) ) ;
#5262 = CARTESIAN_POINT ( 'NONE',  ( -0.5200000000000004619, -1.700000000000000178, 4.159551575750739083 ) ) ;
#5263 = CARTESIAN_POINT ( 'NONE',  ( 5.815000000000000391, 2.500000000000000000, -3.349999999999999201 ) ) ;
#5264 = EDGE_CURVE ( 'NONE', #4277, #1018, #4, .T. ) ;
#5265 = ORIENTED_EDGE ( 'NONE', *, *, #5912, .T. ) ;
#5266 = EDGE_LOOP ( 'NONE', ( #3107, #984, #6508, #5768, #5992, #3456, #3329, #3192 ) ) ;
#5267 = DIRECTION ( 'NONE',  ( 0.000000000000000000, 1.000000000000000000, 3.035766082959414782E-15 ) ) ;
#5268 = DIRECTION ( 'NONE',  ( 1.000000000000000000, 0.000000000000000000, 0.000000000000000000 ) ) ;
#5269 = ORIENTED_EDGE ( 'NONE', *, *, #4751, .T. ) ;
#5270 = PRESENTATION_LAYER_ASSIGNMENT (  '', '', ( #3546 ) ) ;
#5271 = ORIENTED_EDGE ( 'NONE', *, *, #6440, .T. ) ;
#5272 = DIRECTION ( 'NONE',  ( 0.000000000000000000, 1.000000000000000000, 0.000000000000000000 ) ) ;
#5273 = ORIENTED_EDGE ( 'NONE', *, *, #5126, .F. ) ;
#5274 = VERTEX_POINT ( 'NONE', #3513 ) ;
#5275 = CARTESIAN_POINT ( 'NONE',  ( 4.084999999999999964, -1.700000000000000400, 4.954999999999999183 ) ) ;
#5276 = MECHANICAL_DESIGN_GEOMETRIC_PRESENTATION_REPRESENTATION (  '', ( #4056 ), #640 ) ;
#5277 = PLANE ( 'NONE',  #2090 ) ;
#5278 = EDGE_LOOP ( 'NONE', ( #8448, #1586, #8583, #2027 ) ) ;
#5279 = CYLINDRICAL_SURFACE ( 'NONE', #9069, 0.2500000000000002220 ) ;
#5280 = CARTESIAN_POINT ( 'NONE',  ( -3.310000000000000497, 1.999999999999999112, 0.09999999999999917288 ) ) ;
#5281 = FACE_OUTER_BOUND ( 'NONE', #7585, .T. ) ;
#5282 = ADVANCED_FACE ( 'NONE', ( #3120 ), #4893, .F. ) ;
#5283 = DIRECTION ( 'NONE',  ( 0.000000000000000000, 0.000000000000000000, -1.000000000000000000 ) ) ;
#5284 = CARTESIAN_POINT ( 'NONE',  ( -0.6700000000000003730, 2.249999999999999112, 0.6999999999999992895 ) ) ;
#5285 = EDGE_CURVE ( 'NONE', #5094, #3439, #6173, .T. ) ;
#5286 = PLANE ( 'NONE',  #941 ) ;
#5287 = ORIENTED_EDGE ( 'NONE', *, *, #4948, .F. ) ;
#5288 = DIRECTION ( 'NONE',  ( -0.000000000000000000, -0.000000000000000000, -1.000000000000000000 ) ) ;
#5289 = ORIENTED_EDGE ( 'NONE', *, *, #1941, .F. ) ;
#5290 = PRESENTATION_LAYER_ASSIGNMENT (  '', '', ( #2407 ) ) ;
#5291 = ADVANCED_FACE ( 'NONE', ( #74 ), #2220, .F. ) ;
#5292 = APPLICATION_PROTOCOL_DEFINITION ( 'draft international standard', 'automotive_design', 1998, #3041 ) ;
#5293 = DIRECTION ( 'NONE',  ( -1.000000000000000000, 0.000000000000000000, 0.000000000000000000 ) ) ;
#5294 = CARTESIAN_POINT ( 'NONE',  ( 3.535000000000000142, -1.700000000000000178, -4.954999999999999183 ) ) ;
#5295 = CARTESIAN_POINT ( 'NONE',  ( -0.5200000000000004619, 0.000000000000000000, 3.349999999999997424 ) ) ;
#5296 = PLANE ( 'NONE',  #9197 ) ;
#5297 = CARTESIAN_POINT ( 'NONE',  ( 2.020000000000000462, -1.150000000000000133, 4.049289471110532723 ) ) ;
#5298 = CIRCLE ( 'NONE', #3965, 0.09999999999999993616 ) ;
#5299 = AXIS2_PLACEMENT_3D ( 'NONE', #5954, #6084, #3365 ) ;
#5300 = EDGE_LOOP ( 'NONE', ( #3698, #3645, #384, #3572 ) ) ;
#5301 = UNCERTAINTY_MEASURE_WITH_UNIT (LENGTH_MEASURE( 1.000000000000000082E-05 ), #3218, 'distance_accuracy_value', 'NONE');
#5302 = VERTEX_POINT ( 'NONE', #1981 ) ;
#5303 = ORIENTED_EDGE ( 'NONE', *, *, #2464, .T. ) ;
#5304 = CARTESIAN_POINT ( 'NONE',  ( 0.9949999999999997735, -0.1772281201405800644, -4.000000000000000000 ) ) ;
#5305 = DIRECTION ( 'NONE',  ( 0.000000000000000000, 0.000000000000000000, -1.000000000000000000 ) ) ;
#5306 = ORIENTED_EDGE ( 'NONE', *, *, #5131, .F. ) ;
#5307 = DIRECTION ( 'NONE',  ( 1.000000000000000000, -0.000000000000000000, -0.000000000000000000 ) ) ;
#5308 =( GEOMETRIC_REPRESENTATION_CONTEXT ( 3 ) GLOBAL_UNCERTAINTY_ASSIGNED_CONTEXT ( ( #2356 ) ) GLOBAL_UNIT_ASSIGNED_CONTEXT ( ( #2867, #2446, #844 ) ) REPRESENTATION_CONTEXT ( 'NONE', 'WORKASPACE' ) );
#5309 = CARTESIAN_POINT ( 'NONE',  ( 0.5200000000000000178, -0.1898791645069245193, 3.750320303035187042 ) ) ;
#5310 = FACE_OUTER_BOUND ( 'NONE', #8273, .T. ) ;
#5311 = ORIENTED_EDGE ( 'NONE', *, *, #8968, .T. ) ;
#5312 = VERTEX_POINT ( 'NONE', #2633 ) ;
#5313 = CARTESIAN_POINT ( 'NONE',  ( 0.6699999999999998179, 2.249999999999999112, 1.809999999999999831 ) ) ;
#5314 = CARTESIAN_POINT ( 'NONE',  ( -4.410000000000000142, 2.249999999999999556, -1.810000000000000275 ) ) ;
#5315 = DIRECTION ( 'NONE',  ( 0.000000000000000000, 0.000000000000000000, -1.000000000000000000 ) ) ;
#5316 = CARTESIAN_POINT ( 'NONE',  ( 4.559999999999999609, 0.2500000000000000000, -3.349999999999997424 ) ) ;
#5317 = EDGE_CURVE ( 'NONE', #5680, #5251, #123, .T. ) ;
#5318 = ORIENTED_EDGE ( 'NONE', *, *, #5792, .F. ) ;
#5319 = CARTESIAN_POINT ( 'NONE',  ( 0.9949999999999997735, -1.349999999999999645, 4.159551575750739083 ) ) ;
#5320 = CARTESIAN_POINT ( 'NONE',  ( 2.019999999999999574, 0.2500000000000000000, 3.349999999999997424 ) ) ;
#5321 = AXIS2_PLACEMENT_3D ( 'NONE', #6222, #6400, #2779 ) ;
#5322 = VECTOR ( 'NONE', #7475, 1000.000000000000000 ) ;
#5323 = ORIENTED_EDGE ( 'NONE', *, *, #1728, .T. ) ;
#5324 = CARTESIAN_POINT ( 'NONE',  ( -1.545000000000000373, -1.700000000000000178, -4.954999999999999183 ) ) ;
#5325 = AXIS2_PLACEMENT_3D ( 'NONE', #5103, #5729, #4434 ) ;
#5326 = CARTESIAN_POINT ( 'NONE',  ( -3.535000000000000142, -1.349999999999999645, 4.159551575750739083 ) ) ;
#5327 = EDGE_LOOP ( 'NONE', ( #8550, #7036, #781, #1389 ) ) ;
#5328 = DIRECTION ( 'NONE',  ( 0.000000000000000000, 0.000000000000000000, -1.000000000000000000 ) ) ;
#5329 = DIRECTION ( 'NONE',  ( 1.000000000000000000, 0.000000000000000000, 0.000000000000000000 ) ) ;
#5330 = CARTESIAN_POINT ( 'NONE',  ( -0.5200000000000004619, -0.1772281201405800644, -4.000000000000000000 ) ) ;
#5331 = CARTESIAN_POINT ( 'NONE',  ( -0.9950000000000002176, -1.150000000000000355, -3.350000000000000533 ) ) ;
#5332 = EDGE_LOOP ( 'NONE', ( #423, #3406, #8084, #7562 ) ) ;
#5333 = SURFACE_SIDE_STYLE ('',( #4122 ) ) ;
#5334 = EDGE_CURVE ( 'NONE', #3739, #5399, #5534, .T. ) ;
#5335 = LINE ( 'NONE', #8975, #8575 ) ;
#5336 = DIRECTION ( 'NONE',  ( -0.000000000000000000, 1.000000000000000000, -0.000000000000000000 ) ) ;
#5337 = VERTEX_POINT ( 'NONE', #6240 ) ;
#5338 = VECTOR ( 'NONE', #1559, 1000.000000000000000 ) ;
#5339 = CARTESIAN_POINT ( 'NONE',  ( -0.5200000000000004619, -1.450000000000000178, -4.954999999999999183 ) ) ;
#5340 = ORIENTED_EDGE ( 'NONE', *, *, #7089, .F. ) ;
#5341 = PLANE ( 'NONE',  #8349 ) ;
#5342 = ADVANCED_FACE ( 'NONE', ( #2432 ), #5426, .T. ) ;
#5343 = ORIENTED_EDGE ( 'NONE', *, *, #7097, .T. ) ;
#5344 = EDGE_CURVE ( 'NONE', #8858, #2949, #5412, .T. ) ;
#5345 = ITEM_DEFINED_TRANSFORMATION ( 'NONE', 'NONE', #5865,  #182 ) ;
#5346 =( NAMED_UNIT ( * ) SI_UNIT ( $, .STERADIAN. ) SOLID_ANGLE_UNIT ( ) );
#5347 = DIRECTION ( 'NONE',  ( 0.000000000000000000, 0.000000000000000000, 1.000000000000000000 ) ) ;
#5348 = CARTESIAN_POINT ( 'NONE',  ( 3.060000000000000053, -1.150000000000000133, 3.550576545463337119 ) ) ;
#5349 = CARTESIAN_POINT ( 'NONE',  ( 0.9949999999999997735, -1.367711462112881859, 3.810000000000000053 ) ) ;
#5350 = ORIENTED_EDGE ( 'NONE', *, *, #5404, .T. ) ;
#5351 = EDGE_LOOP ( 'NONE', ( #6047, #2693, #2587 ) ) ;
#5352 = DIRECTION ( 'NONE',  ( 0.000000000000000000, 0.000000000000000000, -1.000000000000000000 ) ) ;
#5353 = EDGE_CURVE ( 'NONE', #5038, #3184, #8553, .T. ) ;
#5354 = SURFACE_STYLE_USAGE ( .BOTH. , #541 ) ;
#5355 = ORIENTED_EDGE ( 'NONE', *, *, #5594, .F. ) ;
#5356 = PRESENTATION_STYLE_ASSIGNMENT (( #8573 ) ) ;
#5357 = EDGE_CURVE ( 'NONE', #3978, #7536, #8469, .T. ) ;
#5358 = CARTESIAN_POINT ( 'NONE',  ( -3.209999999999999964, 2.249999999999999112, 1.809999999999999831 ) ) ;
#5359 = AXIS2_PLACEMENT_3D ( 'NONE', #310, #3959, #3747 ) ;
#5360 = LINE ( 'NONE', #7058, #5579 ) ;
#5361 = STYLED_ITEM ( 'NONE', ( #4088 ), #4572 ) ;
#5362 = VERTEX_POINT ( 'NONE', #9011 ) ;
#5363 = PLANE ( 'NONE',  #103 ) ;
#5364 = CARTESIAN_POINT ( 'NONE',  ( -0.5200000000000004619, -1.700000000000000178, -4.159551575750739083 ) ) ;
#5365 = LINE ( 'NONE', #1302, #5616 ) ;
#5366 = DIRECTION ( 'NONE',  ( 0.000000000000000000, -0.7071067811865545671, -0.7071067811865404673 ) ) ;
#5367 = CARTESIAN_POINT ( 'NONE',  ( 0.9949999999999997735, -1.700000000000000178, 4.954999999999999183 ) ) ;
#5368 = CARTESIAN_POINT ( 'NONE',  ( -0.5200000000000004619, 0.000000000000000000, -3.550576545463337119 ) ) ;
#5369 = CARTESIAN_POINT ( 'NONE',  ( 2.019999999999999574, 0.000000000000000000, 3.349999999999997424 ) ) ;
#5370 = ORIENTED_EDGE ( 'NONE', *, *, #2330, .F. ) ;
#5371 = AXIS2_PLACEMENT_3D ( 'NONE', #8889, #1285, #366 ) ;
#5372 = CARTESIAN_POINT ( 'NONE',  ( 5.711446609406726438, 2.500000000000000444, 3.246446609406725692 ) ) ;
#5373 = CIRCLE ( 'NONE', #564, 0.1000000000000001582 ) ;
#5374 = DIRECTION ( 'NONE',  ( -1.000000000000000000, -0.000000000000000000, 2.168404344971009854E-16 ) ) ;
#5375 = DIRECTION ( 'NONE',  ( -1.000000000000000000, -0.000000000000000000, 0.000000000000000000 ) ) ;
#5376 = VERTEX_POINT ( 'NONE', #1438 ) ;
#5377 = CARTESIAN_POINT ( 'NONE',  ( 0.7699999999999997957, 4.649244398944980539, 1.154297719170181592E-16 ) ) ;
#5378 = DIRECTION ( 'NONE',  ( -1.000000000000000000, -4.565061778886337002E-16, 0.000000000000000000 ) ) ;
#5379 = CARTESIAN_POINT ( 'NONE',  ( 3.535000000000000142, -1.700000000000000178, -4.159551575750739083 ) ) ;
#5380 = CARTESIAN_POINT ( 'NONE',  ( -3.060000000000000053, -1.450000000000000178, -4.954999999999999183 ) ) ;
#5381 = ORIENTED_EDGE ( 'NONE', *, *, #8861, .T. ) ;
#5382 = CIRCLE ( 'NONE', #6078, 0.4499999999999999001 ) ;
#5383 = EDGE_CURVE ( 'NONE', #5603, #6220, #5365, .T. ) ;
#5384 = VECTOR ( 'NONE', #3606, 1000.000000000000000 ) ;
#5385 = EDGE_LOOP ( 'NONE', ( #5133, #1935, #198, #2242 ) ) ;
#5386 = CARTESIAN_POINT ( 'NONE',  ( 4.410000000000000142, 2.249999999999999112, 0.6999999999999992895 ) ) ;
#5387 = VECTOR ( 'NONE', #5205, 1000.000000000000000 ) ;
#5388 = MECHANICAL_DESIGN_GEOMETRIC_PRESENTATION_REPRESENTATION (  '', ( #5800 ), #2600 ) ;
#5389 = SURFACE_STYLE_USAGE ( .BOTH. , #6575 ) ;
#5390 = CARTESIAN_POINT ( 'NONE',  ( 4.559999999999999609, 0.2500000000000000000, -3.550576545463337119 ) ) ;
#5391 = ORIENTED_EDGE ( 'NONE', *, *, #3387, .T. ) ;
#5392 = AXIS2_PLACEMENT_3D ( 'NONE', #2941, #3667, #3002 ) ;
#5393 = DIRECTION ( 'NONE',  ( -1.000000000000000000, -0.000000000000000000, -0.000000000000000000 ) ) ;
#5394 = DIRECTION ( 'NONE',  ( 0.000000000000000000, 0.000000000000000000, -1.000000000000000000 ) ) ;
#5395 = UNCERTAINTY_MEASURE_WITH_UNIT (LENGTH_MEASURE( 1.000000000000000082E-05 ), #9140, 'distance_accuracy_value', 'NONE');
#5396 = SURFACE_STYLE_USAGE ( .BOTH. , #1104 ) ;
#5397 = VECTOR ( 'NONE', #6008, 1000.000000000000000 ) ;
#5398 = ORIENTED_EDGE ( 'NONE', *, *, #4032, .T. ) ;
#5399 = VERTEX_POINT ( 'NONE', #6911 ) ;
#5400 = VERTEX_POINT ( 'NONE', #7672 ) ;
#5401 = ADVANCED_FACE ( 'NONE', ( #2503 ), #2557, .T. ) ;
#5402 = PLANE ( 'NONE',  #6129 ) ;
#5403 = ORIENTED_EDGE ( 'NONE', *, *, #5655, .T. ) ;
#5404 = EDGE_CURVE ( 'NONE', #4309, #6896, #5557, .T. ) ;
#5405 = PLANE ( 'NONE',  #322 ) ;
#5406 = AXIS2_PLACEMENT_3D ( 'NONE', #4051, #1853, #5610 ) ;
#5407 = DIRECTION ( 'NONE',  ( -0.000000000000000000, -1.052623468432525814E-16, 1.000000000000000000 ) ) ;
#5408 = CIRCLE ( 'NONE', #448, 0.4499999999999999001 ) ;
#5409 = EDGE_CURVE ( 'NONE', #3716, #6141, #5456, .T. ) ;
#5410 = CARTESIAN_POINT ( 'NONE',  ( 0.5200000000000000178, 0.000000000000000000, -3.349999999999997424 ) ) ;
#5411 = SURFACE_SIDE_STYLE ('',( #5113 ) ) ;
#5412 = CIRCLE ( 'NONE', #978, 0.3500000000000004774 ) ;
#5413 = PLANE ( 'NONE',  #6424 ) ;
#5414 = EDGE_CURVE ( 'NONE', #2737, #4938, #2468, .T. ) ;
#5415 = CARTESIAN_POINT ( 'NONE',  ( 3.209999999999999964, 2.249999999999999112, -0.6999999999999994005 ) ) ;
#5416 = VERTEX_POINT ( 'NONE', #8038 ) ;
#5417 = ORIENTED_EDGE ( 'NONE', *, *, #7976, .T. ) ;
#5418 = EDGE_CURVE ( 'NONE', #7741, #4277, #8564, .T. ) ;
#5419 = CARTESIAN_POINT ( 'NONE',  ( -3.209999999999999964, 2.780000000000000249, 0.5999999999999993117 ) ) ;
#5420 = AXIS2_PLACEMENT_3D ( 'NONE', #5470, #8302, #8355 ) ;
#5421 = CARTESIAN_POINT ( 'NONE',  ( 3.209999999999999964, 2.249999999999999112, 0.6999999999999992895 ) ) ;
#5422 = SURFACE_SIDE_STYLE ('',( #385 ) ) ;
#5423 = LINE ( 'NONE', #5221, #5531 ) ;
#5424 = ORIENTED_EDGE ( 'NONE', *, *, #6377, .T. ) ;
#5425 = DIRECTION ( 'NONE',  ( 1.000000000000000000, 0.000000000000000000, -0.000000000000000000 ) ) ;
#5426 = CYLINDRICAL_SURFACE ( 'NONE', #1356, 0.1000000000000000472 ) ;
#5427 = EDGE_CURVE ( 'NONE', #1002, #6161, #8458, .T. ) ;
#5428 = ADVANCED_FACE ( 'NONE', ( #2380 ), #3651, .T. ) ;
#5429 = CARTESIAN_POINT ( 'NONE',  ( 3.060000000000000053, -0.1772281201405800644, -4.000000000000000000 ) ) ;
#5430 = ORIENTED_EDGE ( 'NONE', *, *, #7078, .T. ) ;
#5431 = CARTESIAN_POINT ( 'NONE',  ( -5.309999999999999609, 2.500000000000000000, 1.800000000000000711 ) ) ;
#5432 = DIRECTION ( 'NONE',  ( 0.000000000000000000, 1.000000000000000000, 0.000000000000000000 ) ) ;
#5433 = CARTESIAN_POINT ( 'NONE',  ( -0.5200000000000004619, -0.2000000000000000111, 3.550576545463337119 ) ) ;
#5434 = ORIENTED_EDGE ( 'NONE', *, *, #6633, .T. ) ;
#5435 =( NAMED_UNIT ( * ) PLANE_ANGLE_UNIT ( ) SI_UNIT ( $, .RADIAN. ) );
#5436 = EDGE_CURVE ( 'NONE', #6908, #2177, #2489, .T. ) ;
#5437 = LINE ( 'NONE', #2183, #8505 ) ;
#5438 = ORIENTED_EDGE ( 'NONE', *, *, #4369, .T. ) ;
#5439 = AXIS2_PLACEMENT_3D ( 'NONE', #8522, #7216, #6462 ) ;
#5440 = LINE ( 'NONE', #6224, #8577 ) ;
#5441 = VERTEX_POINT ( 'NONE', #6475 ) ;
#5442 = DIRECTION ( 'NONE',  ( 0.000000000000000000, 0.000000000000000000, 1.000000000000000000 ) ) ;
#5443 = VECTOR ( 'NONE', #3338, 1000.000000000000000 ) ;
#5444 = CARTESIAN_POINT ( 'NONE',  ( 3.535000000000000142, -1.700000000000000178, 3.350000000000000533 ) ) ;
#5445 = EDGE_CURVE ( 'NONE', #3729, #7762, #2406, .T. ) ;
#5446 = CARTESIAN_POINT ( 'NONE',  ( 4.084999999999999964, -1.355060417746537293, -4.059679696964812123 ) ) ;
#5447 = AXIS2_PLACEMENT_3D ( 'NONE', #1814, #3870, #7590 ) ;
#5448 = VERTEX_POINT ( 'NONE', #2987 ) ;
#5449 = SHAPE_DEFINITION_REPRESENTATION ( #1967, #2309 ) ;
#5450 = DIRECTION ( 'NONE',  ( 0.000000000000000000, 1.000000000000000000, 2.891205793294678326E-16 ) ) ;
#5451 = DIRECTION ( 'NONE',  ( -0.000000000000000000, 0.000000000000000000, 1.000000000000000000 ) ) ;
#5452 = DIRECTION ( 'NONE',  ( 0.000000000000000000, -1.000000000000000000, 0.000000000000000000 ) ) ;
#5453 = SURFACE_STYLE_USAGE ( .BOTH. , #2235 ) ;
#5454 = ORIENTED_EDGE ( 'NONE', *, *, #5990, .T. ) ;
#5455 = EDGE_CURVE ( 'NONE', #1189, #8859, #5544, .T. ) ;
#5456 = LINE ( 'NONE', #3710, #5338 ) ;
#5457 = ADVANCED_FACE ( 'NONE', ( #8529 ), #3779, .T. ) ;
#5458 = EDGE_LOOP ( 'NONE', ( #7119, #1256, #4163, #7235 ) ) ;
#5459 = CARTESIAN_POINT ( 'NONE',  ( 3.535000000000000142, -1.150000000000000355, -3.798968757172755062 ) ) ;
#5460 = EDGE_CURVE ( 'NONE', #3739, #5614, #2574, .T. ) ;
#5461 = DIRECTION ( 'NONE',  ( -0.000000000000000000, -1.000000000000000000, -2.891205793294678326E-16 ) ) ;
#5462 = ORIENTED_EDGE ( 'NONE', *, *, #4350, .T. ) ;
#5463 = FILL_AREA_STYLE ('',( #4855 ) ) ;
#5464 = ADVANCED_FACE ( 'NONE', ( #8767 ), #7858, .F. ) ;
#5465 = PLANE ( 'NONE',  #7485 ) ;
#5466 = VECTOR ( 'NONE', #5741, 1000.000000000000000 ) ;
#5467 = CYLINDRICAL_SURFACE ( 'NONE', #5371, 0.1000000000000000056 ) ;
#5468 = FILL_AREA_STYLE ('',( #6136 ) ) ;
#5469 = CARTESIAN_POINT ( 'NONE',  ( -1.545000000000000373, -1.450000000000000178, 4.954999999999999183 ) ) ;
#5470 = CARTESIAN_POINT ( 'NONE',  ( -3.060000000000000053, -1.349999999999999645, 4.159551575750739083 ) ) ;
#5471 = ORIENTED_EDGE ( 'NONE', *, *, #8530, .F. ) ;
#5472 = ORIENTED_EDGE ( 'NONE', *, *, #6639, .F. ) ;
#5473 = EDGE_CURVE ( 'NONE', #7874, #7731, #5722, .T. ) ;
#5474 =( GEOMETRIC_REPRESENTATION_CONTEXT ( 3 ) GLOBAL_UNCERTAINTY_ASSIGNED_CONTEXT ( ( #4750 ) ) GLOBAL_UNIT_ASSIGNED_CONTEXT ( ( #7843, #5936, #7156 ) ) REPRESENTATION_CONTEXT ( 'NONE', 'WORKASPACE' ) );
#5475 = SPHERICAL_SURFACE ( 'NONE', #2757, 0.1000000000000000056 ) ;
#5476 = CARTESIAN_POINT ( 'NONE',  ( -5.815000000000000391, 0.000000000000000000, 3.350000000000000977 ) ) ;
#5477 =( LENGTH_UNIT ( ) NAMED_UNIT ( * ) SI_UNIT ( .MILLI., .METRE. ) );
#5478 =( LENGTH_UNIT ( ) NAMED_UNIT ( * ) SI_UNIT ( .MILLI., .METRE. ) );
#5479 = CIRCLE ( 'NONE', #4197, 0.4499999999999999001 ) ;
#5480 = ADVANCED_FACE ( 'NONE', ( #2689 ), #7801, .F. ) ;
#5481 = VERTEX_POINT ( 'NONE', #9211 ) ;
#5482 = DIRECTION ( 'NONE',  ( 0.000000000000000000, 0.000000000000000000, -1.000000000000000000 ) ) ;
#5483 = SURFACE_STYLE_USAGE ( .BOTH. , #8423 ) ;
#5484 = DIRECTION ( 'NONE',  ( 0.000000000000000000, -2.891205793294678326E-16, 1.000000000000000000 ) ) ;
#5485 = CARTESIAN_POINT ( 'NONE',  ( 3.310000000000000053, 2.780000000000000249, 0.5999999999999994227 ) ) ;
#5486 = FILL_AREA_STYLE_COLOUR ( '', #8139 ) ;
#5487 = CARTESIAN_POINT ( 'NONE',  ( -3.060000000000000053, -1.150000000000000133, 3.798968757172755062 ) ) ;
#5488 = ORIENTED_EDGE ( 'NONE', *, *, #2323, .F. ) ;
#5489 = EDGE_CURVE ( 'NONE', #537, #5362, #5901, .T. ) ;
#5490 = UNCERTAINTY_MEASURE_WITH_UNIT (LENGTH_MEASURE( 1.000000000000000082E-05 ), #4484, 'distance_accuracy_value', 'NONE');
#5491 = PRESENTATION_LAYER_ASSIGNMENT (  '', '', ( #5800 ) ) ;
#5492 = FACE_OUTER_BOUND ( 'NONE', #5841, .T. ) ;
#5493 = CYLINDRICAL_SURFACE ( 'NONE', #3231, 0.1000000000000000472 ) ;
#5494 = ORIENTED_EDGE ( 'NONE', *, *, #1737, .T. ) ;
#5495 =( GEOMETRIC_REPRESENTATION_CONTEXT ( 3 ) GLOBAL_UNCERTAINTY_ASSIGNED_CONTEXT ( ( #2642 ) ) GLOBAL_UNIT_ASSIGNED_CONTEXT ( ( #7511, #1804, #4687 ) ) REPRESENTATION_CONTEXT ( 'NONE', 'WORKASPACE' ) );
#5496 = DIRECTION ( 'NONE',  ( 0.000000000000000000, 0.000000000000000000, -1.000000000000000000 ) ) ;
#5497 = CARTESIAN_POINT ( 'NONE',  ( -4.410000000000000142, 1.999999999999999112, -0.7000000000000001776 ) ) ;
#5498 = VERTEX_POINT ( 'NONE', #8585 ) ;
#5499 = CARTESIAN_POINT ( 'NONE',  ( -5.309999999999999609, 2.500000000000000000, 1.800000000000000711 ) ) ;
#5500 = UNCERTAINTY_MEASURE_WITH_UNIT (LENGTH_MEASURE( 1.000000000000000082E-05 ), #4832, 'distance_accuracy_value', 'NONE');
#5501 = ORIENTED_EDGE ( 'NONE', *, *, #5126, .T. ) ;
#5502 = CARTESIAN_POINT ( 'NONE',  ( -4.559999999999999609, -0.2000000000000000111, -3.550576545463337119 ) ) ;
#5503 = DIRECTION ( 'NONE',  ( 0.000000000000000000, 2.602085213965212614E-15, 1.000000000000000000 ) ) ;
#5504 = DIRECTION ( 'NONE',  ( 0.000000000000000000, 1.000000000000000000, 2.891205793294678326E-16 ) ) ;
#5505 = PRESENTATION_LAYER_ASSIGNMENT (  '', '', ( #8997 ) ) ;
#5506 = CARTESIAN_POINT ( 'NONE',  ( -3.310000000000000497, 2.780000000000000249, 0.000000000000000000 ) ) ;
#5507 = CARTESIAN_POINT ( 'NONE',  ( 3.060000000000000053, -1.150000000000000133, -3.798968757172755062 ) ) ;
#5508 = VECTOR ( 'NONE', #4744, 1000.000000000000000 ) ;
#5509 = PRESENTATION_STYLE_ASSIGNMENT (( #4218 ) ) ;
#5510 = PRESENTATION_STYLE_ASSIGNMENT (( #8437 ) ) ;
#5511 = AXIS2_PLACEMENT_3D ( 'NONE', #3386, #514, #1294 ) ;
#5512 = ORIENTED_EDGE ( 'NONE', *, *, #3450, .F. ) ;
#5513 =( NAMED_UNIT ( * ) PLANE_ANGLE_UNIT ( ) SI_UNIT ( $, .RADIAN. ) );
#5514 = CARTESIAN_POINT ( 'NONE',  ( -1.770000000000000240, 2.780000000000000249, -4.250072516143174423E-16 ) ) ;
#5515 = EDGE_CURVE ( 'NONE', #5023, #8718, #5783, .T. ) ;
#5516 = FILL_AREA_STYLE_COLOUR ( '', #3477 ) ;
#5517 = LINE ( 'NONE', #2409, #5466 ) ;
#5518 = FACE_OUTER_BOUND ( 'NONE', #6959, .T. ) ;
#5519 = ORIENTED_EDGE ( 'NONE', *, *, #4067, .T. ) ;
#5520 = CARTESIAN_POINT ( 'NONE',  ( -1.545000000000000373, -1.700000000000000178, -4.159551575750739083 ) ) ;
#5521 = CARTESIAN_POINT ( 'NONE',  ( -4.084999999999999964, -1.355060417746537293, -4.059679696964812123 ) ) ;
#5522 = ADVANCED_FACE ( 'NONE', ( #2824 ), #5810, .F. ) ;
#5523 = PLANE ( 'NONE',  #3919 ) ;
#5524 = CARTESIAN_POINT ( 'NONE',  ( 3.060000000000000053, 0.2500000000000000000, -3.349999999999997424 ) ) ;
#5525 = DIRECTION ( 'NONE',  ( -0.000000000000000000, 0.9987187878592513890, -0.05060417746537783368 ) ) ;
#5526 =( NAMED_UNIT ( * ) PLANE_ANGLE_UNIT ( ) SI_UNIT ( $, .RADIAN. ) );
#5527 = EDGE_CURVE ( 'NONE', #579, #3939, #5915, .T. ) ;
#5528 =( GEOMETRIC_REPRESENTATION_CONTEXT ( 3 ) GLOBAL_UNCERTAINTY_ASSIGNED_CONTEXT ( ( #2863 ) ) GLOBAL_UNIT_ASSIGNED_CONTEXT ( ( #392, #1722, #5346 ) ) REPRESENTATION_CONTEXT ( 'NONE', 'WORKASPACE' ) );
#5529 = EDGE_CURVE ( 'NONE', #8510, #862, #8688, .T. ) ;
#5530 = DIRECTION ( 'NONE',  ( 0.000000000000000000, 0.000000000000000000, -1.000000000000000000 ) ) ;
#5531 = VECTOR ( 'NONE', #5115, 1000.000000000000000 ) ;
#5532 = ORIENTED_EDGE ( 'NONE', *, *, #1519, .F. ) ;
#5533 = DIRECTION ( 'NONE',  ( -0.000000000000000000, -1.000000000000000000, -2.891205793294678326E-16 ) ) ;
#5534 = LINE ( 'NONE', #2866, #5443 ) ;
#5535 = CARTESIAN_POINT ( 'NONE',  ( -3.060000000000000053, -1.150000000000000133, 3.350000000000000533 ) ) ;
#5536 =( LENGTH_UNIT ( ) NAMED_UNIT ( * ) SI_UNIT ( .MILLI., .METRE. ) );
#5537 = PLANE ( 'NONE',  #4666 ) ;
#5538 = SURFACE_SIDE_STYLE ('',( #8368 ) ) ;
#5539 = DIRECTION ( 'NONE',  ( 0.000000000000000000, 0.9987187878592513890, -0.05060417746537783368 ) ) ;
#5540 = DIRECTION ( 'NONE',  ( 0.000000000000000000, -0.9987187878592515000, 0.05060417746537710509 ) ) ;
#5541 = EDGE_CURVE ( 'NONE', #733, #5250, #5648, .T. ) ;
#5542 = ADVANCED_FACE ( 'NONE', ( #5836 ), #5677, .T. ) ;
#5543 = SURFACE_STYLE_USAGE ( .BOTH. , #3582 ) ;
#5544 = LINE ( 'NONE', #4495, #5387 ) ;
#5545 = CARTESIAN_POINT ( 'NONE',  ( 2.019999999999999574, 0.000000000000000000, -3.550576545463337119 ) ) ;
#5546 = EDGE_LOOP ( 'NONE', ( #4177, #5071, #5084, #1230 ) ) ;
#5547 = EDGE_LOOP ( 'NONE', ( #2671, #8457, #927, #5454 ) ) ;
#5548 = EDGE_CURVE ( 'NONE', #1002, #4761, #8714, .T. ) ;
#5549 = CARTESIAN_POINT ( 'NONE',  ( -4.709999999999999964, 2.500000000000000000, 2.300000000000000266 ) ) ;
#5550 = CARTESIAN_POINT ( 'NONE',  ( -4.309999999999999609, 2.780000000000000249, 0.5999999999999994227 ) ) ;
#5551 = CARTESIAN_POINT ( 'NONE',  ( -1.545000000000000373, -0.1772281201405800644, 4.000000000000000000 ) ) ;
#5552 = CARTESIAN_POINT ( 'NONE',  ( -0.9950000000000002176, -1.450000000000000178, 4.159551575750739083 ) ) ;
#5553 =( NAMED_UNIT ( * ) PLANE_ANGLE_UNIT ( ) SI_UNIT ( $, .RADIAN. ) );
#5554 = CARTESIAN_POINT ( 'NONE',  ( 4.559999999999999609, -0.1898791645069245193, 3.750320303035187042 ) ) ;
#5555 = SURFACE_STYLE_FILL_AREA ( #6099 ) ;
#5556 = ORIENTED_EDGE ( 'NONE', *, *, #3314, .F. ) ;
#5557 = LINE ( 'NONE', #4165, #8632 ) ;
#5558 = AXIS2_PLACEMENT_3D ( 'NONE', #2623, #3571, #4354 ) ;
#5559 = VERTEX_POINT ( 'NONE', #7166 ) ;
#5560 = PRESENTATION_LAYER_ASSIGNMENT (  '', '', ( #91 ) ) ;
#5561 = DIRECTION ( 'NONE',  ( 1.000000000000000000, -0.000000000000000000, -2.168404344971009854E-16 ) ) ;
#5562 = EDGE_LOOP ( 'NONE', ( #3676, #4009, #3777, #1648 ) ) ;
#5563 =( LENGTH_UNIT ( ) NAMED_UNIT ( * ) SI_UNIT ( .MILLI., .METRE. ) );
#5564 = EDGE_CURVE ( 'NONE', #2886, #772, #2597, .T. ) ;
#5565 = ADVANCED_FACE ( 'NONE', ( #5825 ), #1436, .T. ) ;
#5566 = DIRECTION ( 'NONE',  ( 1.000000000000000000, 0.000000000000000000, 0.000000000000000000 ) ) ;
#5567 = LINE ( 'NONE', #3299, #2376 ) ;
#5568 = DIRECTION ( 'NONE',  ( -1.000000000000000000, 0.000000000000000000, -0.000000000000000000 ) ) ;
#5569 = DIRECTION ( 'NONE',  ( 0.000000000000000000, 1.000000000000000000, 0.000000000000000000 ) ) ;
#5570 = COLOUR_RGB ( '',1.000000000000000000, 1.000000000000000000, 0.5019607843137254832 ) ;
#5571 = EDGE_CURVE ( 'NONE', #2424, #579, #2793, .T. ) ;
#5572 = AXIS2_PLACEMENT_3D ( 'NONE', #7465, #2299, #8002 ) ;
#5573 = CARTESIAN_POINT ( 'NONE',  ( 0.6699999999999998179, 2.249999999999999112, 0.6999999999999992895 ) ) ;
#5574 = DIRECTION ( 'NONE',  ( 0.000000000000000000, 1.000000000000000000, 0.000000000000000000 ) ) ;
#5575 = AXIS2_PLACEMENT_3D ( 'NONE', #4137, #4072, #4865 ) ;
#5576 = COLOUR_RGB ( '',0.7921568627450980005, 0.8196078431372548767, 0.9333333333333333481 ) ;
#5577 = DIRECTION ( 'NONE',  ( -0.000000000000000000, -1.000000000000000000, -2.891205793294678326E-16 ) ) ;
#5578 = CARTESIAN_POINT ( 'NONE',  ( 0.6699999999999998179, 2.499999999999999556, -2.060000000000005382 ) ) ;
#5579 = VECTOR ( 'NONE', #5623, 1000.000000000000000 ) ;
#5580 = ORIENTED_EDGE ( 'NONE', *, *, #7985, .F. ) ;
#5581 = CARTESIAN_POINT ( 'NONE',  ( -0.5200000000000004619, 0.000000000000000000, 3.550576545463337119 ) ) ;
#5582 = SURFACE_STYLE_FILL_AREA ( #7302 ) ;
#5583 = ADVANCED_FACE ( 'NONE', ( #5706 ), #975, .F. ) ;
#5584 = CARTESIAN_POINT ( 'NONE',  ( 2.019999999999999574, -1.150000000000000133, 4.049289471110532723 ) ) ;
#5585 = AXIS2_PLACEMENT_3D ( 'NONE', #2112, #1514, #5163 ) ;
#5586 = CARTESIAN_POINT ( 'NONE',  ( 0.5200000000000000178, -0.1772281201405800644, -4.000000000000000000 ) ) ;
#5587 = CARTESIAN_POINT ( 'NONE',  ( 5.815000000000000391, 2.250000000000000444, 3.349999999999999645 ) ) ;
#5588 = DIRECTION ( 'NONE',  ( 1.000000000000000000, 0.000000000000000000, 0.000000000000000000 ) ) ;
#5589 = ORIENTED_EDGE ( 'NONE', *, *, #2599, .F. ) ;
#5590 = DIRECTION ( 'NONE',  ( -0.000000000000000000, 3.907034855803616961E-16, -1.000000000000000000 ) ) ;
#5591 =( LENGTH_UNIT ( ) NAMED_UNIT ( * ) SI_UNIT ( .MILLI., .METRE. ) );
#5592 = ADVANCED_FACE ( 'NONE', ( #8992 ), #3843, .F. ) ;
#5593 = ORIENTED_EDGE ( 'NONE', *, *, #778, .T. ) ;
#5594 = EDGE_CURVE ( 'NONE', #4748, #1086, #3208, .T. ) ;
#5595 = SHAPE_REPRESENTATION ( '219-4MST_219-4MST', ( #182 ), #8272 ) ;
#5596 = LINE ( 'NONE', #4916, #2405 ) ;
#5597 = SURFACE_STYLE_FILL_AREA ( #9059 ) ;
#5598 = UNCERTAINTY_MEASURE_WITH_UNIT (LENGTH_MEASURE( 1.000000000000000082E-05 ), #4594, 'distance_accuracy_value', 'NONE');
#5599 = DIRECTION ( 'NONE',  ( 0.000000000000000000, 0.000000000000000000, 1.000000000000000000 ) ) ;
#5600 = CARTESIAN_POINT ( 'NONE',  ( -3.060000000000000053, -1.700000000000000178, -4.954999999999999183 ) ) ;
#5601 = DIRECTION ( 'NONE',  ( 0.000000000000000000, 0.000000000000000000, -1.000000000000000000 ) ) ;
#5602 = VERTEX_POINT ( 'NONE', #8102 ) ;
#5603 = VERTEX_POINT ( 'NONE', #2392 ) ;
#5604 = EDGE_CURVE ( 'NONE', #8546, #2095, #6213, .T. ) ;
#5605 = ORIENTED_EDGE ( 'NONE', *, *, #973, .F. ) ;
#5606 = CARTESIAN_POINT ( 'NONE',  ( -4.410000000000000142, 2.499999999999999112, 2.060000000000005382 ) ) ;
#5607 = CARTESIAN_POINT ( 'NONE',  ( 3.535000000000000142, -1.150000000000000355, -4.049289471110532723 ) ) ;
#5608 = PLANE ( 'NONE',  #1 ) ;
#5609 = PRESENTATION_LAYER_ASSIGNMENT (  '', '', ( #144 ) ) ;
#5610 = DIRECTION ( 'NONE',  ( -0.7071067811865482389, 0.000000000000000000, -0.7071067811865469066 ) ) ;
#5611 = DIRECTION ( 'NONE',  ( 1.000000000000000000, 4.565061778886337988E-16, -2.313075504410461447E-17 ) ) ;
#5612 = DIRECTION ( 'NONE',  ( -0.000000000000000000, 0.05060417746537784062, 0.9987187878592515000 ) ) ;
#5613 = VECTOR ( 'NONE', #6427, 1000.000000000000000 ) ;
#5614 = VERTEX_POINT ( 'NONE', #3053 ) ;
#5615 = ADVANCED_FACE ( 'NONE', ( #3092 ), #6146, .F. ) ;
#5616 = VECTOR ( 'NONE', #6174, 1000.000000000000000 ) ;
#5617 = EDGE_CURVE ( 'NONE', #4359, #2720, #3159, .T. ) ;
#5618 = ORIENTED_EDGE ( 'NONE', *, *, #3457, .T. ) ;
#5619 = DIRECTION ( 'NONE',  ( 0.000000000000000000, -1.000000000000000000, -0.000000000000000000 ) ) ;
#5620 = VERTEX_POINT ( 'NONE', #278 ) ;
#5621 = CARTESIAN_POINT ( 'NONE',  ( 0.6700000000000000400, 1.999999999999999112, 0.09999999999999928391 ) ) ;
#5622 = VERTEX_POINT ( 'NONE', #6726 ) ;
#5623 = DIRECTION ( 'NONE',  ( -1.000000000000000000, -0.000000000000000000, 0.000000000000000000 ) ) ;
#5624 =( GEOMETRIC_REPRESENTATION_CONTEXT ( 3 ) GLOBAL_UNCERTAINTY_ASSIGNED_CONTEXT ( ( #7205 ) ) GLOBAL_UNIT_ASSIGNED_CONTEXT ( ( #3709, #4955, #8488 ) ) REPRESENTATION_CONTEXT ( 'NONE', 'WORKASPACE' ) );
#5625 = ORIENTED_EDGE ( 'NONE', *, *, #1895, .T. ) ;
#5626 = CARTESIAN_POINT ( 'NONE',  ( 0.9949999999999997735, -1.450000000000000178, 4.159551575750739083 ) ) ;
#5627 = VECTOR ( 'NONE', #716, 1000.000000000000000 ) ;
#5628 = AXIS2_PLACEMENT_3D ( 'NONE', #2320, #93, #7900 ) ;
#5629 = CIRCLE ( 'NONE', #8378, 0.1000000000000011297 ) ;
#5630 = EDGE_LOOP ( 'NONE', ( #3586, #8886, #3091, #84 ) ) ;
#5631 = DIRECTION ( 'NONE',  ( -1.000000000000000000, -4.565061778886337002E-16, 0.000000000000000000 ) ) ;
#5632 =( NAMED_UNIT ( * ) SI_UNIT ( $, .STERADIAN. ) SOLID_ANGLE_UNIT ( ) );
#5633 = DIRECTION ( 'NONE',  ( 0.000000000000000000, 2.602085213965212614E-15, 1.000000000000000000 ) ) ;
#5634 = FILL_AREA_STYLE_COLOUR ( '', #4462 ) ;
#5635 = DIRECTION ( 'NONE',  ( 0.000000000000000000, -0.000000000000000000, 1.000000000000000000 ) ) ;
#5636 = EDGE_CURVE ( 'NONE', #573, #1417, #9227, .T. ) ;
#5637 = ORIENTED_EDGE ( 'NONE', *, *, #3324, .T. ) ;
#5638 = STYLED_ITEM ( 'NONE', ( #9139 ), #5070 ) ;
#5639 = ORIENTED_EDGE ( 'NONE', *, *, #5264, .T. ) ;
#5640 = DIRECTION ( 'NONE',  ( 0.000000000000000000, -0.9987187878592515000, -0.05060417746537709816 ) ) ;
#5641 = SURFACE_STYLE_USAGE ( .BOTH. , #3433 ) ;
#5642 = ADVANCED_FACE ( 'NONE', ( #24 ), #73, .F. ) ;
#5643 = DIRECTION ( 'NONE',  ( 0.000000000000000000, 3.907034855803616961E-16, -1.000000000000000000 ) ) ;
#5644 = CIRCLE ( 'NONE', #6090, 0.1000000000000000472 ) ;
#5645 = EDGE_CURVE ( 'NONE', #1966, #8287, #41, .T. ) ;
#5646 = VERTEX_POINT ( 'NONE', #4555 ) ;
#5647 =( LENGTH_UNIT ( ) NAMED_UNIT ( * ) SI_UNIT ( .MILLI., .METRE. ) );
#5648 = LINE ( 'NONE', #842, #5693 ) ;
#5649 = CARTESIAN_POINT ( 'NONE',  ( 3.535000000000000142, -1.450000000000000178, -4.159551575750739083 ) ) ;
#5650 = DIRECTION ( 'NONE',  ( 1.000000000000000000, -0.000000000000000000, -0.000000000000000000 ) ) ;
#5651 = ORIENTED_EDGE ( 'NONE', *, *, #6907, .F. ) ;
#5652 = CARTESIAN_POINT ( 'NONE',  ( 0.6699999999999998179, 2.249999999999999112, 0.6999999999999992895 ) ) ;
#5653 = VERTEX_POINT ( 'NONE', #3994 ) ;
#5654 = CARTESIAN_POINT ( 'NONE',  ( 5.815000000000000391, 2.500000000000000000, 3.099999999999999645 ) ) ;
#5655 = EDGE_CURVE ( 'NONE', #6002, #5251, #9128, .T. ) ;
#5656 = STYLED_ITEM ( 'NONE', ( #5356 ), #7365 ) ;
#5657 = DIRECTION ( 'NONE',  ( 1.000000000000000000, -0.000000000000000000, 0.000000000000000000 ) ) ;
#5658 = AXIS2_PLACEMENT_3D ( 'NONE', #2497, #3933, #5166 ) ;
#5659 = SPHERICAL_SURFACE ( 'NONE', #3257, 0.1000000000000000056 ) ;
#5660 = LINE ( 'NONE', #8770, #8742 ) ;
#5661 = VERTEX_POINT ( 'NONE', #6005 ) ;
#5662 = CARTESIAN_POINT ( 'NONE',  ( 4.410000000000000142, 1.999999999999999112, 0.5999999999999990896 ) ) ;
#5663 = COLOUR_RGB ( '',1.000000000000000000, 1.000000000000000000, 0.5019607843137254832 ) ;
#5664 = AXIS2_PLACEMENT_3D ( 'NONE', #3480, #8658, #7996 ) ;
#5665 = SURFACE_SIDE_STYLE ('',( #4603 ) ) ;
#5666 = ORIENTED_EDGE ( 'NONE', *, *, #1098, .F. ) ;
#5667 = EDGE_CURVE ( 'NONE', #8045, #6405, #3071, .T. ) ;
#5668 = PLANE ( 'NONE',  #8439 ) ;
#5669 = DIRECTION ( 'NONE',  ( 0.9659258262890680902, -0.2588190451025213501, 0.000000000000000000 ) ) ;
#5670 =( NAMED_UNIT ( * ) PLANE_ANGLE_UNIT ( ) SI_UNIT ( $, .RADIAN. ) );
#5671 = DIRECTION ( 'NONE',  ( 0.000000000000000000, 1.000000000000000000, 2.891205793294678326E-16 ) ) ;
#5672 = DIRECTION ( 'NONE',  ( 1.000000000000000000, 0.000000000000000000, 0.000000000000000000 ) ) ;
#5673 = FILL_AREA_STYLE_COLOUR ( '', #1058 ) ;
#5674 = VECTOR ( 'NONE', #7256, 1000.000000000000000 ) ;
#5675 = LINE ( 'NONE', #9177, #5749 ) ;
#5676 = EDGE_LOOP ( 'NONE', ( #8166, #5136, #7973, #4222 ) ) ;
#5677 = CYLINDRICAL_SURFACE ( 'NONE', #6048, 0.4500000000000002887 ) ;
#5678 = EDGE_CURVE ( 'NONE', #6439, #8578, #2868, .T. ) ;
#5679 = VERTEX_POINT ( 'NONE', #8860 ) ;
#5680 = VERTEX_POINT ( 'NONE', #340 ) ;
#5681 = PLANE ( 'NONE',  #5701 ) ;
#5682 = ORIENTED_EDGE ( 'NONE', *, *, #4038, .T. ) ;
#5683 = SURFACE_STYLE_USAGE ( .BOTH. , #8712 ) ;
#5684 = AXIS2_PLACEMENT_3D ( 'NONE', #6964, #8944, #4821 ) ;
#5685 = VERTEX_POINT ( 'NONE', #5459 ) ;
#5686 = CARTESIAN_POINT ( 'NONE',  ( 1.869999999999999662, 0.000000000000000000, 0.000000000000000000 ) ) ;
#5687 = FACE_OUTER_BOUND ( 'NONE', #4954, .T. ) ;
#5688 = VECTOR ( 'NONE', #6385, 1000.000000000000000 ) ;
#5689 = VERTEX_POINT ( 'NONE', #5891 ) ;
#5690 = CARTESIAN_POINT ( 'NONE',  ( -4.410000000000000142, 2.249999999999999112, 0.6999999999999992895 ) ) ;
#5691 = PRESENTATION_LAYER_ASSIGNMENT (  '', '', ( #2688 ) ) ;
#5692 = DIRECTION ( 'NONE',  ( -0.000000000000000000, -0.000000000000000000, 1.000000000000000000 ) ) ;
#5693 = VECTOR ( 'NONE', #5834, 1000.000000000000000 ) ;
#5694 = CARTESIAN_POINT ( 'NONE',  ( 2.020000000000000462, -1.150000000000000133, 3.798968757172755062 ) ) ;
#5695 = SURFACE_SIDE_STYLE ('',( #895 ) ) ;
#5696 = ORIENTED_EDGE ( 'NONE', *, *, #4892, .F. ) ;
#5697 = VERTEX_POINT ( 'NONE', #1863 ) ;
#5698 = EDGE_CURVE ( 'NONE', #5946, #8344, #9179, .T. ) ;
#5699 = ORIENTED_EDGE ( 'NONE', *, *, #7735, .F. ) ;
#5700 = CARTESIAN_POINT ( 'NONE',  ( -3.060000000000000053, 0.2500000000000000000, -3.550576545463337119 ) ) ;
#5701 = AXIS2_PLACEMENT_3D ( 'NONE', #9170, #1459, #2180 ) ;
#5702 = CARTESIAN_POINT ( 'NONE',  ( 3.060000000000000053, -1.150000000000000133, -3.550576545463337119 ) ) ;
#5703 = SURFACE_STYLE_FILL_AREA ( #6487 ) ;
#5704 = VECTOR ( 'NONE', #7192, 1000.000000000000000 ) ;
#5705 = CARTESIAN_POINT ( 'NONE',  ( 3.310000000000000053, 2.780000000000000249, 0.5999999999999994227 ) ) ;
#5706 = FACE_OUTER_BOUND ( 'NONE', #8211, .T. ) ;
#5707 = MANIFOLD_SOLID_BREP ( 'Fillet2', #3194 ) ;
#5708 = DIRECTION ( 'NONE',  ( 0.000000000000000000, 0.000000000000000000, -1.000000000000000000 ) ) ;
#5709 = EDGE_LOOP ( 'NONE', ( #4471, #4427, #3326, #919 ) ) ;
#5710 = DIRECTION ( 'NONE',  ( 0.000000000000000000, -0.9987187878592513890, -0.05060417746537783368 ) ) ;
#5711 = EDGE_LOOP ( 'NONE', ( #6119, #96, #6184, #3488 ) ) ;
#5712 = EDGE_CURVE ( 'NONE', #8934, #1916, #3126, .T. ) ;
#5713 = ORIENTED_EDGE ( 'NONE', *, *, #8046, .F. ) ;
#5714 = CIRCLE ( 'NONE', #7474, 0.4499999999999999001 ) ;
#5715 = EDGE_CURVE ( 'NONE', #7404, #762, #8955, .T. ) ;
#5716 = ADVANCED_FACE ( 'NONE', ( #9009 ), #6198, .F. ) ;
#5717 = FACE_OUTER_BOUND ( 'NONE', #8582, .T. ) ;
#5718 = VECTOR ( 'NONE', #2830, 1000.000000000000000 ) ;
#5719 = PRESENTATION_LAYER_ASSIGNMENT (  '', '', ( #3287 ) ) ;
#5720 = DIRECTION ( 'NONE',  ( 1.000000000000000000, 0.000000000000000000, 0.000000000000000000 ) ) ;
#5721 = DIRECTION ( 'NONE',  ( 1.000000000000000000, 0.000000000000000000, 0.000000000000000000 ) ) ;
#5722 = LINE ( 'NONE', #1557, #8918 ) ;
#5723 = PLANE ( 'NONE',  #6364 ) ;
#5724 = AXIS2_PLACEMENT_3D ( 'NONE', #420, #6813, #8984 ) ;
#5725 = EDGE_LOOP ( 'NONE', ( #2763, #5273, #5150, #5287, #5340, #2449, #7959, #5471 ) ) ;
#5726 = ORIENTED_EDGE ( 'NONE', *, *, #1158, .F. ) ;
#5727 = DIRECTION ( 'NONE',  ( 0.000000000000000000, 0.000000000000000000, 1.000000000000000000 ) ) ;
#5728 = EDGE_CURVE ( 'NONE', #9063, #2239, #9147, .T. ) ;
#5729 = DIRECTION ( 'NONE',  ( -0.000000000000000000, -1.000000000000000000, -2.891205793294678326E-16 ) ) ;
#5730 = DIRECTION ( 'NONE',  ( -0.000000000000000000, 0.000000000000000000, 1.000000000000000000 ) ) ;
#5731 = CARTESIAN_POINT ( 'NONE',  ( -0.5200000000000004619, -1.349999999999999645, -4.159551575750739083 ) ) ;
#5732 = DIRECTION ( 'NONE',  ( -0.000000000000000000, 0.05060417746537784062, 0.9987187878592515000 ) ) ;
#5733 = CARTESIAN_POINT ( 'NONE',  ( 3.342961957851625020E-16, -1.350000000000000089, 2.988268590217983522 ) ) ;
#5734 = SURFACE_STYLE_USAGE ( .BOTH. , #7871 ) ;
#5735 = VECTOR ( 'NONE', #4435, 1000.000000000000000 ) ;
#5736 = LINE ( 'NONE', #7129, #8795 ) ;
#5737 = VECTOR ( 'NONE', #3650, 1000.000000000000000 ) ;
#5738 = VERTEX_POINT ( 'NONE', #2063 ) ;
#5739 = FILL_AREA_STYLE ('',( #5175 ) ) ;
#5740 = EDGE_LOOP ( 'NONE', ( #7127, #6118, #4923, #1339 ) ) ;
#5741 = DIRECTION ( 'NONE',  ( -1.000000000000000000, -0.000000000000000000, 0.000000000000000000 ) ) ;
#5742 = ADVANCED_FACE ( 'NONE', ( #2904 ), #6199, .T. ) ;
#5743 = ORIENTED_EDGE ( 'NONE', *, *, #2813, .F. ) ;
#5744 = EDGE_CURVE ( 'NONE', #8800, #2618, #6006, .T. ) ;
#5745 = CARTESIAN_POINT ( 'NONE',  ( 4.559999999999999609, 0.2500000000000000000, 3.349999999999997424 ) ) ;
#5746 = VECTOR ( 'NONE', #6625, 1000.000000000000000 ) ;
#5747 = ORIENTED_EDGE ( 'NONE', *, *, #7834, .F. ) ;
#5748 = PRESENTATION_LAYER_ASSIGNMENT (  '', '', ( #7913 ) ) ;
#5749 = VECTOR ( 'NONE', #5805, 1000.000000000000000 ) ;
#5750 = DIRECTION ( 'NONE',  ( 0.000000000000000000, 0.000000000000000000, -1.000000000000000000 ) ) ;
#5751 = CARTESIAN_POINT ( 'NONE',  ( 3.209999999999999964, 4.649244398944980539, 0.5999999999999999778 ) ) ;
#5752 = DIRECTION ( 'NONE',  ( -0.000000000000000000, 1.000000000000000000, 3.035766082959414782E-15 ) ) ;
#5753 = DIRECTION ( 'NONE',  ( 1.000000000000000000, 0.000000000000000000, 0.000000000000000000 ) ) ;
#5754 = CARTESIAN_POINT ( 'NONE',  ( -0.9950000000000002176, -0.1898791645069245193, -3.750320303035187042 ) ) ;
#5755 = VERTEX_POINT ( 'NONE', #7993 ) ;
#5756 = VERTEX_POINT ( 'NONE', #6554 ) ;
#5757 = VERTEX_POINT ( 'NONE', #8340 ) ;
#5758 = LINE ( 'NONE', #5899, #8907 ) ;
#5759 = CARTESIAN_POINT ( 'NONE',  ( -0.5200000000000004619, 0.2500000000000000000, -3.349999999999997424 ) ) ;
#5760 = VERTEX_POINT ( 'NONE', #7258 ) ;
#5761 = CARTESIAN_POINT ( 'NONE',  ( 4.410000000000000142, 1.999999999999999112, 0.5999999999999990896 ) ) ;
#5762 = DIRECTION ( 'NONE',  ( -0.000000000000000000, -1.000000000000000000, -2.891205793294678326E-16 ) ) ;
#5763 = LINE ( 'NONE', #2825, #8764 ) ;
#5764 = FACE_OUTER_BOUND ( 'NONE', #7720, .T. ) ;
#5765 = EDGE_CURVE ( 'NONE', #2780, #9016, #6070, .T. ) ;
#5766 = ADVANCED_FACE ( 'NONE', ( #9057 ), #3356, .T. ) ;
#5767 = AXIS2_PLACEMENT_3D ( 'NONE', #1827, #1148, #2517 ) ;
#5768 = ORIENTED_EDGE ( 'NONE', *, *, #2433, .F. ) ;
#5769 = CARTESIAN_POINT ( 'NONE',  ( -3.310000000000000497, 2.780000000000000249, 0.09999999999999940881 ) ) ;
#5770 = ORIENTED_EDGE ( 'NONE', *, *, #3931, .T. ) ;
#5771 = ORIENTED_EDGE ( 'NONE', *, *, #2580, .T. ) ;
#5772 = DIRECTION ( 'NONE',  ( 0.000000000000000000, 0.05060417746537784062, -0.9987187878592515000 ) ) ;
#5773 = ORIENTED_EDGE ( 'NONE', *, *, #4067, .F. ) ;
#5774 = CARTESIAN_POINT ( 'NONE',  ( 4.084999999999999964, -1.367711462112881859, 3.810000000000000053 ) ) ;
#5775 = FILL_AREA_STYLE_COLOUR ( '', #754 ) ;
#5776 =( GEOMETRIC_REPRESENTATION_CONTEXT ( 3 ) GLOBAL_UNCERTAINTY_ASSIGNED_CONTEXT ( ( #8163 ) ) GLOBAL_UNIT_ASSIGNED_CONTEXT ( ( #4642, #6036, #8830 ) ) REPRESENTATION_CONTEXT ( 'NONE', 'WORKASPACE' ) );
#5777 = EDGE_LOOP ( 'NONE', ( #7832, #4299, #633, #3625 ) ) ;
#5778 = MANIFOLD_SOLID_BREP ( 'LPattern1[2]', #8391 ) ;
#5779 = PRESENTATION_STYLE_ASSIGNMENT (( #7048 ) ) ;
#5780 = VERTEX_POINT ( 'NONE', #7692 ) ;
#5781 = DIRECTION ( 'NONE',  ( 0.000000000000000000, -0.7071067811865398012, -0.7071067811865552333 ) ) ;
#5782 = CARTESIAN_POINT ( 'NONE',  ( -0.5200000000000004619, -0.1898791645069245193, -3.750320303035187042 ) ) ;
#5783 = CIRCLE ( 'NONE', #1579, 0.09999999999999982514 ) ;
#5784 = EDGE_CURVE ( 'NONE', #8177, #3260, #3320, .T. ) ;
#5785 = DIRECTION ( 'NONE',  ( 0.000000000000000000, 0.000000000000000000, 1.000000000000000000 ) ) ;
#5786 = EDGE_LOOP ( 'NONE', ( #5472, #8570, #5618, #5501 ) ) ;
#5787 = VERTEX_POINT ( 'NONE', #2124 ) ;
#5788 = AXIS2_PLACEMENT_3D ( 'NONE', #8666, #1650, #3022 ) ;
#5789 = CARTESIAN_POINT ( 'NONE',  ( 4.309999999999999609, 4.649244398944980539, 0.6999999999999999556 ) ) ;
#5790 = CARTESIAN_POINT ( 'NONE',  ( -0.9950000000000002176, -1.700000000000000400, 3.350000000000000533 ) ) ;
#5791 =( NAMED_UNIT ( * ) SI_UNIT ( $, .STERADIAN. ) SOLID_ANGLE_UNIT ( ) );
#5792 = EDGE_CURVE ( 'NONE', #4859, #5201, #6379, .T. ) ;
#5793 = ADVANCED_FACE ( 'NONE', ( #3415 ), #3474, .F. ) ;
#5794 = DIRECTION ( 'NONE',  ( -0.000000000000000000, 0.7071067811865404673, -0.7071067811865545671 ) ) ;
#5795 = DIRECTION ( 'NONE',  ( -0.000000000000000000, -1.000000000000000000, -0.000000000000000000 ) ) ;
#5796 = DIRECTION ( 'NONE',  ( 1.000000000000000000, 0.000000000000000000, 0.000000000000000000 ) ) ;
#5797 = LINE ( 'NONE', #3522, #8778 ) ;
#5798 = ORIENTED_EDGE ( 'NONE', *, *, #233, .F. ) ;
#5799 = EDGE_CURVE ( 'NONE', #2862, #1089, #222, .T. ) ;
#5800 = STYLED_ITEM ( 'NONE', ( #5779 ), #7722 ) ;
#5801 = ORIENTED_EDGE ( 'NONE', *, *, #5515, .F. ) ;
#5802 = CARTESIAN_POINT ( 'NONE',  ( -0.5200000000000004619, -1.450000000000000178, 4.954999999999999183 ) ) ;
#5803 =( GEOMETRIC_REPRESENTATION_CONTEXT ( 3 ) GLOBAL_UNCERTAINTY_ASSIGNED_CONTEXT ( ( #5301 ) ) GLOBAL_UNIT_ASSIGNED_CONTEXT ( ( #3218, #3958, #4714 ) ) REPRESENTATION_CONTEXT ( 'NONE', 'WORKASPACE' ) );
#5804 = ORIENTED_EDGE ( 'NONE', *, *, #1056, .F. ) ;
#5805 = DIRECTION ( 'NONE',  ( -1.000000000000000000, -0.000000000000000000, 0.000000000000000000 ) ) ;
#5806 = FACE_OUTER_BOUND ( 'NONE', #6996, .T. ) ;
#5807 = ORIENTED_EDGE ( 'NONE', *, *, #7989, .F. ) ;
#5808 = CARTESIAN_POINT ( 'NONE',  ( -3.535000000000000142, -1.700000000000000400, 3.350000000000000533 ) ) ;
#5809 = DIRECTION ( 'NONE',  ( 0.000000000000000000, -0.9987187878592513890, 0.05060417746537783368 ) ) ;
#5810 = CYLINDRICAL_SURFACE ( 'NONE', #6168, 0.1000000000000011297 ) ;
#5811 = ADVANCED_FACE ( 'NONE', ( #3337 ), #8256, .F. ) ;
#5812 = SURFACE_STYLE_USAGE ( .BOTH. , #3270 ) ;
#5813 = CARTESIAN_POINT ( 'NONE',  ( 1.544999999999999929, -1.450000000000000178, -4.954999999999999183 ) ) ;
#5814 = DIRECTION ( 'NONE',  ( -0.000000000000000000, -1.000000000000000000, -0.000000000000000000 ) ) ;
#5815 = UNCERTAINTY_MEASURE_WITH_UNIT (LENGTH_MEASURE( 1.000000000000000082E-05 ), #3080, 'distance_accuracy_value', 'NONE');
#5816 = EDGE_CURVE ( 'NONE', #6365, #4592, #3252, .T. ) ;
#5817 = AXIS2_PLACEMENT_3D ( 'NONE', #2740, #3459, #4958 ) ;
#5818 = ORIENTED_EDGE ( 'NONE', *, *, #2296, .F. ) ;
#5819 = EDGE_CURVE ( 'NONE', #3015, #2078, #6455, .T. ) ;
#5820 = CARTESIAN_POINT ( 'NONE',  ( -1.545000000000000373, -0.1772281201405800644, -4.000000000000000000 ) ) ;
#5821 = MECHANICAL_DESIGN_GEOMETRIC_PRESENTATION_REPRESENTATION (  '', ( #4221 ), #7541 ) ;
#5822 = FILL_AREA_STYLE_COLOUR ( '', #2896 ) ;
#5823 = CARTESIAN_POINT ( 'NONE',  ( 2.019999999999999574, 0.2500000000000000000, -3.550576545463337119 ) ) ;
#5824 = ORIENTED_EDGE ( 'NONE', *, *, #4490, .F. ) ;
#5825 = FACE_OUTER_BOUND ( 'NONE', #1790, .T. ) ;
#5826 = EDGE_CURVE ( 'NONE', #936, #6626, #6278, .T. ) ;
#5827 =( LENGTH_UNIT ( ) NAMED_UNIT ( * ) SI_UNIT ( .MILLI., .METRE. ) );
#5828 = EDGE_LOOP ( 'NONE', ( #6898, #2769, #7974, #1554 ) ) ;
#5829 = DIRECTION ( 'NONE',  ( 1.000000000000000000, 0.000000000000000000, -0.000000000000000000 ) ) ;
#5830 = CARTESIAN_POINT ( 'NONE',  ( -3.060000000000000053, 0.2500000000000000000, 3.349999999999997424 ) ) ;
#5831 = ORIENTED_EDGE ( 'NONE', *, *, #2123, .T. ) ;
#5832 = LINE ( 'NONE', #237, #2661 ) ;
#5833 = AXIS2_PLACEMENT_3D ( 'NONE', #1382, #715, #1922 ) ;
#5834 = DIRECTION ( 'NONE',  ( -0.000000000000000000, -1.000000000000000000, -2.891205793294678326E-16 ) ) ;
#5835 = CARTESIAN_POINT ( 'NONE',  ( 2.019999999999999574, -0.2000000000000000111, -3.550576545463337119 ) ) ;
#5836 = FACE_OUTER_BOUND ( 'NONE', #5852, .T. ) ;
#5837 =( LENGTH_UNIT ( ) NAMED_UNIT ( * ) SI_UNIT ( .MILLI., .METRE. ) );
#5838 = EDGE_CURVE ( 'NONE', #2306, #8568, #6422, .T. ) ;
#5839 = ORIENTED_EDGE ( 'NONE', *, *, #3847, .F. ) ;
#5840 = VERTEX_POINT ( 'NONE', #6155 ) ;
#5841 = EDGE_LOOP ( 'NONE', ( #1482, #1869, #6619, #956 ) ) ;
#5842 = SPHERICAL_SURFACE ( 'NONE', #652, 0.1000000000000000056 ) ;
#5843 = AXIS2_PLACEMENT_3D ( 'NONE', #6302, #4306, #7802 ) ;
#5844 = ORIENTED_EDGE ( 'NONE', *, *, #3842, .T. ) ;
#5845 = DIRECTION ( 'NONE',  ( 0.000000000000000000, 0.000000000000000000, 1.000000000000000000 ) ) ;
#5846 = DIRECTION ( 'NONE',  ( -0.000000000000000000, -1.000000000000000000, -2.891205793294678326E-16 ) ) ;
#5847 = DIRECTION ( 'NONE',  ( -1.000000000000000000, -0.000000000000000000, 0.000000000000000000 ) ) ;
#5848 = CARTESIAN_POINT ( 'NONE',  ( -0.5200000000000004619, -1.349999999999999645, 4.159551575750739083 ) ) ;
#5849 = CARTESIAN_POINT ( 'NONE',  ( 5.815000000000000391, 2.000000000000000000, -2.349999999999999201 ) ) ;
#5850 = LINE ( 'NONE', #4180, #5613 ) ;
#5851 = EDGE_CURVE ( 'NONE', #4987, #1296, #6339, .T. ) ;
#5852 = EDGE_LOOP ( 'NONE', ( #7603, #7049, #6445, #961 ) ) ;
#5853 = ORIENTED_EDGE ( 'NONE', *, *, #882, .F. ) ;
#5854 = EDGE_CURVE ( 'NONE', #8960, #5302, #6567, .T. ) ;
#5855 = PLANE ( 'NONE',  #5111 ) ;
#5856 = VERTEX_POINT ( 'NONE', #3323 ) ;
#5857 = CARTESIAN_POINT ( 'NONE',  ( 1.544999999999999929, -1.349999999999999645, -4.159551575750739083 ) ) ;
#5858 = VECTOR ( 'NONE', #6448, 1000.000000000000000 ) ;
#5859 = ORIENTED_EDGE ( 'NONE', *, *, #8768, .T. ) ;
#5860 = ADVANCED_FACE ( 'NONE', ( #6260 ), #293, .T. ) ;
#5861 = VECTOR ( 'NONE', #2872, 1000.000000000000000 ) ;
#5862 =( NAMED_UNIT ( * ) PLANE_ANGLE_UNIT ( ) SI_UNIT ( $, .RADIAN. ) );
#5863 = FILL_AREA_STYLE ('',( #6691 ) ) ;
#5864 = SURFACE_STYLE_FILL_AREA ( #705 ) ;
#5865 = AXIS2_PLACEMENT_3D ( 'NONE', #8626, #2979, #8680 ) ;
#5866 = CARTESIAN_POINT ( 'NONE',  ( 0.6699999999999998179, 2.249999999999999112, 1.809999999999999831 ) ) ;
#5867 = CARTESIAN_POINT ( 'NONE',  ( 2.019999999999999574, 0.2500000000000000000, -3.349999999999997424 ) ) ;
#5868 = VERTEX_POINT ( 'NONE', #3949 ) ;
#5869 = VERTEX_POINT ( 'NONE', #7329 ) ;
#5870 = EDGE_CURVE ( 'NONE', #2737, #6220, #3293, .T. ) ;
#5871 = ORIENTED_EDGE ( 'NONE', *, *, #9141, .T. ) ;
#5872 = CARTESIAN_POINT ( 'NONE',  ( -3.535000000000000142, -1.355060417746537293, 4.059679696964812123 ) ) ;
#5873 = COLOUR_RGB ( '',1.000000000000000000, 1.000000000000000000, 0.5019607843137254832 ) ;
#5874 = AXIS2_PLACEMENT_3D ( 'NONE', #5848, #858, #1629 ) ;
#5875 = ORIENTED_EDGE ( 'NONE', *, *, #6076, .T. ) ;
#5876 = DIRECTION ( 'NONE',  ( -1.000000000000000000, -0.000000000000000000, 0.000000000000000000 ) ) ;
#5877 = EDGE_CURVE ( 'NONE', #5416, #6405, #6535, .T. ) ;
#5878 = VERTEX_POINT ( 'NONE', #188 ) ;
#5879 = EDGE_LOOP ( 'NONE', ( #3516, #3251, #6384, #6734 ) ) ;
#5880 = CARTESIAN_POINT ( 'NONE',  ( -3.209999999999999964, 2.249999999999999112, -0.6999999999999994005 ) ) ;
#5881 = DIRECTION ( 'NONE',  ( 1.000000000000000000, 0.000000000000000000, 0.000000000000000000 ) ) ;
#5882 = LINE ( 'NONE', #2362, #5858 ) ;
#5883 = DIRECTION ( 'NONE',  ( -1.000000000000000000, 4.565061778886337002E-16, 0.000000000000000000 ) ) ;
#5884 = LINE ( 'NONE', #2147, #5938 ) ;
#5885 = EDGE_CURVE ( 'NONE', #6618, #8903, #6496, .T. ) ;
#5886 = ADVANCED_FACE ( 'NONE', ( #3225 ), #1817, .F. ) ;
#5887 = AXIS2_PLACEMENT_3D ( 'NONE', #4645, #8556, #5750 ) ;
#5888 = EDGE_LOOP ( 'NONE', ( #1789, #5639, #4697, #2310 ) ) ;
#5889 = ORIENTED_EDGE ( 'NONE', *, *, #2828, .T. ) ;
#5890 = AXIS2_PLACEMENT_3D ( 'NONE', #7943, #2195, #671 ) ;
#5891 = CARTESIAN_POINT ( 'NONE',  ( 0.9949999999999997735, -1.700000000000000178, -4.954999999999999183 ) ) ;
#5892 = DIRECTION ( 'NONE',  ( 0.000000000000000000, 1.000000000000000000, 0.000000000000000000 ) ) ;
#5893 = ORIENTED_EDGE ( 'NONE', *, *, #2528, .T. ) ;
#5894 = FACE_OUTER_BOUND ( 'NONE', #8876, .T. ) ;
#5895 = ORIENTED_EDGE ( 'NONE', *, *, #2826, .F. ) ;
#5896 = VECTOR ( 'NONE', #382, 1000.000000000000000 ) ;
#5897 = DIRECTION ( 'NONE',  ( 1.000000000000000000, -0.000000000000000000, -0.000000000000000000 ) ) ;
#5898 = AXIS2_PLACEMENT_3D ( 'NONE', #7455, #8883, #5267 ) ;
#5899 = CARTESIAN_POINT ( 'NONE',  ( -3.060000000000000053, -1.355060417746537293, -4.059679696964812123 ) ) ;
#5900 = CARTESIAN_POINT ( 'NONE',  ( -5.309999999999999609, 2.500000000000000000, 1.800000000000000711 ) ) ;
#5901 = LINE ( 'NONE', #576, #5737 ) ;
#5902 = EDGE_LOOP ( 'NONE', ( #6921, #4501, #5438, #5859, #821, #9121, #8695, #7107 ) ) ;
#5903 = ORIENTED_EDGE ( 'NONE', *, *, #7513, .F. ) ;
#5904 = DIRECTION ( 'NONE',  ( 0.000000000000000000, 0.000000000000000000, -1.000000000000000000 ) ) ;
#5905 = FACE_OUTER_BOUND ( 'NONE', #8, .T. ) ;
#5906 = ORIENTED_EDGE ( 'NONE', *, *, #8443, .T. ) ;
#5907 = CARTESIAN_POINT ( 'NONE',  ( -1.770000000000000240, 1.999999999999999112, 0.5999999999999992006 ) ) ;
#5908 = CARTESIAN_POINT ( 'NONE',  ( 0.6699999999999998179, 2.249999999999999556, -1.810000000000000275 ) ) ;
#5909 = CARTESIAN_POINT ( 'NONE',  ( -0.5200000000000004619, -0.2000000000000000111, -3.550576545463337119 ) ) ;
#5910 = ORIENTED_EDGE ( 'NONE', *, *, #8459, .T. ) ;
#5911 = UNCERTAINTY_MEASURE_WITH_UNIT (LENGTH_MEASURE( 1.000000000000000082E-05 ), #5477, 'distance_accuracy_value', 'NONE');
#5912 = EDGE_CURVE ( 'NONE', #9016, #2708, #6509, .T. ) ;
#5913 = PLANE ( 'NONE',  #1524 ) ;
#5914 = DIRECTION ( 'NONE',  ( 0.000000000000000000, 0.000000000000000000, 1.000000000000000000 ) ) ;
#5915 = LINE ( 'NONE', #776, #8940 ) ;
#5916 = CARTESIAN_POINT ( 'NONE',  ( 3.209999999999999964, 2.499999999999999112, 2.060000000000005382 ) ) ;
#5917 = DIRECTION ( 'NONE',  ( 0.000000000000000000, 0.000000000000000000, 1.000000000000000000 ) ) ;
#5918 =( GEOMETRIC_REPRESENTATION_CONTEXT ( 3 ) GLOBAL_UNCERTAINTY_ASSIGNED_CONTEXT ( ( #5395 ) ) GLOBAL_UNIT_ASSIGNED_CONTEXT ( ( #9140, #5020, #697 ) ) REPRESENTATION_CONTEXT ( 'NONE', 'WORKASPACE' ) );
#5919 = CIRCLE ( 'NONE', #5439, 0.1999999999999996503 ) ;
#5920 = ORIENTED_EDGE ( 'NONE', *, *, #5264, .F. ) ;
#5921 = LINE ( 'NONE', #3822, #2928 ) ;
#5922 = EDGE_CURVE ( 'NONE', #1044, #5653, #122, .T. ) ;
#5923 = ORIENTED_EDGE ( 'NONE', *, *, #2988, .F. ) ;
#5924 = CARTESIAN_POINT ( 'NONE',  ( 4.410000000000000142, 1.999999999999999112, -0.7000000000000001776 ) ) ;
#5925 = ADVANCED_FACE ( 'NONE', ( #3469 ), #6783, .T. ) ;
#5926 = DIRECTION ( 'NONE',  ( 1.000000000000000000, -0.000000000000000000, -7.228014483236698528E-16 ) ) ;
#5927 = VECTOR ( 'NONE', #1680, 1000.000000000000000 ) ;
#5928 = CARTESIAN_POINT ( 'NONE',  ( 3.209999999999999964, 1.999999999999999112, 0.5999999999999992006 ) ) ;
#5929 = VECTOR ( 'NONE', #8037, 1000.000000000000000 ) ;
#5930 = EDGE_CURVE ( 'NONE', #8360, #6345, #7845, .T. ) ;
#5931 = PRODUCT_CONTEXT ( 'NONE', #3041, 'mechanical' ) ;
#5932 = FACE_OUTER_BOUND ( 'NONE', #510, .T. ) ;
#5933 = DIRECTION ( 'NONE',  ( 0.000000000000000000, 0.000000000000000000, -1.000000000000000000 ) ) ;
#5934 = VERTEX_POINT ( 'NONE', #8362 ) ;
#5935 =( GEOMETRIC_REPRESENTATION_CONTEXT ( 3 ) GLOBAL_UNCERTAINTY_ASSIGNED_CONTEXT ( ( #808 ) ) GLOBAL_UNIT_ASSIGNED_CONTEXT ( ( #2285, #8646, #1572 ) ) REPRESENTATION_CONTEXT ( 'NONE', 'WORKASPACE' ) );
#5936 =( NAMED_UNIT ( * ) PLANE_ANGLE_UNIT ( ) SI_UNIT ( $, .RADIAN. ) );
#5937 = DIRECTION ( 'NONE',  ( -0.7071067811865481278, -0.000000000000000000, -0.7071067811865469066 ) ) ;
#5938 = VECTOR ( 'NONE', #2778, 1000.000000000000000 ) ;
#5939 = EDGE_CURVE ( 'NONE', #2614, #6169, #3706, .T. ) ;
#5940 = LINE ( 'NONE', #7826, #9189 ) ;
#5941 = STYLED_ITEM ( 'NONE', ( #4223 ), #5059 ) ;
#5942 = DIRECTION ( 'NONE',  ( 0.000000000000000000, -0.9987187878592515000, -0.05060417746537709816 ) ) ;
#5943 = ADVANCED_FACE ( 'NONE', ( #3723 ), #726, .T. ) ;
#5944 = CARTESIAN_POINT ( 'NONE',  ( 3.060000000000000053, 0.2500000000000000000, 3.349999999999997424 ) ) ;
#5945 = VERTEX_POINT ( 'NONE', #1419 ) ;
#5946 = VERTEX_POINT ( 'NONE', #4347 ) ;
#5947 = EDGE_CURVE ( 'NONE', #7046, #6412, #3675, .T. ) ;
#5948 =( GEOMETRIC_REPRESENTATION_CONTEXT ( 3 ) GLOBAL_UNCERTAINTY_ASSIGNED_CONTEXT ( ( #5911 ) ) GLOBAL_UNIT_ASSIGNED_CONTEXT ( ( #5477, #8255, #499 ) ) REPRESENTATION_CONTEXT ( 'NONE', 'WORKASPACE' ) );
#5949 = ADVANCED_FACE ( 'NONE', ( #3646 ), #501, .T. ) ;
#5950 = ORIENTED_EDGE ( 'NONE', *, *, #2525, .F. ) ;
#5951 = CARTESIAN_POINT ( 'NONE',  ( -4.410000000000000142, 2.249999999999999556, -1.810000000000000275 ) ) ;
#5952 = DIRECTION ( 'NONE',  ( 1.000000000000000000, 0.000000000000000000, 0.000000000000000000 ) ) ;
#5953 = DIRECTION ( 'NONE',  ( -1.000000000000000000, -0.000000000000000000, -0.000000000000000000 ) ) ;
#5954 = CARTESIAN_POINT ( 'NONE',  ( 2.019999999999999574, -0.2000000000000000111, -3.550576545463337119 ) ) ;
#5955 = VECTOR ( 'NONE', #3128, 1000.000000000000000 ) ;
#5956 = EDGE_CURVE ( 'NONE', #8532, #2524, #538, .T. ) ;
#5957 = AXIS2_PLACEMENT_3D ( 'NONE', #2118, #988, #4690 ) ;
#5958 = ADVANCED_FACE ( 'NONE', ( #3858 ), #3374, .F. ) ;
#5959 = ORIENTED_EDGE ( 'NONE', *, *, #3435, .F. ) ;
#5960 = EDGE_LOOP ( 'NONE', ( #7712, #7500, #591 ) ) ;
#5961 = CARTESIAN_POINT ( 'NONE',  ( -3.310000000000000497, 2.780000000000000249, 0.5999999999999993117 ) ) ;
#5962 = FILL_AREA_STYLE_COLOUR ( '', #6518 ) ;
#5963 = CYLINDRICAL_SURFACE ( 'NONE', #8937, 0.1999999999999996503 ) ;
#5964 = AXIS2_PLACEMENT_3D ( 'NONE', #8201, #7395, #4024 ) ;
#5965 = ORIENTED_EDGE ( 'NONE', *, *, #8855, .T. ) ;
#5966 = DIRECTION ( 'NONE',  ( -1.000000000000000000, -0.000000000000000000, -0.000000000000000000 ) ) ;
#5967 = LINE ( 'NONE', #7445, #9033 ) ;
#5968 = LINE ( 'NONE', #874, #6113 ) ;
#5969 = ADVANCED_FACE ( 'NONE', ( #6665 ), #8416, .F. ) ;
#5970 = FILL_AREA_STYLE_COLOUR ( '', #303 ) ;
#5971 = CARTESIAN_POINT ( 'NONE',  ( -1.545000000000000373, -1.355060417746537293, 4.059679696964812123 ) ) ;
#5972 = COLOUR_RGB ( '',1.000000000000000000, 1.000000000000000000, 0.5019607843137254832 ) ;
#5973 = CARTESIAN_POINT ( 'NONE',  ( -4.559999999999999609, 0.2500000000000000000, -3.349999999999997424 ) ) ;
#5974 = EDGE_CURVE ( 'NONE', #3127, #4987, #6606, .T. ) ;
#5975 = AXIS2_PLACEMENT_3D ( 'NONE', #791, #7317, #1576 ) ;
#5976 = CARTESIAN_POINT ( 'NONE',  ( -3.535000000000000142, -1.367711462112881859, -3.810000000000000053 ) ) ;
#5977 = SURFACE_STYLE_USAGE ( .BOTH. , #5333 ) ;
#5978 = ORIENTED_EDGE ( 'NONE', *, *, #5816, .T. ) ;
#5979 = EDGE_LOOP ( 'NONE', ( #6890, #6183, #4026 ) ) ;
#5980 = AXIS2_PLACEMENT_3D ( 'NONE', #5751, #4992, #8558 ) ;
#5981 = VECTOR ( 'NONE', #2373, 1000.000000000000000 ) ;
#5982 = ORIENTED_EDGE ( 'NONE', *, *, #7743, .F. ) ;
#5983 = DIRECTION ( 'NONE',  ( 0.000000000000000000, -1.000000000000000000, 0.000000000000000000 ) ) ;
#5984 = EDGE_CURVE ( 'NONE', #4683, #2708, #6872, .T. ) ;
#5985 = FILL_AREA_STYLE_COLOUR ( '', #655 ) ;
#5986 = LINE ( 'NONE', #2603, #9008 ) ;
#5987 = FACE_OUTER_BOUND ( 'NONE', #728, .T. ) ;
#5988 = ORIENTED_EDGE ( 'NONE', *, *, #2964, .F. ) ;
#5989 = DIRECTION ( 'NONE',  ( 0.000000000000000000, -1.000000000000000000, 0.000000000000000000 ) ) ;
#5990 = EDGE_CURVE ( 'NONE', #5685, #3127, #6681, .T. ) ;
#5991 = STYLED_ITEM ( 'NONE', ( #4084 ), #8345 ) ;
#5992 = ORIENTED_EDGE ( 'NONE', *, *, #3168, .F. ) ;
#5993 = LINE ( 'NONE', #8571, #2816 ) ;
#5994 = PLANE ( 'NONE',  #4808 ) ;
#5995 = EDGE_LOOP ( 'NONE', ( #7988, #9078, #8009, #2957 ) ) ;
#5996 = DIRECTION ( 'NONE',  ( -1.000000000000000000, -0.000000000000000000, -0.000000000000000000 ) ) ;
#5997 = CARTESIAN_POINT ( 'NONE',  ( -3.060000000000000053, -0.2000000000000000111, 3.550576545463337119 ) ) ;
#5998 = FILL_AREA_STYLE_COLOUR ( '', #4121 ) ;
#5999 = DIRECTION ( 'NONE',  ( 1.000000000000000000, -0.000000000000000000, 0.000000000000000000 ) ) ;
#6000 = PRESENTATION_LAYER_ASSIGNMENT (  '', '', ( #6340 ) ) ;
#6001 = LINE ( 'NONE', #3096, #8951 ) ;
#6002 = VERTEX_POINT ( 'NONE', #3634 ) ;
#6003 = FACE_OUTER_BOUND ( 'NONE', #840, .T. ) ;
#6004 = CIRCLE ( 'NONE', #7964, 0.3500000000000004774 ) ;
#6005 = CARTESIAN_POINT ( 'NONE',  ( -0.5200000000000004619, 0.2500000000000000000, 3.349999999999997424 ) ) ;
#6006 = CIRCLE ( 'NONE', #703, 0.3500000000000004774 ) ;
#6007 =( LENGTH_UNIT ( ) NAMED_UNIT ( * ) SI_UNIT ( .MILLI., .METRE. ) );
#6008 = DIRECTION ( 'NONE',  ( 0.000000000000000000, 0.000000000000000000, -1.000000000000000000 ) ) ;
#6009 = ORIENTED_EDGE ( 'NONE', *, *, #1277, .T. ) ;
#6010 = AXIS2_PLACEMENT_3D ( 'NONE', #4327, #2951, #866 ) ;
#6011 = VECTOR ( 'NONE', #5288, 1000.000000000000000 ) ;
#6012 = ORIENTED_EDGE ( 'NONE', *, *, #1677, .F. ) ;
#6013 = DIRECTION ( 'NONE',  ( 0.000000000000000000, -0.7071067811865398012, -0.7071067811865552333 ) ) ;
#6014 = CARTESIAN_POINT ( 'NONE',  ( -3.209999999999999964, 1.999999999999999112, 0.5999999999999990896 ) ) ;
#6015 = VECTOR ( 'NONE', #1686, 1000.000000000000000 ) ;
#6016 = CARTESIAN_POINT ( 'NONE',  ( -4.309999999999999609, 2.880000000000000338, 0.5999999999999994227 ) ) ;
#6017 = CARTESIAN_POINT ( 'NONE',  ( -4.559999999999999609, -0.2000000000000000111, 3.550576545463337119 ) ) ;
#6018 = EDGE_CURVE ( 'NONE', #1284, #4721, #620, .T. ) ;
#6019 = FACE_OUTER_BOUND ( 'NONE', #590, .T. ) ;
#6020 = LINE ( 'NONE', #6504, #6274 ) ;
#6021 = DIRECTION ( 'NONE',  ( -0.000000000000000000, -1.000000000000000000, -2.891205793294678326E-16 ) ) ;
#6022 = ORIENTED_EDGE ( 'NONE', *, *, #3314, .T. ) ;
#6023 = ORIENTED_EDGE ( 'NONE', *, *, #6722, .F. ) ;
#6024 = EDGE_LOOP ( 'NONE', ( #701, #3792, #5025, #818, #7286, #3846, #571, #602 ) ) ;
#6025 = DIRECTION ( 'NONE',  ( 0.000000000000000000, 0.05060417746537784062, -0.9987187878592515000 ) ) ;
#6026 = CIRCLE ( 'NONE', #5628, 0.1000000000000011297 ) ;
#6027 = VERTEX_POINT ( 'NONE', #7084 ) ;
#6028 = DIRECTION ( 'NONE',  ( 0.000000000000000000, 0.000000000000000000, -1.000000000000000000 ) ) ;
#6029 = UNCERTAINTY_MEASURE_WITH_UNIT (LENGTH_MEASURE( 1.000000000000000082E-05 ), #7043, 'distance_accuracy_value', 'NONE');
#6030 = EDGE_CURVE ( 'NONE', #5646, #6500, #6620, .T. ) ;
#6031 = VECTOR ( 'NONE', #5237, 1000.000000000000000 ) ;
#6032 = ADVANCED_FACE ( 'NONE', ( #638 ), #9127, .F. ) ;
#6033 = ORIENTED_EDGE ( 'NONE', *, *, #8328, .T. ) ;
#6034 = SURFACE_STYLE_USAGE ( .BOTH. , #8477 ) ;
#6035 = EDGE_CURVE ( 'NONE', #6526, #8606, #3821, .T. ) ;
#6036 =( NAMED_UNIT ( * ) PLANE_ANGLE_UNIT ( ) SI_UNIT ( $, .RADIAN. ) );
#6037 = PRESENTATION_LAYER_ASSIGNMENT (  '', '', ( #7658 ) ) ;
#6038 = PRESENTATION_STYLE_ASSIGNMENT (( #2363 ) ) ;
#6039 = CARTESIAN_POINT ( 'NONE',  ( 1.769999999999999352, 2.780000000000000249, 0.5999999999999993117 ) ) ;
#6040 = CARTESIAN_POINT ( 'NONE',  ( 1.544999999999999929, -1.150000000000000355, 3.798968757172755062 ) ) ;
#6041 = VECTOR ( 'NONE', #2593, 1000.000000000000000 ) ;
#6042 = CARTESIAN_POINT ( 'NONE',  ( 4.559999999999999609, -0.1772281201405800644, -4.000000000000000000 ) ) ;
#6043 =( NAMED_UNIT ( * ) SI_UNIT ( $, .STERADIAN. ) SOLID_ANGLE_UNIT ( ) );
#6044 = EDGE_CURVE ( 'NONE', #2985, #2886, #3578, .T. ) ;
#6045 = ORIENTED_EDGE ( 'NONE', *, *, #2932, .T. ) ;
#6046 = LINE ( 'NONE', #4410, #2850 ) ;
#6047 = ORIENTED_EDGE ( 'NONE', *, *, #1307, .T. ) ;
#6048 = AXIS2_PLACEMENT_3D ( 'NONE', #6474, #7229, #7969 ) ;
#6049 = VERTEX_POINT ( 'NONE', #2667 ) ;
#6050 = DIRECTION ( 'NONE',  ( 0.000000000000000000, 0.000000000000000000, 1.000000000000000000 ) ) ;
#6051 = PRESENTATION_STYLE_ASSIGNMENT (( #4201 ) ) ;
#6052 = CARTESIAN_POINT ( 'NONE',  ( -0.5200000000000004619, -0.1772281201405800644, 4.000000000000000000 ) ) ;
#6053 = ADVANCED_FACE ( 'NONE', ( #554 ), #6284, .F. ) ;
#6054 = CARTESIAN_POINT ( 'NONE',  ( -0.5200000000000004619, -1.700000000000000178, -4.159551575750739083 ) ) ;
#6055 = ORIENTED_EDGE ( 'NONE', *, *, #6401, .T. ) ;
#6056 = ORIENTED_EDGE ( 'NONE', *, *, #1328, .F. ) ;
#6057 = EDGE_CURVE ( 'NONE', #4938, #8295, #474, .T. ) ;
#6058 = CARTESIAN_POINT ( 'NONE',  ( -3.060000000000000053, -0.2000000000000000111, -3.550576545463337119 ) ) ;
#6059 = ORIENTED_EDGE ( 'NONE', *, *, #5838, .F. ) ;
#6060 = CARTESIAN_POINT ( 'NONE',  ( 4.410000000000000142, 2.499999999999999112, 2.060000000000005382 ) ) ;
#6061 =( NAMED_UNIT ( * ) PLANE_ANGLE_UNIT ( ) SI_UNIT ( $, .RADIAN. ) );
#6062 = CARTESIAN_POINT ( 'NONE',  ( -0.6700000000000004841, 1.999999999999999112, 0.5999999999999990896 ) ) ;
#6063 = LINE ( 'NONE', #6644, #6096 ) ;
#6064 = ORIENTED_EDGE ( 'NONE', *, *, #5799, .F. ) ;
#6065 = VECTOR ( 'NONE', #5692, 1000.000000000000000 ) ;
#6066 = LINE ( 'NONE', #2343, #6127 ) ;
#6067 = VECTOR ( 'NONE', #2897, 1000.000000000000000 ) ;
#6068 = ORIENTED_EDGE ( 'NONE', *, *, #7311, .F. ) ;
#6069 = FILL_AREA_STYLE ('',( #6865 ) ) ;
#6070 = LINE ( 'NONE', #1457, #9071 ) ;
#6071 = EDGE_CURVE ( 'NONE', #579, #6981, #581, .T. ) ;
#6072 = CARTESIAN_POINT ( 'NONE',  ( 2.019999999999999574, -1.700000000000000178, 4.159551575750739083 ) ) ;
#6073 = ORIENTED_EDGE ( 'NONE', *, *, #1627, .F. ) ;
#6074 = EDGE_LOOP ( 'NONE', ( #6012, #7577, #5119, #7609 ) ) ;
#6075 = LINE ( 'NONE', #2853, #2831 ) ;
#6076 = EDGE_CURVE ( 'NONE', #6723, #8160, #3689, .T. ) ;
#6077 = AXIS2_PLACEMENT_3D ( 'NONE', #2419, #2364, #193 ) ;
#6078 = AXIS2_PLACEMENT_3D ( 'NONE', #2439, #3835, #2386 ) ;
#6079 = ORIENTED_EDGE ( 'NONE', *, *, #2484, .T. ) ;
#6080 = DIRECTION ( 'NONE',  ( -0.000000000000000000, 0.000000000000000000, 1.000000000000000000 ) ) ;
#6081 = SURFACE_SIDE_STYLE ('',( #3525 ) ) ;
#6082 = ADVANCED_FACE ( 'NONE', ( #6835 ), #6906, .T. ) ;
#6083 = DIRECTION ( 'NONE',  ( -1.000000000000000000, -0.000000000000000000, -0.000000000000000000 ) ) ;
#6084 = DIRECTION ( 'NONE',  ( 1.000000000000000000, 0.000000000000000000, -0.000000000000000000 ) ) ;
#6085 = VECTOR ( 'NONE', #7704, 1000.000000000000000 ) ;
#6086 = VECTOR ( 'NONE', #3657, 1000.000000000000114 ) ;
#6087 = LINE ( 'NONE', #8892, #9124 ) ;
#6088 = CARTESIAN_POINT ( 'NONE',  ( 4.309999999999999609, 2.780000000000000249, 0.5999999999999993117 ) ) ;
#6089 = PRESENTATION_STYLE_ASSIGNMENT (( #7818 ) ) ;
#6090 = AXIS2_PLACEMENT_3D ( 'NONE', #3540, #4330, #2955 ) ;
#6091 = ORIENTED_EDGE ( 'NONE', *, *, #7894, .T. ) ;
#6092 = CARTESIAN_POINT ( 'NONE',  ( 4.559999999999999609, -0.1772281201405800644, -4.000000000000000000 ) ) ;
#6093 = LINE ( 'NONE', #5928, #8970 ) ;
#6094 = DIRECTION ( 'NONE',  ( 0.000000000000000000, -0.000000000000000000, 1.000000000000000000 ) ) ;
#6095 = DIRECTION ( 'NONE',  ( 0.000000000000000000, 0.000000000000000000, 1.000000000000000000 ) ) ;
#6096 = VECTOR ( 'NONE', #8731, 1000.000000000000114 ) ;
#6097 = AXIS2_PLACEMENT_3D ( 'NONE', #7179, #8053, #7869 ) ;
#6098 = VERTEX_POINT ( 'NONE', #7212 ) ;
#6099 = FILL_AREA_STYLE ('',( #7655 ) ) ;
#6100 = VECTOR ( 'NONE', #1399, 1000.000000000000000 ) ;
#6101 = DIRECTION ( 'NONE',  ( 0.000000000000000000, -0.9987187878592515000, -0.05060417746537710509 ) ) ;
#6102 = DIRECTION ( 'NONE',  ( -4.565061778886337002E-16, 1.000000000000000000, 0.000000000000000000 ) ) ;
#6103 = DIRECTION ( 'NONE',  ( -1.000000000000000000, 0.000000000000000000, 0.000000000000000000 ) ) ;
#6104 = VECTOR ( 'NONE', #3246, 1000.000000000000000 ) ;
#6105 = ADVANCED_FACE ( 'NONE', ( #6922 ), #2429, .F. ) ;
#6106 = DIRECTION ( 'NONE',  ( -0.000000000000000000, -1.000000000000000000, -2.891205793294678326E-16 ) ) ;
#6107 = EDGE_CURVE ( 'NONE', #1636, #4798, #763, .T. ) ;
#6108 = ORIENTED_EDGE ( 'NONE', *, *, #2742, .F. ) ;
#6109 = ORIENTED_EDGE ( 'NONE', *, *, #6942, .F. ) ;
#6110 = CARTESIAN_POINT ( 'NONE',  ( -3.209999999999999964, 2.249999999999999112, 1.809999999999999831 ) ) ;
#6111 = AXIS2_PLACEMENT_3D ( 'NONE', #917, #8299, #3061 ) ;
#6112 = DIRECTION ( 'NONE',  ( 0.000000000000000000, -0.9987187878592515000, -0.05060417746537710509 ) ) ;
#6113 = VECTOR ( 'NONE', #4648, 1000.000000000000000 ) ;
#6114 = VERTEX_POINT ( 'NONE', #1660 ) ;
#6115 = CARTESIAN_POINT ( 'NONE',  ( -4.559999999999999609, -1.150000000000000133, -3.550576545463337119 ) ) ;
#6116 = VECTOR ( 'NONE', #5352, 1000.000000000000000 ) ;
#6117 = AXIS2_PLACEMENT_3D ( 'NONE', #2922, #8371, #4157 ) ;
#6118 = ORIENTED_EDGE ( 'NONE', *, *, #4962, .F. ) ;
#6119 = ORIENTED_EDGE ( 'NONE', *, *, #8364, .T. ) ;
#6120 = PLANE ( 'NONE',  #6153 ) ;
#6121 = EDGE_LOOP ( 'NONE', ( #1193, #900, #7418, #7436 ) ) ;
#6122 = DIRECTION ( 'NONE',  ( 0.000000000000000000, 0.000000000000000000, 1.000000000000000000 ) ) ;
#6123 = DIRECTION ( 'NONE',  ( 0.000000000000000000, -1.000000000000000000, 2.602085213965212614E-15 ) ) ;
#6124 = CARTESIAN_POINT ( 'NONE',  ( -4.559999999999999609, -0.2000000000000000111, 3.550576545463337119 ) ) ;
#6125 = CARTESIAN_POINT ( 'NONE',  ( -4.309999999999999609, 4.649244398944980539, 0.1000000000000000611 ) ) ;
#6126 = FACE_OUTER_BOUND ( 'NONE', #3519, .T. ) ;
#6127 = VECTOR ( 'NONE', #6733, 1000.000000000000000 ) ;
#6128 = LINE ( 'NONE', #7599, #9210 ) ;
#6129 = AXIS2_PLACEMENT_3D ( 'NONE', #4854, #405, #3410 ) ;
#6130 = CARTESIAN_POINT ( 'NONE',  ( -3.310000000000000497, 1.999999999999999112, 0.5999999999999990896 ) ) ;
#6131 = DIRECTION ( 'NONE',  ( -1.000000000000000000, 0.000000000000000000, 0.000000000000000000 ) ) ;
#6132 = ORIENTED_EDGE ( 'NONE', *, *, #7700, .F. ) ;
#6133 = ORIENTED_EDGE ( 'NONE', *, *, #2599, .T. ) ;
#6134 =( LENGTH_UNIT ( ) NAMED_UNIT ( * ) SI_UNIT ( .MILLI., .METRE. ) );
#6135 = EDGE_CURVE ( 'NONE', #1417, #8772, #4191, .T. ) ;
#6136 = FILL_AREA_STYLE_COLOUR ( '', #6243 ) ;
#6137 = FILL_AREA_STYLE_COLOUR ( '', #388 ) ;
#6138 = DIRECTION ( 'NONE',  ( 1.000000000000000000, 0.000000000000000000, 0.000000000000000000 ) ) ;
#6139 = CARTESIAN_POINT ( 'NONE',  ( -0.9950000000000002176, -1.150000000000000355, -3.798968757172755062 ) ) ;
#6140 = LINE ( 'NONE', #6387, #3171 ) ;
#6141 = VERTEX_POINT ( 'NONE', #3098 ) ;
#6142 = EDGE_CURVE ( 'NONE', #2261, #1807, #7150, .T. ) ;
#6143 = SPHERICAL_SURFACE ( 'NONE', #7521, 0.1000000000000000056 ) ;
#6144 = DIRECTION ( 'NONE',  ( -0.000000000000000000, -1.000000000000000000, -2.891205793294678326E-16 ) ) ;
#6145 = ORIENTED_EDGE ( 'NONE', *, *, #7656, .T. ) ;
#6146 = CYLINDRICAL_SURFACE ( 'NONE', #4481, 0.1999999999999996503 ) ;
#6147 = UNCERTAINTY_MEASURE_WITH_UNIT (LENGTH_MEASURE( 1.000000000000000082E-05 ), #1398, 'distance_accuracy_value', 'NONE');
#6148 = AXIS2_PLACEMENT_3D ( 'NONE', #1962, #1068, #1695 ) ;
#6149 = EDGE_LOOP ( 'NONE', ( #4579, #7664, #85 ) ) ;
#6150 = EDGE_CURVE ( 'NONE', #7219, #1179, #4371, .T. ) ;
#6151 = DIRECTION ( 'NONE',  ( -0.000000000000000000, -0.000000000000000000, 1.000000000000000000 ) ) ;
#6152 = PRESENTATION_STYLE_ASSIGNMENT (( #206 ) ) ;
#6153 = AXIS2_PLACEMENT_3D ( 'NONE', #1312, #3521, #2053 ) ;
#6154 =( NAMED_UNIT ( * ) PLANE_ANGLE_UNIT ( ) SI_UNIT ( $, .RADIAN. ) );
#6155 = CARTESIAN_POINT ( 'NONE',  ( -3.535000000000000142, -1.700000000000000400, 4.954999999999999183 ) ) ;
#6156 = SURFACE_SIDE_STYLE ('',( #5555 ) ) ;
#6157 = EDGE_CURVE ( 'NONE', #5760, #6880, #4340, .T. ) ;
#6158 = CARTESIAN_POINT ( 'NONE',  ( 2.019999999999999574, -0.2000000000000000111, -3.550576545463337119 ) ) ;
#6159 = FACE_OUTER_BOUND ( 'NONE', #1615, .T. ) ;
#6160 = LINE ( 'NONE', #3331, #6258 ) ;
#6161 = VERTEX_POINT ( 'NONE', #7282 ) ;
#6162 =( NAMED_UNIT ( * ) PLANE_ANGLE_UNIT ( ) SI_UNIT ( $, .RADIAN. ) );
#6163 = CARTESIAN_POINT ( 'NONE',  ( 0.9949999999999997735, -1.700000000000000178, 3.350000000000000533 ) ) ;
#6164 = CARTESIAN_POINT ( 'NONE',  ( -4.084999999999999964, -1.450000000000000178, 4.954999999999999183 ) ) ;
#6165 = CARTESIAN_POINT ( 'NONE',  ( 4.084999999999999964, -1.349999999999999645, -4.159551575750739083 ) ) ;
#6166 = PLANE ( 'NONE',  #4849 ) ;
#6167 = CARTESIAN_POINT ( 'NONE',  ( -3.060000000000000053, -0.1772281201405800644, 4.000000000000000000 ) ) ;
#6168 = AXIS2_PLACEMENT_3D ( 'NONE', #1371, #4426, #5151 ) ;
#6169 = VERTEX_POINT ( 'NONE', #958 ) ;
#6170 = ADVANCED_FACE ( 'NONE', ( #4311 ), #5286, .F. ) ;
#6171 = FACE_OUTER_BOUND ( 'NONE', #1826, .T. ) ;
#6172 = EDGE_CURVE ( 'NONE', #6327, #4432, #4240, .T. ) ;
#6173 = CIRCLE ( 'NONE', #5843, 0.1000000000000000472 ) ;
#6174 = DIRECTION ( 'NONE',  ( 1.000000000000000000, 4.565061778886337988E-16, 2.313075504410461447E-17 ) ) ;
#6175 = VECTOR ( 'NONE', #8818, 1000.000000000000000 ) ;
#6176 = CARTESIAN_POINT ( 'NONE',  ( -3.060000000000000053, -0.1772281201405800644, -4.000000000000000000 ) ) ;
#6177 = FACE_OUTER_BOUND ( 'NONE', #2652, .T. ) ;
#6178 = CYLINDRICAL_SURFACE ( 'NONE', #6555, 0.3500000000000004774 ) ;
#6179 = EDGE_CURVE ( 'NONE', #1402, #2159, #1227, .T. ) ;
#6180 = ORIENTED_EDGE ( 'NONE', *, *, #1737, .F. ) ;
#6181 = VECTOR ( 'NONE', #597, 1000.000000000000000 ) ;
#6182 = ADVANCED_FACE ( 'NONE', ( #4124 ), #4662, .F. ) ;
#6183 = ORIENTED_EDGE ( 'NONE', *, *, #1663, .F. ) ;
#6184 = ORIENTED_EDGE ( 'NONE', *, *, #2127, .F. ) ;
#6185 = ORIENTED_EDGE ( 'NONE', *, *, #6866, .F. ) ;
#6186 = CIRCLE ( 'NONE', #3641, 0.09999999999999982514 ) ;
#6187 = CARTESIAN_POINT ( 'NONE',  ( -3.535000000000000142, -1.700000000000000400, 4.954999999999999183 ) ) ;
#6188 = ORIENTED_EDGE ( 'NONE', *, *, #4116, .T. ) ;
#6189 = DIRECTION ( 'NONE',  ( 0.000000000000000000, 0.000000000000000000, -1.000000000000000000 ) ) ;
#6190 = DIRECTION ( 'NONE',  ( 0.000000000000000000, 0.000000000000000000, -1.000000000000000000 ) ) ;
#6191 = FILL_AREA_STYLE_COLOUR ( '', #771 ) ;
#6192 = EDGE_CURVE ( 'NONE', #6776, #2122, #7194, .T. ) ;
#6193 = ADVANCED_FACE ( 'NONE', ( #6939 ), #7265, .F. ) ;
#6194 = LINE ( 'NONE', #4506, #3155 ) ;
#6195 = SURFACE_STYLE_FILL_AREA ( #5468 ) ;
#6196 = ORIENTED_EDGE ( 'NONE', *, *, #1662, .F. ) ;
#6197 = ORIENTED_EDGE ( 'NONE', *, *, #860, .T. ) ;
#6198 = PLANE ( 'NONE',  #2132 ) ;
#6199 = CYLINDRICAL_SURFACE ( 'NONE', #7066, 0.4500000000000002887 ) ;
#6200 = EDGE_CURVE ( 'NONE', #200, #1966, #7284, .T. ) ;
#6201 = PLANE ( 'NONE',  #4322 ) ;
#6202 = ORIENTED_EDGE ( 'NONE', *, *, #2338, .T. ) ;
#6203 = LINE ( 'NONE', #6917, #6297 ) ;
#6204 = DIRECTION ( 'NONE',  ( -1.000000000000000000, -0.000000000000000000, 0.000000000000000000 ) ) ;
#6205 = ORIENTED_EDGE ( 'NONE', *, *, #3490, .T. ) ;
#6206 = PLANE ( 'NONE',  #9007 ) ;
#6207 = STYLED_ITEM ( 'NONE', ( #2463 ), #632 ) ;
#6208 = CARTESIAN_POINT ( 'NONE',  ( -2.020000000000000018, 0.000000000000000000, -3.550576545463337119 ) ) ;
#6209 = CARTESIAN_POINT ( 'NONE',  ( -1.870000000000000107, 2.780000000000000249, 0.09999999999999951983 ) ) ;
#6210 = CIRCLE ( 'NONE', #2297, 0.1999999999999996503 ) ;
#6211 = CIRCLE ( 'NONE', #7267, 0.1000000000000000472 ) ;
#6212 = CARTESIAN_POINT ( 'NONE',  ( 1.869999999999999662, 2.780000000000000249, 0.09999999999999940881 ) ) ;
#6213 = LINE ( 'NONE', #1109, #6041 ) ;
#6214 = EDGE_CURVE ( 'NONE', #2159, #5869, #981, .T. ) ;
#6215 = AXIS2_PLACEMENT_3D ( 'NONE', #2137, #2839, #745 ) ;
#6216 = ORIENTED_EDGE ( 'NONE', *, *, #7574, .F. ) ;
#6217 = ORIENTED_EDGE ( 'NONE', *, *, #6044, .T. ) ;
#6218 = ORIENTED_EDGE ( 'NONE', *, *, #5930, .F. ) ;
#6219 = DIRECTION ( 'NONE',  ( 0.000000000000000000, 0.9987187878592515000, 0.05060417746537709816 ) ) ;
#6220 = VERTEX_POINT ( 'NONE', #5030 ) ;
#6221 = CARTESIAN_POINT ( 'NONE',  ( 3.310000000000000053, 2.780000000000000249, 0.09999999999999951983 ) ) ;
#6222 = CARTESIAN_POINT ( 'NONE',  ( 4.559999999999999609, -1.349999999999999645, -4.159551575750739083 ) ) ;
#6223 = ORIENTED_EDGE ( 'NONE', *, *, #6408, .T. ) ;
#6224 = CARTESIAN_POINT ( 'NONE',  ( 2.020000000000000462, -1.150000000000000133, -3.798968757172755062 ) ) ;
#6225 = CARTESIAN_POINT ( 'NONE',  ( -1.870000000000000107, 2.499999999999999556, -2.060000000000005382 ) ) ;
#6226 = LINE ( 'NONE', #6804, #5955 ) ;
#6227 = ORIENTED_EDGE ( 'NONE', *, *, #2650, .T. ) ;
#6228 = CARTESIAN_POINT ( 'NONE',  ( -4.559999999999999609, -1.150000000000000133, 3.798968757172755062 ) ) ;
#6229 = DIRECTION ( 'NONE',  ( 0.000000000000000000, 0.000000000000000000, -1.000000000000000000 ) ) ;
#6230 =( NAMED_UNIT ( * ) PLANE_ANGLE_UNIT ( ) SI_UNIT ( $, .RADIAN. ) );
#6231 = CARTESIAN_POINT ( 'NONE',  ( 0.9949999999999997735, -1.450000000000000178, 4.159551575750739083 ) ) ;
#6232 = EDGE_CURVE ( 'NONE', #4683, #3817, #1243, .T. ) ;
#6233 = VERTEX_POINT ( 'NONE', #8438 ) ;
#6234 = ORIENTED_EDGE ( 'NONE', *, *, #133, .F. ) ;
#6235 = ORIENTED_EDGE ( 'NONE', *, *, #2680, .T. ) ;
#6236 = STYLED_ITEM ( 'NONE', ( #8087 ), #7109 ) ;
#6237 = SURFACE_STYLE_FILL_AREA ( #5143 ) ;
#6238 = ORIENTED_EDGE ( 'NONE', *, *, #2580, .F. ) ;
#6239 = STYLED_ITEM ( 'NONE', ( #6913 ), #3074 ) ;
#6240 = CARTESIAN_POINT ( 'NONE',  ( -4.309999999999999609, 2.880000000000000338, 0.09999999999999949207 ) ) ;
#6241 = ADVANCED_FACE ( 'NONE', ( #1100 ), #9075, .F. ) ;
#6242 = DIRECTION ( 'NONE',  ( 4.565061778886337002E-16, 1.000000000000000000, 0.000000000000000000 ) ) ;
#6243 = COLOUR_RGB ( '',1.000000000000000000, 1.000000000000000000, 0.5019607843137254832 ) ;
#6244 = LINE ( 'NONE', #9002, #678 ) ;
#6245 = ORIENTED_EDGE ( 'NONE', *, *, #5819, .F. ) ;
#6246 = ORIENTED_EDGE ( 'NONE', *, *, #5527, .T. ) ;
#6247 = ORIENTED_EDGE ( 'NONE', *, *, #8039, .T. ) ;
#6248 = CARTESIAN_POINT ( 'NONE',  ( -3.060000000000000053, 0.000000000000000000, 3.349999999999997424 ) ) ;
#6249 = ORIENTED_EDGE ( 'NONE', *, *, #7815, .F. ) ;
#6250 = CARTESIAN_POINT ( 'NONE',  ( 4.084999999999999964, -0.1898791645069245193, -3.750320303035187042 ) ) ;
#6251 = CARTESIAN_POINT ( 'NONE',  ( 3.209999999999999964, 2.249999999999999556, -1.810000000000000275 ) ) ;
#6252 = DIRECTION ( 'NONE',  ( 0.000000000000000000, -0.000000000000000000, 1.000000000000000000 ) ) ;
#6253 = DIRECTION ( 'NONE',  ( 0.000000000000000000, -0.9987187878592513890, 0.05060417746537783368 ) ) ;
#6254 = ORIENTED_EDGE ( 'NONE', *, *, #4467, .T. ) ;
#6255 = COLOUR_RGB ( '',0.7921568627450980005, 0.8196078431372548767, 0.9333333333333333481 ) ;
#6256 = FACE_OUTER_BOUND ( 'NONE', #6604, .T. ) ;
#6257 = AXIS2_PLACEMENT_3D ( 'NONE', #5164, #5671, #8703 ) ;
#6258 = VECTOR ( 'NONE', #835, 1000.000000000000000 ) ;
#6259 = ORIENTED_EDGE ( 'NONE', *, *, #8475, .T. ) ;
#6260 = FACE_OUTER_BOUND ( 'NONE', #280, .T. ) ;
#6261 = PRODUCT ( '219-4MST', '219-4MST', '', ( #1029 ) ) ;
#6262 = CARTESIAN_POINT ( 'NONE',  ( -2.020000000000000018, -0.2000000000000000111, 3.550576545463337119 ) ) ;
#6263 = EDGE_CURVE ( 'NONE', #8295, #5620, #4226, .T. ) ;
#6264 = VERTEX_POINT ( 'NONE', #6052 ) ;
#6265 = EDGE_CURVE ( 'NONE', #993, #5603, #1085, .T. ) ;
#6266 = CARTESIAN_POINT ( 'NONE',  ( -4.309999999999999609, 2.780000000000000249, 0.5999999999999994227 ) ) ;
#6267 = ADVANCED_FACE ( 'NONE', ( #4061 ), #1374, .F. ) ;
#6268 = ORIENTED_EDGE ( 'NONE', *, *, #5147, .T. ) ;
#6269 = CARTESIAN_POINT ( 'NONE',  ( -3.060000000000000053, -1.150000000000000133, -3.350000000000000533 ) ) ;
#6270 = CARTESIAN_POINT ( 'NONE',  ( 2.019999999999999574, -0.1898791645069245193, 3.750320303035187042 ) ) ;
#6271 = CARTESIAN_POINT ( 'NONE',  ( -4.918553390593271679, 2.500000000000000888, 3.246446609406726136 ) ) ;
#6272 = DIRECTION ( 'NONE',  ( -0.000000000000000000, 1.000000000000000000, -0.000000000000000000 ) ) ;
#6273 = DIRECTION ( 'NONE',  ( 1.000000000000000000, 0.000000000000000000, 0.000000000000000000 ) ) ;
#6274 = VECTOR ( 'NONE', #249, 1000.000000000000000 ) ;
#6275 =( NAMED_UNIT ( * ) SI_UNIT ( $, .STERADIAN. ) SOLID_ANGLE_UNIT ( ) );
#6276 = ORIENTED_EDGE ( 'NONE', *, *, #8535, .T. ) ;
#6277 = AXIS2_PLACEMENT_3D ( 'NONE', #7356, #3981, #212 ) ;
#6278 = LINE ( 'NONE', #5908, #246 ) ;
#6279 = ORIENTED_EDGE ( 'NONE', *, *, #6293, .F. ) ;
#6280 = EDGE_CURVE ( 'NONE', #4309, #1197, #7228, .T. ) ;
#6281 = CARTESIAN_POINT ( 'NONE',  ( -0.5200000000000004619, -1.150000000000000133, 3.798968757172755062 ) ) ;
#6282 = EDGE_LOOP ( 'NONE', ( #8709, #2686, #456, #2007 ) ) ;
#6283 = FILL_AREA_STYLE ('',( #5822 ) ) ;
#6284 = PLANE ( 'NONE',  #8227 ) ;
#6285 = ORIENTED_EDGE ( 'NONE', *, *, #8252, .T. ) ;
#6286 = CARTESIAN_POINT ( 'NONE',  ( -0.7700000000000006839, 2.780000000000000249, 0.000000000000000000 ) ) ;
#6287 = CARTESIAN_POINT ( 'NONE',  ( -4.084999999999999964, -1.349999999999999645, 4.159551575750739083 ) ) ;
#6288 = LINE ( 'NONE', #741, #3317 ) ;
#6289 = SPHERICAL_SURFACE ( 'NONE', #3261, 0.1000000000000000056 ) ;
#6290 = ORIENTED_EDGE ( 'NONE', *, *, #7151, .T. ) ;
#6291 = CARTESIAN_POINT ( 'NONE',  ( 1.544999999999999929, -1.367711462112881859, 3.810000000000000053 ) ) ;
#6292 = DIRECTION ( 'NONE',  ( -0.000000000000000000, -0.000000000000000000, 1.000000000000000000 ) ) ;
#6293 = EDGE_CURVE ( 'NONE', #1807, #5757, #7165, .T. ) ;
#6294 = DIRECTION ( 'NONE',  ( 1.000000000000000000, -0.000000000000000000, -1.734723475976807094E-15 ) ) ;
#6295 = VECTOR ( 'NONE', #5029, 1000.000000000000000 ) ;
#6296 = DIRECTION ( 'NONE',  ( -0.000000000000000000, -1.000000000000000000, -2.891205793294678326E-16 ) ) ;
#6297 = VECTOR ( 'NONE', #4727, 1000.000000000000000 ) ;
#6298 = VERTEX_POINT ( 'NONE', #5497 ) ;
#6299 = ADVANCED_FACE ( 'NONE', ( #1157 ), #4834, .F. ) ;
#6300 = EDGE_CURVE ( 'NONE', #6859, #5076, #915, .T. ) ;
#6301 = MECHANICAL_DESIGN_GEOMETRIC_PRESENTATION_REPRESENTATION (  '', ( #5656 ), #270 ) ;
#6302 = CARTESIAN_POINT ( 'NONE',  ( -1.770000000000000240, 2.780000000000000249, 0.09999999999999951983 ) ) ;
#6303 = DIRECTION ( 'NONE',  ( 0.000000000000000000, 0.000000000000000000, 1.000000000000000000 ) ) ;
#6304 = EDGE_CURVE ( 'NONE', #6002, #4859, #4355, .T. ) ;
#6305 = ORIENTED_EDGE ( 'NONE', *, *, #9156, .T. ) ;
#6306 = VERTEX_POINT ( 'NONE', #2581 ) ;
#6307 = CARTESIAN_POINT ( 'NONE',  ( 4.559999999999999609, -1.450000000000000178, -4.159551575750739083 ) ) ;
#6308 = DIRECTION ( 'NONE',  ( 0.000000000000000000, 0.000000000000000000, -1.000000000000000000 ) ) ;
#6309 = FILL_AREA_STYLE_COLOUR ( '', #5873 ) ;
#6310 = DIRECTION ( 'NONE',  ( 0.000000000000000000, 0.000000000000000000, -1.000000000000000000 ) ) ;
#6311 = CARTESIAN_POINT ( 'NONE',  ( -3.060000000000000053, -0.1772281201405800644, -4.000000000000000000 ) ) ;
#6312 = CARTESIAN_POINT ( 'NONE',  ( 0.7699999999999997957, 2.780000000000000249, 0.09999999999999951983 ) ) ;
#6313 = DIRECTION ( 'NONE',  ( 0.000000000000000000, 0.000000000000000000, -1.000000000000000000 ) ) ;
#6314 = EDGE_CURVE ( 'NONE', #3366, #3729, #7250, .T. ) ;
#6315 = VERTEX_POINT ( 'NONE', #383 ) ;
#6316 = AXIS2_PLACEMENT_3D ( 'NONE', #5506, #6252, #7870 ) ;
#6317 = CIRCLE ( 'NONE', #3444, 0.1000000000000000472 ) ;
#6318 = CYLINDRICAL_SURFACE ( 'NONE', #9213, 0.1000000000000001582 ) ;
#6319 = LINE ( 'NONE', #4621, #9190 ) ;
#6320 = ORIENTED_EDGE ( 'NONE', *, *, #9094, .T. ) ;
#6321 = AXIS2_PLACEMENT_3D ( 'NONE', #2403, #8247, #5315 ) ;
#6322 = DIRECTION ( 'NONE',  ( 0.000000000000000000, 0.000000000000000000, -1.000000000000000000 ) ) ;
#6323 = VECTOR ( 'NONE', #8395, 1000.000000000000000 ) ;
#6324 = DIRECTION ( 'NONE',  ( 1.000000000000000000, 0.000000000000000000, 0.000000000000000000 ) ) ;
#6325 = ORIENTED_EDGE ( 'NONE', *, *, #1110, .T. ) ;
#6326 = STYLED_ITEM ( 'NONE', ( #3557 ), #60 ) ;
#6327 = VERTEX_POINT ( 'NONE', #520 ) ;
#6328 = DIRECTION ( 'NONE',  ( 0.000000000000000000, -1.000000000000000000, 0.000000000000000000 ) ) ;
#6329 = SURFACE_SIDE_STYLE ('',( #6195 ) ) ;
#6330 = CARTESIAN_POINT ( 'NONE',  ( -0.5200000000000013500, -1.150000000000000799, 3.798968757172755062 ) ) ;
#6331 = DIRECTION ( 'NONE',  ( 0.000000000000000000, 0.000000000000000000, 1.000000000000000000 ) ) ;
#6332 = DIRECTION ( 'NONE',  ( 0.000000000000000000, 0.000000000000000000, -1.000000000000000000 ) ) ;
#6333 = EDGE_CURVE ( 'NONE', #6298, #7756, #1014, .T. ) ;
#6334 =( GEOMETRIC_REPRESENTATION_CONTEXT ( 3 ) GLOBAL_UNCERTAINTY_ASSIGNED_CONTEXT ( ( #5815 ) ) GLOBAL_UNIT_ASSIGNED_CONTEXT ( ( #3080, #3018, #3808 ) ) REPRESENTATION_CONTEXT ( 'NONE', 'WORKASPACE' ) );
#6335 = SURFACE_STYLE_USAGE ( .BOTH. , #6506 ) ;
#6336 = VECTOR ( 'NONE', #3615, 1000.000000000000000 ) ;
#6337 = CIRCLE ( 'NONE', #7765, 0.09999999999999993616 ) ;
#6338 = ORIENTED_EDGE ( 'NONE', *, *, #194, .F. ) ;
#6339 = LINE ( 'NONE', #6821, #3371 ) ;
#6340 = STYLED_ITEM ( 'NONE', ( #3865 ), #2890 ) ;
#6341 = ORIENTED_EDGE ( 'NONE', *, *, #4810, .F. ) ;
#6342 = ORIENTED_EDGE ( 'NONE', *, *, #5655, .F. ) ;
#6343 = CARTESIAN_POINT ( 'NONE',  ( -0.5199999999999995737, -1.150000000000000133, 4.049289471110532723 ) ) ;
#6344 = LINE ( 'NONE', #831, #184 ) ;
#6345 = VERTEX_POINT ( 'NONE', #2046 ) ;
#6346 = CARTESIAN_POINT ( 'NONE',  ( 4.084999999999999964, -1.355060417746537293, 4.059679696964812123 ) ) ;
#6347 = DIRECTION ( 'NONE',  ( 0.000000000000000000, 0.000000000000000000, 1.000000000000000000 ) ) ;
#6348 = ADVANCED_FACE ( 'NONE', ( #4172 ), #4042, .F. ) ;
#6349 = DIRECTION ( 'NONE',  ( 0.000000000000000000, -2.891205793294678326E-16, 1.000000000000000000 ) ) ;
#6350 = FACE_OUTER_BOUND ( 'NONE', #2879, .T. ) ;
#6351 = AXIS2_PLACEMENT_3D ( 'NONE', #8445, #6988, #6369 ) ;
#6352 = ORIENTED_EDGE ( 'NONE', *, *, #1753, .T. ) ;
#6353 = CARTESIAN_POINT ( 'NONE',  ( -3.310000000000000497, 1.999999999999999112, 0.09999999999999917288 ) ) ;
#6354 = DIRECTION ( 'NONE',  ( -1.000000000000000000, 0.000000000000000000, 0.000000000000000000 ) ) ;
#6355 = PLANE ( 'NONE',  #7677 ) ;
#6356 = EDGE_LOOP ( 'NONE', ( #6245, #6259, #3681, #3527 ) ) ;
#6357 = ORIENTED_EDGE ( 'NONE', *, *, #8515, .T. ) ;
#6358 = FACE_OUTER_BOUND ( 'NONE', #3929, .T. ) ;
#6359 = EDGE_LOOP ( 'NONE', ( #3721, #7111, #7468, #100 ) ) ;
#6360 = DIRECTION ( 'NONE',  ( -0.000000000000000000, -0.000000000000000000, 1.000000000000000000 ) ) ;
#6361 = DIRECTION ( 'NONE',  ( -0.000000000000000000, -1.000000000000000000, -0.000000000000000000 ) ) ;
#6362 = SURFACE_STYLE_FILL_AREA ( #2894 ) ;
#6363 = ORIENTED_EDGE ( 'NONE', *, *, #1753, .F. ) ;
#6364 = AXIS2_PLACEMENT_3D ( 'NONE', #4616, #7916, #8587 ) ;
#6365 = VERTEX_POINT ( 'NONE', #4168 ) ;
#6366 = ORIENTED_EDGE ( 'NONE', *, *, #8871, .F. ) ;
#6367 = CARTESIAN_POINT ( 'NONE',  ( -3.310000000000000497, 4.649244398944980539, 0.6999999999999999556 ) ) ;
#6368 = DIRECTION ( 'NONE',  ( 1.000000000000000000, 0.000000000000000000, 0.000000000000000000 ) ) ;
#6369 = DIRECTION ( 'NONE',  ( 0.000000000000000000, 0.000000000000000000, 1.000000000000000000 ) ) ;
#6370 = VERTEX_POINT ( 'NONE', #3392 ) ;
#6371 = AXIS2_PLACEMENT_3D ( 'NONE', #1101, #1244, #3236 ) ;
#6372 = UNCERTAINTY_MEASURE_WITH_UNIT (LENGTH_MEASURE( 1.000000000000000082E-05 ), #1516, 'distance_accuracy_value', 'NONE');
#6373 = ADVANCED_FACE ( 'NONE', ( #4255 ), #1439, .F. ) ;
#6374 = CARTESIAN_POINT ( 'NONE',  ( -0.5200000000000004619, -0.1898791645069245193, 3.750320303035187042 ) ) ;
#6375 = CARTESIAN_POINT ( 'NONE',  ( -1.870000000000000107, 1.999999999999999112, 0.6999999999999998446 ) ) ;
#6376 = FILL_AREA_STYLE ('',( #5673 ) ) ;
#6377 = EDGE_CURVE ( 'NONE', #751, #660, #1263, .T. ) ;
#6378 = VECTOR ( 'NONE', #2360, 1000.000000000000114 ) ;
#6379 = LINE ( 'NONE', #5050, #6323 ) ;
#6380 = CARTESIAN_POINT ( 'NONE',  ( -4.084999999999999964, -1.150000000000000355, 4.049289471110532723 ) ) ;
#6381 = DIRECTION ( 'NONE',  ( 1.000000000000000000, 0.000000000000000000, 0.000000000000000000 ) ) ;
#6382 = ORIENTED_EDGE ( 'NONE', *, *, #4786, .T. ) ;
#6383 = VECTOR ( 'NONE', #2582, 1000.000000000000000 ) ;
#6384 = ORIENTED_EDGE ( 'NONE', *, *, #8708, .F. ) ;
#6385 = DIRECTION ( 'NONE',  ( -0.000000000000000000, -1.000000000000000000, -0.000000000000000000 ) ) ;
#6386 = AXIS2_PLACEMENT_3D ( 'NONE', #1429, #2791, #7907 ) ;
#6387 = CARTESIAN_POINT ( 'NONE',  ( -1.870000000000000107, 1.999999999999999112, 0.5999999999999992006 ) ) ;
#6388 = DIRECTION ( 'NONE',  ( -0.000000000000000000, 0.000000000000000000, 1.000000000000000000 ) ) ;
#6389 = ADVANCED_FACE ( 'NONE', ( #4046 ), #5723, .F. ) ;
#6390 = VECTOR ( 'NONE', #3543, 1000.000000000000000 ) ;
#6391 = DIRECTION ( 'NONE',  ( 0.000000000000000000, 0.9987187878592513890, 0.05060417746537783368 ) ) ;
#6392 = SURFACE_STYLE_USAGE ( .BOTH. , #5695 ) ;
#6393 = EDGE_CURVE ( 'NONE', #7046, #2424, #1174, .T. ) ;
#6394 = AXIS2_PLACEMENT_3D ( 'NONE', #6772, #7544, #7611 ) ;
#6395 = ORIENTED_EDGE ( 'NONE', *, *, #6514, .T. ) ;
#6396 = ORIENTED_EDGE ( 'NONE', *, *, #5930, .T. ) ;
#6397 = LINE ( 'NONE', #6231, #3284 ) ;
#6398 = ORIENTED_EDGE ( 'NONE', *, *, #8384, .F. ) ;
#6399 = CARTESIAN_POINT ( 'NONE',  ( 3.310000000000000053, 2.780000000000000249, 0.6999999999999995115 ) ) ;
#6400 = DIRECTION ( 'NONE',  ( -1.000000000000000000, -0.000000000000000000, 0.000000000000000000 ) ) ;
#6401 = EDGE_CURVE ( 'NONE', #3248, #9119, #7116, .T. ) ;
#6402 = DIRECTION ( 'NONE',  ( -0.000000000000000000, -0.000000000000000000, -1.000000000000000000 ) ) ;
#6403 = FACE_OUTER_BOUND ( 'NONE', #9047, .T. ) ;
#6404 = FACE_OUTER_BOUND ( 'NONE', #2321, .T. ) ;
#6405 = VERTEX_POINT ( 'NONE', #42 ) ;
#6406 = DIRECTION ( 'NONE',  ( -0.000000000000000000, -0.000000000000000000, -1.000000000000000000 ) ) ;
#6407 = APPLICATION_PROTOCOL_DEFINITION ( 'draft international standard', 'automotive_design', 1998, #6650 ) ;
#6408 = EDGE_CURVE ( 'NONE', #9063, #4920, #4092, .T. ) ;
#6409 = STYLED_ITEM ( 'NONE', ( #5000 ), #9072 ) ;
#6410 = FILL_AREA_STYLE ('',( #4886 ) ) ;
#6411 = FILL_AREA_STYLE ('',( #5775 ) ) ;
#6412 = VERTEX_POINT ( 'NONE', #9214 ) ;
#6413 = VECTOR ( 'NONE', #5539, 1000.000000000000114 ) ;
#6414 = ORIENTED_EDGE ( 'NONE', *, *, #1254, .T. ) ;
#6415 = DIRECTION ( 'NONE',  ( 0.000000000000000000, 0.000000000000000000, -1.000000000000000000 ) ) ;
#6416 = DIRECTION ( 'NONE',  ( 0.000000000000000000, 0.000000000000000000, 1.000000000000000000 ) ) ;
#6417 = AXIS2_PLACEMENT_3D ( 'NONE', #5769, #9196, #7841 ) ;
#6418 = LINE ( 'NONE', #3677, #3367 ) ;
#6419 = VECTOR ( 'NONE', #5159, 1000.000000000000000 ) ;
#6420 = VECTOR ( 'NONE', #3930, 1000.000000000000000 ) ;
#6421 = ORIENTED_EDGE ( 'NONE', *, *, #6529, .T. ) ;
#6422 = LINE ( 'NONE', #8939, #264 ) ;
#6423 = EDGE_CURVE ( 'NONE', #8532, #6534, #7214, .T. ) ;
#6424 = AXIS2_PLACEMENT_3D ( 'NONE', #6736, #3859, #8246 ) ;
#6425 = ORIENTED_EDGE ( 'NONE', *, *, #8231, .T. ) ;
#6426 = DIRECTION ( 'NONE',  ( 0.000000000000000000, -0.7071067811865552333, 0.7071067811865398012 ) ) ;
#6427 = DIRECTION ( 'NONE',  ( 0.000000000000000000, 0.000000000000000000, -1.000000000000000000 ) ) ;
#6428 = ORIENTED_EDGE ( 'NONE', *, *, #343, .T. ) ;
#6429 = CARTESIAN_POINT ( 'NONE',  ( 3.535000000000000142, -1.355060417746537293, 4.059679696964812123 ) ) ;
#6430 = CARTESIAN_POINT ( 'NONE',  ( 0.5200000000000000178, -1.150000000000000133, -3.350000000000000533 ) ) ;
#6431 = CARTESIAN_POINT ( 'NONE',  ( -4.559999999999999609, 0.2500000000000000000, -3.349999999999997424 ) ) ;
#6432 = DIRECTION ( 'NONE',  ( 1.000000000000000000, 0.000000000000000000, -7.457968512368043882E-17 ) ) ;
#6433 = CIRCLE ( 'NONE', #889, 0.3500000000000004774 ) ;
#6434 = EDGE_CURVE ( 'NONE', #2177, #8945, #1065, .T. ) ;
#6435 = ORIENTED_EDGE ( 'NONE', *, *, #5147, .F. ) ;
#6436 = SURFACE_SIDE_STYLE ('',( #7917 ) ) ;
#6437 = CARTESIAN_POINT ( 'NONE',  ( 4.559999999999999609, -1.349999999999999645, 4.159551575750739083 ) ) ;
#6438 = EDGE_LOOP ( 'NONE', ( #6395, #3749, #3906, #6609 ) ) ;
#6439 = VERTEX_POINT ( 'NONE', #3711 ) ;
#6440 = EDGE_CURVE ( 'NONE', #2306, #3978, #4274, .T. ) ;
#6441 = AXIS2_PLACEMENT_3D ( 'NONE', #2029, #1143, #2622 ) ;
#6442 = ORIENTED_EDGE ( 'NONE', *, *, #1098, .T. ) ;
#6443 = ADVANCED_FACE ( 'NONE', ( #4295 ), #7518, .T. ) ;
#6444 = DIRECTION ( 'NONE',  ( 0.000000000000000000, -0.000000000000000000, -1.000000000000000000 ) ) ;
#6445 = ORIENTED_EDGE ( 'NONE', *, *, #416, .T. ) ;
#6446 = FILL_AREA_STYLE ('',( #5970 ) ) ;
#6447 = AXIS2_PLACEMENT_3D ( 'NONE', #1125, #6273, #9115 ) ;
#6448 = DIRECTION ( 'NONE',  ( 1.000000000000000000, -0.000000000000000000, -0.000000000000000000 ) ) ;
#6449 = DIRECTION ( 'NONE',  ( -1.000000000000000000, -0.000000000000000000, -0.000000000000000000 ) ) ;
#6450 =( NAMED_UNIT ( * ) PLANE_ANGLE_UNIT ( ) SI_UNIT ( $, .RADIAN. ) );
#6451 = LINE ( 'NONE', #1005, #6336 ) ;
#6452 = LINE ( 'NONE', #5789, #575 ) ;
#6453 = CARTESIAN_POINT ( 'NONE',  ( 0.6699999999999998179, 2.249999999999999112, -0.6999999999999994005 ) ) ;
#6454 = ORIENTED_EDGE ( 'NONE', *, *, #5564, .F. ) ;
#6455 = LINE ( 'NONE', #4639, #3479 ) ;
#6456 = ORIENTED_EDGE ( 'NONE', *, *, #1936, .F. ) ;
#6457 = DIRECTION ( 'NONE',  ( -4.565061778886337002E-16, 1.000000000000000000, 0.000000000000000000 ) ) ;
#6458 = CYLINDRICAL_SURFACE ( 'NONE', #966, 0.1000000000000001582 ) ;
#6459 = VERTEX_POINT ( 'NONE', #1676 ) ;
#6460 = DIRECTION ( 'NONE',  ( 0.000000000000000000, -0.000000000000000000, -1.000000000000000000 ) ) ;
#6461 = PRESENTATION_LAYER_ASSIGNMENT (  '', '', ( #6236 ) ) ;
#6462 = DIRECTION ( 'NONE',  ( 0.000000000000000000, 0.000000000000000000, -1.000000000000000000 ) ) ;
#6463 = LINE ( 'NONE', #179, #301 ) ;
#6464 = VERTEX_POINT ( 'NONE', #5153 ) ;
#6465 = CARTESIAN_POINT ( 'NONE',  ( 1.219727444046191718E-17, 2.780000000000000249, 0.09999999999999989453 ) ) ;
#6466 = CARTESIAN_POINT ( 'NONE',  ( 3.060000000000000053, -0.1898791645069244916, 3.750320303035187042 ) ) ;
#6467 = ORIENTED_EDGE ( 'NONE', *, *, #8708, .T. ) ;
#6468 = ORIENTED_EDGE ( 'NONE', *, *, #1766, .T. ) ;
#6469 = ADVANCED_FACE ( 'NONE', ( #7531 ), #4515, .T. ) ;
#6470 = FACE_OUTER_BOUND ( 'NONE', #3636, .T. ) ;
#6471 = VERTEX_POINT ( 'NONE', #2395 ) ;
#6472 = AXIS2_PLACEMENT_3D ( 'NONE', #7838, #2263, #6347 ) ;
#6473 = ORIENTED_EDGE ( 'NONE', *, *, #6214, .T. ) ;
#6474 = CARTESIAN_POINT ( 'NONE',  ( 2.019999999999999574, -0.2000000000000000111, -3.550576545463337119 ) ) ;
#6475 = CARTESIAN_POINT ( 'NONE',  ( 3.209999999999999964, 1.999999999999999112, 0.09999999999999928391 ) ) ;
#6476 = CARTESIAN_POINT ( 'NONE',  ( 2.019999999999999574, -1.349999999999999645, -4.159551575750739083 ) ) ;
#6477 = ORIENTED_EDGE ( 'NONE', *, *, #2096, .T. ) ;
#6478 =( GEOMETRIC_REPRESENTATION_CONTEXT ( 3 ) GLOBAL_UNCERTAINTY_ASSIGNED_CONTEXT ( ( #4988 ) ) GLOBAL_UNIT_ASSIGNED_CONTEXT ( ( #82, #814, #2308 ) ) REPRESENTATION_CONTEXT ( 'NONE', 'WORKASPACE' ) );
#6479 = VECTOR ( 'NONE', #998, 1000.000000000000000 ) ;
#6480 = UNCERTAINTY_MEASURE_WITH_UNIT (LENGTH_MEASURE( 1.000000000000000082E-05 ), #5176, 'distance_accuracy_value', 'NONE');
#6481 = ORIENTED_EDGE ( 'NONE', *, *, #4300, .T. ) ;
#6482 = ORIENTED_EDGE ( 'NONE', *, *, #8847, .T. ) ;
#6483 = CARTESIAN_POINT ( 'NONE',  ( -5.565000000000000391, 2.500000000000000000, 2.600000000000000533 ) ) ;
#6484 = EDGE_CURVE ( 'NONE', #7146, #862, #1369, .T. ) ;
#6485 = LINE ( 'NONE', #8428, #3296 ) ;
#6486 = CARTESIAN_POINT ( 'NONE',  ( -0.9950000000000002176, -1.700000000000000400, -4.159551575750739083 ) ) ;
#6487 = FILL_AREA_STYLE ('',( #6309 ) ) ;
#6488 = ORIENTED_EDGE ( 'NONE', *, *, #9045, .T. ) ;
#6489 = FILL_AREA_STYLE_COLOUR ( '', #7999 ) ;
#6490 = CARTESIAN_POINT ( 'NONE',  ( -4.559999999999999609, -1.150000000000000133, -3.798968757172755062 ) ) ;
#6491 = MANIFOLD_SOLID_BREP ( 'LPattern1[4]', #572 ) ;
#6492 = CARTESIAN_POINT ( 'NONE',  ( 4.559999999999999609, -0.2000000000000000111, 3.550576545463337119 ) ) ;
#6493 = VERTEX_POINT ( 'NONE', #3055 ) ;
#6494 = PRESENTATION_LAYER_ASSIGNMENT (  '', '', ( #7323 ) ) ;
#6495 = ORIENTED_EDGE ( 'NONE', *, *, #1117, .F. ) ;
#6496 = LINE ( 'NONE', #6685, #3452 ) ;
#6497 = DIRECTION ( 'NONE',  ( 0.000000000000000000, 1.000000000000000000, 2.891205793294678326E-16 ) ) ;
#6498 = DIRECTION ( 'NONE',  ( 0.000000000000000000, 0.000000000000000000, -1.000000000000000000 ) ) ;
#6499 = PRESENTATION_STYLE_ASSIGNMENT (( #7961 ) ) ;
#6500 = VERTEX_POINT ( 'NONE', #3781 ) ;
#6501 = EDGE_CURVE ( 'NONE', #2122, #1044, #4560, .T. ) ;
#6502 = CARTESIAN_POINT ( 'NONE',  ( -1.870000000000000107, 2.499999999999999112, 2.060000000000005382 ) ) ;
#6503 = SURFACE_SIDE_STYLE ('',( #2990 ) ) ;
#6504 = CARTESIAN_POINT ( 'NONE',  ( 3.535000000000000142, -1.150000000000000355, -3.350000000000000533 ) ) ;
#6505 = CARTESIAN_POINT ( 'NONE',  ( 1.769999999999999352, 1.999999999999999112, -8.673617379884035472E-16 ) ) ;
#6506 = SURFACE_SIDE_STYLE ('',( #4429 ) ) ;
#6507 = DIRECTION ( 'NONE',  ( 0.000000000000000000, 0.000000000000000000, 1.000000000000000000 ) ) ;
#6508 = ORIENTED_EDGE ( 'NONE', *, *, #3394, .T. ) ;
#6509 = CIRCLE ( 'NONE', #7427, 0.1000000000000001582 ) ;
#6510 = ORIENTED_EDGE ( 'NONE', *, *, #3286, .T. ) ;
#6511 = DIRECTION ( 'NONE',  ( 1.000000000000000000, -0.000000000000000000, -2.168404344971009854E-16 ) ) ;
#6512 = ADVANCED_FACE ( 'NONE', ( #4469 ), #976, .F. ) ;
#6513 = DIRECTION ( 'NONE',  ( -0.000000000000000000, -0.000000000000000000, 1.000000000000000000 ) ) ;
#6514 = EDGE_CURVE ( 'NONE', #3027, #1811, #7416, .T. ) ;
#6515 = PRESENTATION_LAYER_ASSIGNMENT (  '', '', ( #6999 ) ) ;
#6516 = EDGE_LOOP ( 'NONE', ( #8386, #8846, #2609, #8411, #9096, #3166, #8507, #8590 ) ) ;
#6517 = PLANE ( 'NONE',  #2042 ) ;
#6518 = COLOUR_RGB ( '',1.000000000000000000, 1.000000000000000000, 0.5019607843137254832 ) ;
#6519 =( LENGTH_UNIT ( ) NAMED_UNIT ( * ) SI_UNIT ( .MILLI., .METRE. ) );
#6520 = PLANE ( 'NONE',  #2442 ) ;
#6521 = DIRECTION ( 'NONE',  ( -0.000000000000000000, -1.000000000000000000, 0.000000000000000000 ) ) ;
#6522 = CARTESIAN_POINT ( 'NONE',  ( 4.559999999999999609, -0.1898791645069244916, 3.750320303035187042 ) ) ;
#6523 = ORIENTED_EDGE ( 'NONE', *, *, #6570, .F. ) ;
#6524 = STYLED_ITEM ( 'NONE', ( #6152 ), #661 ) ;
#6525 = LINE ( 'NONE', #6587, #6642 ) ;
#6526 = VERTEX_POINT ( 'NONE', #8973 ) ;
#6527 = FILL_AREA_STYLE_COLOUR ( '', #5570 ) ;
#6528 = ADVANCED_FACE ( 'NONE', ( #4483 ), #8396, .F. ) ;
#6529 = EDGE_CURVE ( 'NONE', #3398, #8568, #4400, .T. ) ;
#6530 = AXIS2_PLACEMENT_3D ( 'NONE', #8332, #1103, #1854 ) ;
#6531 = DIRECTION ( 'NONE',  ( -1.000000000000000000, 0.000000000000000000, 0.000000000000000000 ) ) ;
#6532 = FACE_OUTER_BOUND ( 'NONE', #8905, .T. ) ;
#6533 = CARTESIAN_POINT ( 'NONE',  ( 3.209999999999999964, 2.499999999999999556, -2.060000000000005382 ) ) ;
#6534 = VERTEX_POINT ( 'NONE', #8922 ) ;
#6535 = LINE ( 'NONE', #2459, #325 ) ;
#6536 = ORIENTED_EDGE ( 'NONE', *, *, #7651, .F. ) ;
#6537 = CARTESIAN_POINT ( 'NONE',  ( -3.060000000000000053, -1.700000000000000178, 4.954999999999999183 ) ) ;
#6538 = ADVANCED_FACE ( 'NONE', ( #1397 ), #7548, .T. ) ;
#6539 = VECTOR ( 'NONE', #1665, 1000.000000000000000 ) ;
#6540 = ORIENTED_EDGE ( 'NONE', *, *, #2127, .T. ) ;
#6541 = SURFACE_SIDE_STYLE ('',( #7753 ) ) ;
#6542 = EDGE_CURVE ( 'NONE', #5689, #7892, #7597, .T. ) ;
#6543 = CARTESIAN_POINT ( 'NONE',  ( -2.020000000000000018, 0.2500000000000000000, 3.349999999999997424 ) ) ;
#6544 = CARTESIAN_POINT ( 'NONE',  ( -4.084999999999999964, -1.349999999999999645, -4.159551575750739083 ) ) ;
#6545 = CARTESIAN_POINT ( 'NONE',  ( -1.545000000000000373, -1.450000000000000178, -4.159551575750739083 ) ) ;
#6546 = ORIENTED_EDGE ( 'NONE', *, *, #3397, .T. ) ;
#6547 = SURFACE_STYLE_FILL_AREA ( #6446 ) ;
#6548 = AXIS2_PLACEMENT_3D ( 'NONE', #2068, #4257, #6131 ) ;
#6549 = EDGE_LOOP ( 'NONE', ( #3158, #406, #2773, #3078, #6133, #9028 ) ) ;
#6550 = VECTOR ( 'NONE', #8713, 1000.000000000000000 ) ;
#6551 = CARTESIAN_POINT ( 'NONE',  ( -1.545000000000000373, -1.367711462112881859, -3.810000000000000053 ) ) ;
#6552 = ORIENTED_EDGE ( 'NONE', *, *, #2156, .T. ) ;
#6553 = DIRECTION ( 'NONE',  ( 0.000000000000000000, -0.9987187878592515000, -0.05060417746537709816 ) ) ;
#6554 = CARTESIAN_POINT ( 'NONE',  ( -4.709999999999999964, 2.400000000000000355, 2.300000000000000266 ) ) ;
#6555 = AXIS2_PLACEMENT_3D ( 'NONE', #6900, #3446, #7660 ) ;
#6556 = ORIENTED_EDGE ( 'NONE', *, *, #1703, .T. ) ;
#6557 =( NAMED_UNIT ( * ) SI_UNIT ( $, .STERADIAN. ) SOLID_ANGLE_UNIT ( ) );
#6558 = DIRECTION ( 'NONE',  ( -1.000000000000000000, 0.000000000000000000, -0.000000000000000000 ) ) ;
#6559 = SURFACE_STYLE_FILL_AREA ( #2417 ) ;
#6560 = CARTESIAN_POINT ( 'NONE',  ( 4.815000000000000391, 2.250000000000000444, -3.349999999999999201 ) ) ;
#6561 = PLANE ( 'NONE',  #5890 ) ;
#6562 = FACE_OUTER_BOUND ( 'NONE', #8077, .T. ) ;
#6563 = EDGE_CURVE ( 'NONE', #3817, #9016, #7628, .T. ) ;
#6564 = CARTESIAN_POINT ( 'NONE',  ( -1.545000000000000373, -1.700000000000000178, 4.954999999999999183 ) ) ;
#6565 = ORIENTED_EDGE ( 'NONE', *, *, #2774, .T. ) ;
#6566 = ORIENTED_EDGE ( 'NONE', *, *, #8591, .F. ) ;
#6567 = LINE ( 'NONE', #1213, #6479 ) ;
#6568 = AXIS2_PLACEMENT_3D ( 'NONE', #3122, #7169, #341 ) ;
#6569 = LINE ( 'NONE', #2550, #6586 ) ;
#6570 = EDGE_CURVE ( 'NONE', #5661, #8546, #7675, .T. ) ;
#6571 = DIRECTION ( 'NONE',  ( -1.000000000000000000, -0.000000000000000000, -0.000000000000000000 ) ) ;
#6572 = VECTOR ( 'NONE', #7423, 1000.000000000000000 ) ;
#6573 = VERTEX_POINT ( 'NONE', #3352 ) ;
#6574 = PLANE ( 'NONE',  #3518 ) ;
#6575 = SURFACE_SIDE_STYLE ('',( #6747 ) ) ;
#6576 = LINE ( 'NONE', #1551, #6810 ) ;
#6577 = VERTEX_POINT ( 'NONE', #7631 ) ;
#6578 =( NAMED_UNIT ( * ) SI_UNIT ( $, .STERADIAN. ) SOLID_ANGLE_UNIT ( ) );
#6579 = FACE_OUTER_BOUND ( 'NONE', #6359, .T. ) ;
#6580 = EDGE_CURVE ( 'NONE', #553, #8707, #4635, .T. ) ;
#6581 = VECTOR ( 'NONE', #8523, 1000.000000000000000 ) ;
#6582 = ORIENTED_EDGE ( 'NONE', *, *, #7016, .T. ) ;
#6583 = EDGE_CURVE ( 'NONE', #9185, #2535, #7873, .T. ) ;
#6584 = ORIENTED_EDGE ( 'NONE', *, *, #4012, .T. ) ;
#6585 = VECTOR ( 'NONE', #4280, 1000.000000000000000 ) ;
#6586 = VECTOR ( 'NONE', #8980, 1000.000000000000114 ) ;
#6587 = CARTESIAN_POINT ( 'NONE',  ( -3.060000000000000053, 0.000000000000000000, 3.349999999999997424 ) ) ;
#6588 = DIRECTION ( 'NONE',  ( 1.000000000000000000, -0.000000000000000000, -0.000000000000000000 ) ) ;
#6589 = CARTESIAN_POINT ( 'NONE',  ( 3.467955358251140436E-16, 2.250000000000000444, 3.100000000000000533 ) ) ;
#6590 = CARTESIAN_POINT ( 'NONE',  ( 3.060000000000000053, 0.000000000000000000, -3.349999999999997424 ) ) ;
#6591 = DIRECTION ( 'NONE',  ( 0.000000000000000000, 0.000000000000000000, -1.000000000000000000 ) ) ;
#6592 = VERTEX_POINT ( 'NONE', #2704 ) ;
#6593 = ORIENTED_EDGE ( 'NONE', *, *, #194, .T. ) ;
#6594 = EDGE_CURVE ( 'NONE', #7404, #2751, #1948, .T. ) ;
#6595 = ADVANCED_FACE ( 'NONE', ( #7774 ), #5402, .F. ) ;
#6596 = VECTOR ( 'NONE', #5246, 1000.000000000000000 ) ;
#6597 = AXIS2_PLACEMENT_3D ( 'NONE', #2807, #5669, #9221 ) ;
#6598 = UNCERTAINTY_MEASURE_WITH_UNIT (LENGTH_MEASURE( 1.000000000000000082E-05 ), #2129, 'distance_accuracy_value', 'NONE');
#6599 = ORIENTED_EDGE ( 'NONE', *, *, #146, .T. ) ;
#6600 = CARTESIAN_POINT ( 'NONE',  ( -4.309999999999999609, 4.649244398944980539, 0.7000000000000000666 ) ) ;
#6601 = DIRECTION ( 'NONE',  ( 0.000000000000000000, -0.000000000000000000, 1.000000000000000000 ) ) ;
#6602 = LINE ( 'NONE', #5429, #6694 ) ;
#6603 = EDGE_CURVE ( 'NONE', #7042, #5856, #1625, .T. ) ;
#6604 = EDGE_LOOP ( 'NONE', ( #145, #8961, #6837, #1503 ) ) ;
#6605 = ORIENTED_EDGE ( 'NONE', *, *, #5541, .F. ) ;
#6606 = LINE ( 'NONE', #5702, #6730 ) ;
#6607 = VECTOR ( 'NONE', #6877, 1000.000000000000000 ) ;
#6608 = ORIENTED_EDGE ( 'NONE', *, *, #4490, .T. ) ;
#6609 = ORIENTED_EDGE ( 'NONE', *, *, #7552, .T. ) ;
#6610 = DIRECTION ( 'NONE',  ( -1.000000000000000000, -0.000000000000000000, -0.000000000000000000 ) ) ;
#6611 = ORIENTED_EDGE ( 'NONE', *, *, #860, .F. ) ;
#6612 = PLANE ( 'NONE',  #7370 ) ;
#6613 = DIRECTION ( 'NONE',  ( 0.000000000000000000, 0.000000000000000000, 1.000000000000000000 ) ) ;
#6614 = DIRECTION ( 'NONE',  ( 0.000000000000000000, -0.000000000000000000, 1.000000000000000000 ) ) ;
#6615 = EDGE_CURVE ( 'NONE', #2379, #5780, #4720, .T. ) ;
#6616 = EDGE_LOOP ( 'NONE', ( #4196, #6382, #4256, #1275, #4535, #1069, #4305, #5051 ) ) ;
#6617 = LINE ( 'NONE', #5295, #3799 ) ;
#6618 = VERTEX_POINT ( 'NONE', #5944 ) ;
#6619 = ORIENTED_EDGE ( 'NONE', *, *, #8665, .T. ) ;
#6620 = LINE ( 'NONE', #6892, #3539 ) ;
#6621 = EDGE_CURVE ( 'NONE', #8177, #4782, #1749, .T. ) ;
#6622 = CARTESIAN_POINT ( 'NONE',  ( -0.7700000000000006839, 4.649244398944980539, 0.6999999999999998446 ) ) ;
#6623 = FACE_OUTER_BOUND ( 'NONE', #6074, .T. ) ;
#6624 = VERTEX_POINT ( 'NONE', #5621 ) ;
#6625 = DIRECTION ( 'NONE',  ( 0.000000000000000000, -0.000000000000000000, -1.000000000000000000 ) ) ;
#6626 = VERTEX_POINT ( 'NONE', #3734 ) ;
#6627 = DIRECTION ( 'NONE',  ( 1.000000000000000000, 0.000000000000000000, -0.000000000000000000 ) ) ;
#6628 = VECTOR ( 'NONE', #4674, 1000.000000000000000 ) ;
#6629 = ORIENTED_EDGE ( 'NONE', *, *, #3972, .F. ) ;
#6630 = DIRECTION ( 'NONE',  ( 0.000000000000000000, 0.000000000000000000, -1.000000000000000000 ) ) ;
#6631 =( NAMED_UNIT ( * ) PLANE_ANGLE_UNIT ( ) SI_UNIT ( $, .RADIAN. ) );
#6632 = DIRECTION ( 'NONE',  ( -0.000000000000000000, 0.05060417746537784062, 0.9987187878592515000 ) ) ;
#6633 = EDGE_CURVE ( 'NONE', #8800, #5076, #1672, .T. ) ;
#6634 = DIRECTION ( 'NONE',  ( 0.000000000000000000, 0.000000000000000000, -1.000000000000000000 ) ) ;
#6635 = DIRECTION ( 'NONE',  ( 0.000000000000000000, 1.000000000000000000, 0.000000000000000000 ) ) ;
#6636 = VECTOR ( 'NONE', #7426, 1000.000000000000000 ) ;
#6637 = ORIENTED_EDGE ( 'NONE', *, *, #8192, .T. ) ;
#6638 = ORIENTED_EDGE ( 'NONE', *, *, #626, .T. ) ;
#6639 = EDGE_CURVE ( 'NONE', #5023, #7446, #1932, .T. ) ;
#6640 = AXIS2_PLACEMENT_3D ( 'NONE', #8724, #250, #3811 ) ;
#6641 = FILL_AREA_STYLE ('',( #202 ) ) ;
#6642 = VECTOR ( 'NONE', #271, 1000.000000000000000 ) ;
#6643 = ORIENTED_EDGE ( 'NONE', *, *, #1474, .T. ) ;
#6644 = CARTESIAN_POINT ( 'NONE',  ( 4.410000000000000142, 2.499999999999999112, 2.060000000000005382 ) ) ;
#6645 = DIRECTION ( 'NONE',  ( 1.000000000000000000, 0.000000000000000000, 0.000000000000000000 ) ) ;
#6646 = COLOUR_RGB ( '',1.000000000000000000, 1.000000000000000000, 0.5019607843137254832 ) ;
#6647 = AXIS2_PLACEMENT_3D ( 'NONE', #6225, #8941, #503 ) ;
#6648 = ORIENTED_EDGE ( 'NONE', *, *, #7173, .F. ) ;
#6649 = EDGE_LOOP ( 'NONE', ( #4321, #5318, #5391, #2181 ) ) ;
#6650 = APPLICATION_CONTEXT ( 'automotive_design' ) ;
#6651 = FACE_OUTER_BOUND ( 'NONE', #6993, .T. ) ;
#6652 = CARTESIAN_POINT ( 'NONE',  ( 2.019999999999999574, 0.000000000000000000, 3.550576545463337119 ) ) ;
#6653 = CARTESIAN_POINT ( 'NONE',  ( -3.060000000000000053, 0.2500000000000000000, 3.550576545463337119 ) ) ;
#6654 = DIRECTION ( 'NONE',  ( 0.000000000000000000, 1.000000000000000000, 0.000000000000000000 ) ) ;
#6655 = PRESENTATION_LAYER_ASSIGNMENT (  '', '', ( #5991 ) ) ;
#6656 = ORIENTED_EDGE ( 'NONE', *, *, #9176, .T. ) ;
#6657 = FACE_OUTER_BOUND ( 'NONE', #5676, .T. ) ;
#6658 = ORIENTED_EDGE ( 'NONE', *, *, #2142, .F. ) ;
#6659 = DIRECTION ( 'NONE',  ( 0.000000000000000000, 0.000000000000000000, -1.000000000000000000 ) ) ;
#6660 = DIRECTION ( 'NONE',  ( 4.565061778886337002E-16, 1.000000000000000000, 0.000000000000000000 ) ) ;
#6661 = SURFACE_STYLE_FILL_AREA ( #6941 ) ;
#6662 = CARTESIAN_POINT ( 'NONE',  ( -3.060000000000000053, -1.450000000000000178, 4.954999999999999183 ) ) ;
#6663 = ORIENTED_EDGE ( 'NONE', *, *, #3295, .T. ) ;
#6664 = ORIENTED_EDGE ( 'NONE', *, *, #1378, .T. ) ;
#6665 = FACE_OUTER_BOUND ( 'NONE', #3125, .T. ) ;
#6666 = LINE ( 'NONE', #5313, #178 ) ;
#6667 = DIRECTION ( 'NONE',  ( 0.000000000000000000, -0.7071067811865398012, -0.7071067811865552333 ) ) ;
#6668 = DIRECTION ( 'NONE',  ( 1.219727444046192981E-16, -2.891205793294678326E-16, 1.000000000000000000 ) ) ;
#6669 = ORIENTED_EDGE ( 'NONE', *, *, #2857, .F. ) ;
#6670 = DIRECTION ( 'NONE',  ( 1.000000000000000000, -0.000000000000000000, -0.000000000000000000 ) ) ;
#6671 = ADVANCED_FACE ( 'NONE', ( #4795 ), #5681, .F. ) ;
#6672 = CARTESIAN_POINT ( 'NONE',  ( 4.559999999999999609, 0.000000000000000000, 3.349999999999997424 ) ) ;
#6673 = AXIS2_PLACEMENT_3D ( 'NONE', #910, #8865, #2490 ) ;
#6674 = COLOUR_RGB ( '',1.000000000000000000, 1.000000000000000000, 0.5019607843137254832 ) ;
#6675 = PLANE ( 'NONE',  #1859 ) ;
#6676 = ORIENTED_EDGE ( 'NONE', *, *, #2114, .F. ) ;
#6677 = PRESENTATION_STYLE_ASSIGNMENT (( #5483 ) ) ;
#6678 = AXIS2_PLACEMENT_3D ( 'NONE', #5364, #229, #3360 ) ;
#6679 = VERTEX_POINT ( 'NONE', #8600 ) ;
#6680 = EDGE_LOOP ( 'NONE', ( #3605, #1003, #7288, #1434 ) ) ;
#6681 = LINE ( 'NONE', #683, #6700 ) ;
#6682 = CARTESIAN_POINT ( 'NONE',  ( 0.9949999999999997735, -1.700000000000000178, -4.159551575750739083 ) ) ;
#6683 = LINE ( 'NONE', #8184, #3249 ) ;
#6684 = DIRECTION ( 'NONE',  ( 1.000000000000000000, -0.000000000000000000, 0.000000000000000000 ) ) ;
#6685 = CARTESIAN_POINT ( 'NONE',  ( 3.060000000000000053, 0.2500000000000000000, 3.349999999999997424 ) ) ;
#6686 = ORIENTED_EDGE ( 'NONE', *, *, #7552, .F. ) ;
#6687 = EDGE_CURVE ( 'NONE', #2803, #1916, #1641, .T. ) ;
#6688 = PLANE ( 'NONE',  #5090 ) ;
#6689 = EDGE_CURVE ( 'NONE', #2425, #4617, #1912, .T. ) ;
#6690 = VERTEX_POINT ( 'NONE', #6380 ) ;
#6691 = FILL_AREA_STYLE_COLOUR ( '', #9191 ) ;
#6692 = DIRECTION ( 'NONE',  ( 0.000000000000000000, 1.000000000000000000, 0.000000000000000000 ) ) ;
#6693 = CARTESIAN_POINT ( 'NONE',  ( 0.5200000000000000178, 0.000000000000000000, -3.550576545463337119 ) ) ;
#6694 = VECTOR ( 'NONE', #6101, 1000.000000000000000 ) ;
#6695 = DIRECTION ( 'NONE',  ( 0.000000000000000000, 1.000000000000000000, 2.891205793294678326E-16 ) ) ;
#6696 = EDGE_CURVE ( 'NONE', #2664, #6027, #1696, .T. ) ;
#6697 = ORIENTED_EDGE ( 'NONE', *, *, #7215, .T. ) ;
#6698 = AXIS2_PLACEMENT_3D ( 'NONE', #4606, #7290, #159 ) ;
#6699 = ORIENTED_EDGE ( 'NONE', *, *, #9100, .F. ) ;
#6700 = VECTOR ( 'NONE', #1351, 1000.000000000000000 ) ;
#6701 = SPHERICAL_SURFACE ( 'NONE', #6806, 0.1000000000000000056 ) ;
#6702 = ORIENTED_EDGE ( 'NONE', *, *, #59, .T. ) ;
#6703 = EDGE_CURVE ( 'NONE', #5337, #4277, #5001, .T. ) ;
#6704 = ADVANCED_FACE ( 'NONE', ( #4856 ), #9098, .F. ) ;
#6705 = VERTEX_POINT ( 'NONE', #1393 ) ;
#6706 = DIRECTION ( 'NONE',  ( -1.000000000000000000, -0.000000000000000000, -0.000000000000000000 ) ) ;
#6707 = UNCERTAINTY_MEASURE_WITH_UNIT (LENGTH_MEASURE( 1.000000000000000082E-05 ), #2157, 'distance_accuracy_value', 'NONE');
#6708 = DIRECTION ( 'NONE',  ( 0.000000000000000000, 0.000000000000000000, 1.000000000000000000 ) ) ;
#6709 = SURFACE_STYLE_FILL_AREA ( #6411 ) ;
#6710 = ORIENTED_EDGE ( 'NONE', *, *, #8215, .F. ) ;
#6711 = DIRECTION ( 'NONE',  ( 0.000000000000000000, -1.000000000000000000, -3.907034855803616961E-16 ) ) ;
#6712 = FACE_OUTER_BOUND ( 'NONE', #8552, .T. ) ;
#6713 = ORIENTED_EDGE ( 'NONE', *, *, #7920, .F. ) ;
#6714 = CARTESIAN_POINT ( 'NONE',  ( 5.565000000000000391, 2.500000000000000000, -3.349999999999999201 ) ) ;
#6715 = AXIS2_PLACEMENT_3D ( 'NONE', #3590, #4243, #7047 ) ;
#6716 = ORIENTED_EDGE ( 'NONE', *, *, #816, .F. ) ;
#6717 = CARTESIAN_POINT ( 'NONE',  ( 2.019999999999999574, -1.450000000000000178, 4.954999999999999183 ) ) ;
#6718 = UNCERTAINTY_MEASURE_WITH_UNIT (LENGTH_MEASURE( 1.000000000000000082E-05 ), #3167, 'distance_accuracy_value', 'NONE');
#6719 = CARTESIAN_POINT ( 'NONE',  ( -3.060000000000000053, -0.2000000000000000111, 3.550576545463337119 ) ) ;
#6720 = CARTESIAN_POINT ( 'NONE',  ( 1.544999999999999929, -1.450000000000000178, -4.159551575750739083 ) ) ;
#6721 = ORIENTED_EDGE ( 'NONE', *, *, #4344, .F. ) ;
#6722 = EDGE_CURVE ( 'NONE', #2224, #7154, #7944, .T. ) ;
#6723 = VERTEX_POINT ( 'NONE', #3010 ) ;
#6724 = ADVANCED_FACE ( 'NONE', ( #4899 ), #7523, .F. ) ;
#6725 = ORIENTED_EDGE ( 'NONE', *, *, #5414, .T. ) ;
#6726 = CARTESIAN_POINT ( 'NONE',  ( 1.869999999999999662, 1.999999999999999112, 0.09999999999999917288 ) ) ;
#6727 = DIRECTION ( 'NONE',  ( 0.000000000000000000, 0.000000000000000000, 1.000000000000000000 ) ) ;
#6728 = VERTEX_POINT ( 'NONE', #6551 ) ;
#6729 = ORIENTED_EDGE ( 'NONE', *, *, #4032, .F. ) ;
#6730 = VECTOR ( 'NONE', #7149, 1000.000000000000000 ) ;
#6731 = VERTEX_POINT ( 'NONE', #4576 ) ;
#6732 = EDGE_CURVE ( 'NONE', #359, #598, #1786, .T. ) ;
#6733 = DIRECTION ( 'NONE',  ( -0.000000000000000000, -0.000000000000000000, -1.000000000000000000 ) ) ;
#6734 = ORIENTED_EDGE ( 'NONE', *, *, #5564, .T. ) ;
#6735 =( NAMED_UNIT ( * ) SI_UNIT ( $, .STERADIAN. ) SOLID_ANGLE_UNIT ( ) );
#6736 = CARTESIAN_POINT ( 'NONE',  ( 5.815000000000000391, 0.000000000000000000, -3.349999999999999201 ) ) ;
#6737 = CARTESIAN_POINT ( 'NONE',  ( -2.020000000000000018, -0.1772281201405800644, 4.000000000000000000 ) ) ;
#6738 = DIRECTION ( 'NONE',  ( 1.000000000000000000, 0.000000000000000000, 0.000000000000000000 ) ) ;
#6739 = ORIENTED_EDGE ( 'NONE', *, *, #2596, .F. ) ;
#6740 = DIRECTION ( 'NONE',  ( -0.000000000000000000, 3.907034855803616961E-16, -1.000000000000000000 ) ) ;
#6741 = EDGE_CURVE ( 'NONE', #1089, #171, #4828, .T. ) ;
#6742 = PRODUCT_RELATED_PRODUCT_CATEGORY ( 'part', '', ( #2808 ) ) ;
#6743 = LINE ( 'NONE', #6653, #593 ) ;
#6744 = VECTOR ( 'NONE', #8347, 1000.000000000000000 ) ;
#6745 = ORIENTED_EDGE ( 'NONE', *, *, #1110, .F. ) ;
#6746 = ORIENTED_EDGE ( 'NONE', *, *, #8135, .T. ) ;
#6747 = SURFACE_STYLE_FILL_AREA ( #7414 ) ;
#6748 = CARTESIAN_POINT ( 'NONE',  ( -1.870000000000000107, 2.249999999999999112, 0.6999999999999992895 ) ) ;
#6749 = VECTOR ( 'NONE', #2304, 1000.000000000000000 ) ;
#6750 = ORIENTED_EDGE ( 'NONE', *, *, #1396, .T. ) ;
#6751 = CARTESIAN_POINT ( 'NONE',  ( -4.410000000000000142, 4.649244398944980539, 0.5999999999999999778 ) ) ;
#6752 = LINE ( 'NONE', #5733, #4013 ) ;
#6753 = DIRECTION ( 'NONE',  ( -1.000000000000000000, -0.000000000000000000, -0.000000000000000000 ) ) ;
#6754 = EDGE_CURVE ( 'NONE', #3063, #5878, #8042, .T. ) ;
#6755 = ORIENTED_EDGE ( 'NONE', *, *, #6501, .T. ) ;
#6756 = CARTESIAN_POINT ( 'NONE',  ( -3.060000000000000053, -1.150000000000000133, -3.798968757172755062 ) ) ;
#6757 = ADVANCED_FACE ( 'NONE', ( #1767 ), #3264, .T. ) ;
#6758 = ORIENTED_EDGE ( 'NONE', *, *, #7676, .F. ) ;
#6759 = DIRECTION ( 'NONE',  ( -1.000000000000000000, -4.565061778886337002E-16, -0.000000000000000000 ) ) ;
#6760 = DIRECTION ( 'NONE',  ( -1.000000000000000000, -4.565061778886337002E-16, -0.000000000000000000 ) ) ;
#6761 = DIRECTION ( 'NONE',  ( 0.000000000000000000, -0.9987187878592515000, -0.05060417746537710509 ) ) ;
#6762 = DIRECTION ( 'NONE',  ( -1.000000000000000000, 0.000000000000000000, 0.000000000000000000 ) ) ;
#6763 = CIRCLE ( 'NONE', #5684, 0.3500000000000004774 ) ;
#6764 = LINE ( 'NONE', #3417, #4025 ) ;
#6765 = DIRECTION ( 'NONE',  ( -0.000000000000000000, -1.000000000000000000, -2.891205793294678326E-16 ) ) ;
#6766 = VERTEX_POINT ( 'NONE', #3795 ) ;
#6767 = VECTOR ( 'NONE', #7021, 1000.000000000000000 ) ;
#6768 = VECTOR ( 'NONE', #811, 1000.000000000000000 ) ;
#6769 = MECHANICAL_DESIGN_GEOMETRIC_PRESENTATION_REPRESENTATION (  '', ( #7249 ), #3004 ) ;
#6770 = ORIENTED_EDGE ( 'NONE', *, *, #2258, .T. ) ;
#6771 = ORIENTED_EDGE ( 'NONE', *, *, #8956, .T. ) ;
#6772 = CARTESIAN_POINT ( 'NONE',  ( -4.309999999999999609, 2.780000000000000249, 0.09999999999999951983 ) ) ;
#6773 = EDGE_CURVE ( 'NONE', #8295, #2071, #4887, .T. ) ;
#6774 = DIRECTION ( 'NONE',  ( -0.000000000000000000, -1.000000000000000000, -2.891205793294678326E-16 ) ) ;
#6775 = FACE_OUTER_BOUND ( 'NONE', #2047, .T. ) ;
#6776 = VERTEX_POINT ( 'NONE', #3138 ) ;
#6777 = ORIENTED_EDGE ( 'NONE', *, *, #2192, .F. ) ;
#6778 = DIRECTION ( 'NONE',  ( 0.000000000000000000, 0.000000000000000000, 1.000000000000000000 ) ) ;
#6779 = EDGE_CURVE ( 'NONE', #4713, #6471, #1657, .T. ) ;
#6780 = AXIS2_PLACEMENT_3D ( 'NONE', #351, #4623, #228 ) ;
#6781 = ORIENTED_EDGE ( 'NONE', *, *, #470, .F. ) ;
#6782 = ORIENTED_EDGE ( 'NONE', *, *, #6018, .F. ) ;
#6783 = CYLINDRICAL_SURFACE ( 'NONE', #3614, 0.1000000000000000472 ) ;
#6784 = LINE ( 'NONE', #2253, #621 ) ;
#6785 = DIRECTION ( 'NONE',  ( 0.000000000000000000, 0.000000000000000000, -1.000000000000000000 ) ) ;
#6786 = ORIENTED_EDGE ( 'NONE', *, *, #8415, .T. ) ;
#6787 = CARTESIAN_POINT ( 'NONE',  ( -3.535000000000000142, -1.450000000000000178, -4.954999999999999183 ) ) ;
#6788 = PLANE ( 'NONE',  #7386 ) ;
#6789 = DIRECTION ( 'NONE',  ( 0.000000000000000000, 0.000000000000000000, -1.000000000000000000 ) ) ;
#6790 = PRESENTATION_LAYER_ASSIGNMENT (  '', '', ( #3462 ) ) ;
#6791 = ORIENTED_EDGE ( 'NONE', *, *, #8420, .T. ) ;
#6792 = VECTOR ( 'NONE', #7492, 1000.000000000000000 ) ;
#6793 = VERTEX_POINT ( 'NONE', #8253 ) ;
#6794 = ORIENTED_EDGE ( 'NONE', *, *, #3900, .F. ) ;
#6795 = SURFACE_SIDE_STYLE ('',( #2921 ) ) ;
#6796 = CARTESIAN_POINT ( 'NONE',  ( -2.020000000000000018, -1.150000000000000133, 3.350000000000000533 ) ) ;
#6797 = CARTESIAN_POINT ( 'NONE',  ( -5.815000000000000391, 0.000000000000000000, 3.350000000000000977 ) ) ;
#6798 = ORIENTED_EDGE ( 'NONE', *, *, #6998, .F. ) ;
#6799 = ORIENTED_EDGE ( 'NONE', *, *, #396, .T. ) ;
#6800 = AXIS2_PLACEMENT_3D ( 'NONE', #5319, #1958, #427 ) ;
#6801 = ORIENTED_EDGE ( 'NONE', *, *, #3607, .T. ) ;
#6802 = FACE_OUTER_BOUND ( 'NONE', #6616, .T. ) ;
#6803 = FILL_AREA_STYLE ('',( #5516 ) ) ;
#6804 = CARTESIAN_POINT ( 'NONE',  ( -0.9950000000000002176, -0.1772281201405800644, 4.000000000000000000 ) ) ;
#6805 = ORIENTED_EDGE ( 'NONE', *, *, #8604, .F. ) ;
#6806 = AXIS2_PLACEMENT_3D ( 'NONE', #3307, #6807, #415 ) ;
#6807 = DIRECTION ( 'NONE',  ( 1.000000000000000000, 0.000000000000000000, 0.000000000000000000 ) ) ;
#6808 = ORIENTED_EDGE ( 'NONE', *, *, #8231, .F. ) ;
#6809 = CARTESIAN_POINT ( 'NONE',  ( -0.9950000000000002176, -1.700000000000000400, 3.350000000000000533 ) ) ;
#6810 = VECTOR ( 'NONE', #9065, 1000.000000000000000 ) ;
#6811 = DIRECTION ( 'NONE',  ( 0.000000000000000000, 0.000000000000000000, 1.000000000000000000 ) ) ;
#6812 = ORIENTED_EDGE ( 'NONE', *, *, #7421, .F. ) ;
#6813 = DIRECTION ( 'NONE',  ( 4.565061778886337002E-16, 1.000000000000000000, 0.000000000000000000 ) ) ;
#6814 = ORIENTED_EDGE ( 'NONE', *, *, #6179, .T. ) ;
#6815 = LINE ( 'NONE', #273, #3787 ) ;
#6816 = ORIENTED_EDGE ( 'NONE', *, *, #7332, .F. ) ;
#6817 = DIRECTION ( 'NONE',  ( -0.000000000000000000, -0.000000000000000000, 1.000000000000000000 ) ) ;
#6818 = ORIENTED_EDGE ( 'NONE', *, *, #4575, .F. ) ;
#6819 = DIRECTION ( 'NONE',  ( 0.000000000000000000, -1.000000000000000000, 2.602085213965212614E-15 ) ) ;
#6820 = VECTOR ( 'NONE', #5611, 1000.000000000000000 ) ;
#6821 = CARTESIAN_POINT ( 'NONE',  ( 4.559999999999998721, -1.150000000000000799, -4.049289471110532723 ) ) ;
#6822 = ORIENTED_EDGE ( 'NONE', *, *, #8420, .F. ) ;
#6823 = CARTESIAN_POINT ( 'NONE',  ( -4.410000000000000142, 1.999999999999999112, 0.09999999999999928391 ) ) ;
#6824 = AXIS2_PLACEMENT_3D ( 'NONE', #6717, #3700, #4418 ) ;
#6825 = ORIENTED_EDGE ( 'NONE', *, *, #5383, .F. ) ;
#6826 = ORIENTED_EDGE ( 'NONE', *, *, #7151, .F. ) ;
#6827 = CARTESIAN_POINT ( 'NONE',  ( 1.544999999999999929, -1.700000000000000400, 3.350000000000000533 ) ) ;
#6828 = CARTESIAN_POINT ( 'NONE',  ( -4.709999999999999964, 2.400000000000000355, 1.800000000000000711 ) ) ;
#6829 = CARTESIAN_POINT ( 'NONE',  ( -5.309999999999999609, 2.400000000000000355, 1.800000000000000711 ) ) ;
#6830 = VECTOR ( 'NONE', #8874, 1000.000000000000000 ) ;
#6831 = CARTESIAN_POINT ( 'NONE',  ( 0.5200000000000000178, -0.1772281201405800644, -4.000000000000000000 ) ) ;
#6832 = FACE_OUTER_BOUND ( 'NONE', #5327, .T. ) ;
#6833 = CARTESIAN_POINT ( 'NONE',  ( 3.060000000000000053, 0.000000000000000000, 3.349999999999997424 ) ) ;
#6834 = ORIENTED_EDGE ( 'NONE', *, *, #6179, .F. ) ;
#6835 = FACE_OUTER_BOUND ( 'NONE', #7378, .T. ) ;
#6836 = LINE ( 'NONE', #7069, #3805 ) ;
#6837 = ORIENTED_EDGE ( 'NONE', *, *, #94, .F. ) ;
#6838 = FACE_OUTER_BOUND ( 'NONE', #2695, .T. ) ;
#6839 = ORIENTED_EDGE ( 'NONE', *, *, #2774, .F. ) ;
#6840 = CARTESIAN_POINT ( 'NONE',  ( 0.000000000000000000, 2.500000000000000000, 0.000000000000000000 ) ) ;
#6841 = DIRECTION ( 'NONE',  ( 1.000000000000000000, 0.000000000000000000, -0.000000000000000000 ) ) ;
#6842 = VECTOR ( 'NONE', #6591, 1000.000000000000000 ) ;
#6843 = ORIENTED_EDGE ( 'NONE', *, *, #2860, .F. ) ;
#6844 = ORIENTED_EDGE ( 'NONE', *, *, #396, .F. ) ;
#6845 = STYLED_ITEM ( 'NONE', ( #6499 ), #1009 ) ;
#6846 = CARTESIAN_POINT ( 'NONE',  ( 3.060000000000000053, 0.000000000000000000, -3.349999999999997424 ) ) ;
#6847 = UNCERTAINTY_MEASURE_WITH_UNIT (LENGTH_MEASURE( 1.000000000000000082E-05 ), #5222, 'distance_accuracy_value', 'NONE');
#6848 = VECTOR ( 'NONE', #7517, 1000.000000000000000 ) ;
#6849 = LINE ( 'NONE', #1075, #6903 ) ;
#6850 = EDGE_CURVE ( 'NONE', #6459, #7565, #1802, .T. ) ;
#6851 = ADVANCED_FACE ( 'NONE', ( #1819 ), #5855, .F. ) ;
#6852 = LINE ( 'NONE', #2075, #596 ) ;
#6853 = ORIENTED_EDGE ( 'NONE', *, *, #7694, .T. ) ;
#6854 = DIRECTION ( 'NONE',  ( -0.000000000000000000, -1.000000000000000000, -2.891205793294678326E-16 ) ) ;
#6855 = FACE_OUTER_BOUND ( 'NONE', #5074, .T. ) ;
#6856 = CARTESIAN_POINT ( 'NONE',  ( -0.6700000000000003730, 2.500000000000000000, 2.060000000000005382 ) ) ;
#6857 =( NAMED_UNIT ( * ) SI_UNIT ( $, .STERADIAN. ) SOLID_ANGLE_UNIT ( ) );
#6858 = DIRECTION ( 'NONE',  ( -1.000000000000000000, -0.000000000000000000, 0.000000000000000000 ) ) ;
#6859 = VERTEX_POINT ( 'NONE', #6682 ) ;
#6860 = STYLED_ITEM ( 'NONE', ( #5510 ), #5342 ) ;
#6861 = LINE ( 'NONE', #8096, #3814 ) ;
#6862 = ORIENTED_EDGE ( 'NONE', *, *, #466, .F. ) ;
#6863 = ORIENTED_EDGE ( 'NONE', *, *, #6594, .F. ) ;
#6864 = ORIENTED_EDGE ( 'NONE', *, *, #2040, .T. ) ;
#6865 = FILL_AREA_STYLE_COLOUR ( '', #5972 ) ;
#6866 = EDGE_CURVE ( 'NONE', #8661, #1330, #7817, .T. ) ;
#6867 = ADVANCED_FACE ( 'NONE', ( #1839 ), #2408, .F. ) ;
#6868 = CARTESIAN_POINT ( 'NONE',  ( 0.9949999999999997735, -1.700000000000000178, -4.954999999999999183 ) ) ;
#6869 = FACE_OUTER_BOUND ( 'NONE', #5562, .T. ) ;
#6870 = CIRCLE ( 'NONE', #8067, 0.1000000000000001582 ) ;
#6871 = DIRECTION ( 'NONE',  ( 0.000000000000000000, 0.000000000000000000, 1.000000000000000000 ) ) ;
#6872 = LINE ( 'NONE', #8473, #3632 ) ;
#6873 = ORIENTED_EDGE ( 'NONE', *, *, #6603, .T. ) ;
#6874 = EDGE_CURVE ( 'NONE', #5685, #1296, #4933, .T. ) ;
#6875 = ADVANCED_FACE ( 'NONE', ( #1860 ), #8823, .F. ) ;
#6876 = EDGE_LOOP ( 'NONE', ( #5637, #2139, #1462 ) ) ;
#6877 = DIRECTION ( 'NONE',  ( 1.000000000000000000, 4.565061778886337988E-16, -2.313075504410461447E-17 ) ) ;
#6878 = CARTESIAN_POINT ( 'NONE',  ( 0.7699999999999997957, 2.780000000000000249, -4.250072516143174423E-16 ) ) ;
#6879 = DIRECTION ( 'NONE',  ( 0.000000000000000000, 0.000000000000000000, -1.000000000000000000 ) ) ;
#6880 = VERTEX_POINT ( 'NONE', #3947 ) ;
#6881 = ORIENTED_EDGE ( 'NONE', *, *, #6192, .T. ) ;
#6882 = DIRECTION ( 'NONE',  ( -0.000000000000000000, -0.000000000000000000, -1.000000000000000000 ) ) ;
#6883 = ORIENTED_EDGE ( 'NONE', *, *, #5870, .T. ) ;
#6884 = VECTOR ( 'NONE', #355, 1000.000000000000000 ) ;
#6885 = CYLINDRICAL_SURFACE ( 'NONE', #1278, 0.2500000000000002220 ) ;
#6886 = PRESENTATION_LAYER_ASSIGNMENT (  '', '', ( #7933 ) ) ;
#6887 = ORIENTED_EDGE ( 'NONE', *, *, #9100, .T. ) ;
#6888 = CARTESIAN_POINT ( 'NONE',  ( -4.709999999999999964, 2.400000000000000355, 2.300000000000000266 ) ) ;
#6889 = FACE_OUTER_BOUND ( 'NONE', #1395, .T. ) ;
#6890 = ORIENTED_EDGE ( 'NONE', *, *, #6172, .T. ) ;
#6891 = SURFACE_STYLE_FILL_AREA ( #9226 ) ;
#6892 = CARTESIAN_POINT ( 'NONE',  ( -0.5200000000000004619, -0.1772281201405800644, -4.000000000000000000 ) ) ;
#6893 = EDGE_LOOP ( 'NONE', ( #9154, #7539, #6729, #5923, #36, #6716, #9032, #1530 ) ) ;
#6894 = DIRECTION ( 'NONE',  ( -0.000000000000000000, -0.000000000000000000, 1.000000000000000000 ) ) ;
#6895 = DIRECTION ( 'NONE',  ( 0.000000000000000000, 0.000000000000000000, 1.000000000000000000 ) ) ;
#6896 = VERTEX_POINT ( 'NONE', #1885 ) ;
#6897 = VERTEX_POINT ( 'NONE', #2558 ) ;
#6898 = ORIENTED_EDGE ( 'NONE', *, *, #2980, .T. ) ;
#6899 = CARTESIAN_POINT ( 'NONE',  ( 2.019999999999999574, -1.349999999999999645, 4.159551575750739083 ) ) ;
#6900 = CARTESIAN_POINT ( 'NONE',  ( -3.060000000000000053, -1.349999999999999645, -4.159551575750739083 ) ) ;
#6901 = FACE_OUTER_BOUND ( 'NONE', #782, .T. ) ;
#6902 = CARTESIAN_POINT ( 'NONE',  ( 4.309999999999999609, 1.999999999999999112, -8.673617379884035472E-16 ) ) ;
#6903 = VECTOR ( 'NONE', #3330, 1000.000000000000000 ) ;
#6904 = DIRECTION ( 'NONE',  ( -0.000000000000000000, -1.052623468432525814E-16, 1.000000000000000000 ) ) ;
#6905 = ORIENTED_EDGE ( 'NONE', *, *, #1561, .T. ) ;
#6906 = SPHERICAL_SURFACE ( 'NONE', #2952, 0.1000000000000000056 ) ;
#6907 = EDGE_CURVE ( 'NONE', #5023, #1914, #4952, .T. ) ;
#6908 = VERTEX_POINT ( 'NONE', #2905 ) ;
#6909 = VECTOR ( 'NONE', #217, 1000.000000000000000 ) ;
#6910 = ORIENTED_EDGE ( 'NONE', *, *, #3983, .F. ) ;
#6911 = CARTESIAN_POINT ( 'NONE',  ( -3.535000000000000142, -1.150000000000000355, 3.798968757172755062 ) ) ;
#6912 =( GEOMETRIC_REPRESENTATION_CONTEXT ( 3 ) GLOBAL_UNCERTAINTY_ASSIGNED_CONTEXT ( ( #214 ) ) GLOBAL_UNIT_ASSIGNED_CONTEXT ( ( #439, #6162, #3957 ) ) REPRESENTATION_CONTEXT ( 'NONE', 'WORKASPACE' ) );
#6913 = PRESENTATION_STYLE_ASSIGNMENT (( #5453 ) ) ;
#6914 = ORIENTED_EDGE ( 'NONE', *, *, #8936, .F. ) ;
#6915 = ORIENTED_EDGE ( 'NONE', *, *, #4807, .F. ) ;
#6916 = ORIENTED_EDGE ( 'NONE', *, *, #2431, .F. ) ;
#6917 = CARTESIAN_POINT ( 'NONE',  ( -1.870000000000000107, 4.649244398944980539, 0.5999999999999999778 ) ) ;
#6918 = LINE ( 'NONE', #6946, #4167 ) ;
#6919 = VECTOR ( 'NONE', #6926, 1000.000000000000000 ) ;
#6920 = AXIS2_PLACEMENT_3D ( 'NONE', #552, #1951, #1340 ) ;
#6921 = ORIENTED_EDGE ( 'NONE', *, *, #8156, .T. ) ;
#6922 = FACE_OUTER_BOUND ( 'NONE', #8476, .T. ) ;
#6923 = DIRECTION ( 'NONE',  ( -1.000000000000000000, -0.000000000000000000, 0.000000000000000000 ) ) ;
#6924 = ORIENTED_EDGE ( 'NONE', *, *, #3656, .T. ) ;
#6925 = DIRECTION ( 'NONE',  ( 0.000000000000000000, 0.000000000000000000, -1.000000000000000000 ) ) ;
#6926 = DIRECTION ( 'NONE',  ( -1.000000000000000000, 0.000000000000000000, 7.457968512368045114E-17 ) ) ;
#6927 = DIRECTION ( 'NONE',  ( -1.000000000000000000, -0.000000000000000000, 0.000000000000000000 ) ) ;
#6928 = DIRECTION ( 'NONE',  ( -1.000000000000000000, 0.000000000000000000, 0.000000000000000000 ) ) ;
#6929 = ORIENTED_EDGE ( 'NONE', *, *, #2726, .F. ) ;
#6930 = ORIENTED_EDGE ( 'NONE', *, *, #4421, .T. ) ;
#6931 = ADVANCED_FACE ( 'NONE', ( #4963 ), #1892, .T. ) ;
#6932 = FACE_OUTER_BOUND ( 'NONE', #5888, .T. ) ;
#6933 = ORIENTED_EDGE ( 'NONE', *, *, #8871, .T. ) ;
#6934 = SURFACE_SIDE_STYLE ('',( #2950 ) ) ;
#6935 = CARTESIAN_POINT ( 'NONE',  ( 3.535000000000000142, -1.349999999999999645, 4.159551575750739083 ) ) ;
#6936 = VECTOR ( 'NONE', #4972, 1000.000000000000000 ) ;
#6937 =( NAMED_UNIT ( * ) PLANE_ANGLE_UNIT ( ) SI_UNIT ( $, .RADIAN. ) );
#6938 = ORIENTED_EDGE ( 'NONE', *, *, #778, .F. ) ;
#6939 = FACE_OUTER_BOUND ( 'NONE', #6680, .T. ) ;
#6940 = CIRCLE ( 'NONE', #1791, 0.1000000000000001582 ) ;
#6941 = FILL_AREA_STYLE ('',( #1942 ) ) ;
#6942 = EDGE_CURVE ( 'NONE', #4630, #751, #8176, .T. ) ;
#6943 = ORIENTED_EDGE ( 'NONE', *, *, #826, .T. ) ;
#6944 = PLANE ( 'NONE',  #690 ) ;
#6945 = DIRECTION ( 'NONE',  ( 0.000000000000000000, -0.05060417746537709816, -0.9987187878592515000 ) ) ;
#6946 = CARTESIAN_POINT ( 'NONE',  ( 3.060000000000000053, -0.1898791645069245193, 3.750320303035187042 ) ) ;
#6947 = ORIENTED_EDGE ( 'NONE', *, *, #8956, .F. ) ;
#6948 = CARTESIAN_POINT ( 'NONE',  ( 4.309999999999999609, 2.880000000000000338, 0.09999999999999917288 ) ) ;
#6949 = VERTEX_POINT ( 'NONE', #6281 ) ;
#6950 = AXIS2_PLACEMENT_3D ( 'NONE', #3073, #2617, #300 ) ;
#6951 = FACE_OUTER_BOUND ( 'NONE', #8474, .T. ) ;
#6952 = ORIENTED_EDGE ( 'NONE', *, *, #16, .T. ) ;
#6953 = STYLED_ITEM ( 'NONE', ( #4668 ), #1794 ) ;
#6954 = VERTEX_POINT ( 'NONE', #557 ) ;
#6955 = DIRECTION ( 'NONE',  ( -1.000000000000000000, -0.000000000000000000, -0.000000000000000000 ) ) ;
#6956 = ADVANCED_FACE ( 'NONE', ( #5208 ), #4081, .T. ) ;
#6957 = ORIENTED_EDGE ( 'NONE', *, *, #94, .T. ) ;
#6959 = EDGE_LOOP ( 'NONE', ( #1112, #6995, #756, #3979, #7217, #4237, #7253, #3697 ) ) ;
#6958 = CARTESIAN_POINT ( 'NONE',  ( -1.770000000000000240, 2.780000000000000249, 0.6999999999999995115 ) ) ;
#6960 = EDGE_CURVE ( 'NONE', #2383, #598, #8303, .T. ) ;
#6961 = PRESENTATION_STYLE_ASSIGNMENT (( #7686 ) ) ;
#6962 = ORIENTED_EDGE ( 'NONE', *, *, #8880, .F. ) ;
#6963 = ORIENTED_EDGE ( 'NONE', *, *, #8994, .T. ) ;
#6964 = CARTESIAN_POINT ( 'NONE',  ( -3.535000000000000142, -1.349999999999999645, 4.159551575750739083 ) ) ;
#6965 = FILL_AREA_STYLE ('',( #4225 ) ) ;
#6966 = DIRECTION ( 'NONE',  ( 0.000000000000000000, 1.000000000000000000, 0.000000000000000000 ) ) ;
#6967 = PLANE ( 'NONE',  #284 ) ;
#6968 = DIRECTION ( 'NONE',  ( 0.000000000000000000, 0.9987187878592513890, 0.05060417746537783368 ) ) ;
#6969 = FILL_AREA_STYLE ('',( #7795 ) ) ;
#6970 = ORIENTED_EDGE ( 'NONE', *, *, #6484, .F. ) ;
#6971 = ORIENTED_EDGE ( 'NONE', *, *, #4283, .T. ) ;
#6972 = VECTOR ( 'NONE', #6511, 1000.000000000000000 ) ;
#6973 = MECHANICAL_DESIGN_GEOMETRIC_PRESENTATION_REPRESENTATION (  '', ( #1228 ), #4922 ) ;
#6974 = ORIENTED_EDGE ( 'NONE', *, *, #8186, .F. ) ;
#6975 = EDGE_LOOP ( 'NONE', ( #6091, #3613, #7794, #3863 ) ) ;
#6976 = SURFACE_SIDE_STYLE ('',( #2367 ) ) ;
#6977 = DIRECTION ( 'NONE',  ( 0.000000000000000000, -1.000000000000000000, 0.000000000000000000 ) ) ;
#6978 = ORIENTED_EDGE ( 'NONE', *, *, #5489, .T. ) ;
#6979 = ORIENTED_EDGE ( 'NONE', *, *, #6035, .F. ) ;
#6980 = EDGE_CURVE ( 'NONE', #6027, #1279, #5177, .T. ) ;
#6981 = VERTEX_POINT ( 'NONE', #6888 ) ;
#6982 = AXIS2_PLACEMENT_3D ( 'NONE', #757, #2970, #5004 ) ;
#6983 = LINE ( 'NONE', #5552, #7045 ) ;
#6984 = EDGE_LOOP ( 'NONE', ( #7718, #7936, #4813, #665 ) ) ;
#6985 = PLANE ( 'NONE',  #2844 ) ;
#6986 = PRESENTATION_LAYER_ASSIGNMENT (  '', '', ( #6860 ) ) ;
#6987 = DIRECTION ( 'NONE',  ( -1.000000000000000000, 0.000000000000000000, 1.219727444046192981E-16 ) ) ;
#6988 = DIRECTION ( 'NONE',  ( 1.000000000000000000, 0.000000000000000000, -0.000000000000000000 ) ) ;
#6989 = CARTESIAN_POINT ( 'NONE',  ( 1.869999999999999662, 2.249999999999999112, -0.6999999999999994005 ) ) ;
#6990 = ADVANCED_FACE ( 'NONE', ( #5310 ), #7648, .F. ) ;
#6991 = CARTESIAN_POINT ( 'NONE',  ( 5.814999999999998614, 2.396446609406726491, -2.349999999999999201 ) ) ;
#6992 = CARTESIAN_POINT ( 'NONE',  ( -2.540000000000000036, 2.780000000000000249, 0.09999999999999989453 ) ) ;
#6993 = EDGE_LOOP ( 'NONE', ( #4945, #1352, #971, #8007 ) ) ;
#6994 = CYLINDRICAL_SURFACE ( 'NONE', #328, 0.09999999999999993616 ) ;
#6995 = ORIENTED_EDGE ( 'NONE', *, *, #8829, .F. ) ;
#6996 = EDGE_LOOP ( 'NONE', ( #1772, #2002, #7570, #3588 ) ) ;
#6997 = FILL_AREA_STYLE_COLOUR ( '', #2934 ) ;
#6998 = EDGE_CURVE ( 'NONE', #2411, #7171, #8280, .T. ) ;
#6999 = STYLED_ITEM ( 'NONE', ( #2247 ), #9220 ) ;
#7000 = CARTESIAN_POINT ( 'NONE',  ( 2.019999999999999574, -1.367711462112881859, -3.810000000000000053 ) ) ;
#7001 = LINE ( 'NONE', #4735, #942 ) ;
#7002 = LINE ( 'NONE', #2234, #6820 ) ;
#7003 =( NAMED_UNIT ( * ) SI_UNIT ( $, .STERADIAN. ) SOLID_ANGLE_UNIT ( ) );
#7004 = DIRECTION ( 'NONE',  ( 0.000000000000000000, 0.000000000000000000, -1.000000000000000000 ) ) ;
#7005 = ORIENTED_EDGE ( 'NONE', *, *, #5604, .T. ) ;
#7006 = DIRECTION ( 'NONE',  ( -1.000000000000000000, -0.000000000000000000, -0.000000000000000000 ) ) ;
#7007 = CARTESIAN_POINT ( 'NONE',  ( -5.065000000000001279, 2.500000000000000000, 3.100000000000000533 ) ) ;
#7008 = ORIENTED_EDGE ( 'NONE', *, *, #2238, .F. ) ;
#7009 = PRESENTATION_LAYER_ASSIGNMENT (  '', '', ( #6207 ) ) ;
#7010 = DIRECTION ( 'NONE',  ( -1.000000000000000000, -0.000000000000000000, 0.000000000000000000 ) ) ;
#7011 = ORIENTED_EDGE ( 'NONE', *, *, #1067, .T. ) ;
#7012 = ORIENTED_EDGE ( 'NONE', *, *, #2993, .F. ) ;
#7013 = FILL_AREA_STYLE ('',( #1473 ) ) ;
#7014 = ORIENTED_EDGE ( 'NONE', *, *, #2330, .T. ) ;
#7015 = CIRCLE ( 'NONE', #424, 0.1000000000000011297 ) ;
#7016 = EDGE_CURVE ( 'NONE', #4721, #7420, #8382, .T. ) ;
#7017 = VECTOR ( 'NONE', #6204, 1000.000000000000000 ) ;
#7018 = ORIENTED_EDGE ( 'NONE', *, *, #1328, .T. ) ;
#7019 = CARTESIAN_POINT ( 'NONE',  ( -3.310000000000000497, 1.999999999999999112, 0.6999999999999991784 ) ) ;
#7020 = VECTOR ( 'NONE', #8407, 1000.000000000000000 ) ;
#7021 = DIRECTION ( 'NONE',  ( 1.000000000000000000, -4.565061778886337988E-16, 2.313075504410461447E-17 ) ) ;
#7022 = COLOUR_RGB ( '',1.000000000000000000, 1.000000000000000000, 0.5019607843137254832 ) ;
#7023 = ORIENTED_EDGE ( 'NONE', *, *, #3409, .F. ) ;
#7025 = EDGE_LOOP ( 'NONE', ( #8033, #4869, #6676, #4444 ) ) ;
#7024 =( NAMED_UNIT ( * ) SI_UNIT ( $, .STERADIAN. ) SOLID_ANGLE_UNIT ( ) );
#7026 = ORIENTED_EDGE ( 'NONE', *, *, #7842, .T. ) ;
#7027 = EDGE_CURVE ( 'NONE', #3439, #7350, #5298, .T. ) ;
#7028 = ORIENTED_EDGE ( 'NONE', *, *, #8913, .F. ) ;
#7029 = SURFACE_SIDE_STYLE ('',( #4848 ) ) ;
#7030 = DIRECTION ( 'NONE',  ( 0.000000000000000000, 0.9987187878592513890, 0.05060417746537783368 ) ) ;
#7031 = CARTESIAN_POINT ( 'NONE',  ( -4.309999999999999609, 2.780000000000000249, -4.250072516143174423E-16 ) ) ;
#7032 = EDGE_CURVE ( 'NONE', #6049, #6098, #2105, .T. ) ;
#7033 = SURFACE_STYLE_USAGE ( .BOTH. , #2627 ) ;
#7034 = ORIENTED_EDGE ( 'NONE', *, *, #6440, .F. ) ;
#7035 = AXIS2_PLACEMENT_3D ( 'NONE', #2967, #1712, #2426 ) ;
#7036 = ORIENTED_EDGE ( 'NONE', *, *, #7989, .T. ) ;
#7037 = LINE ( 'NONE', #6399, #962 ) ;
#7038 = LINE ( 'NONE', #8965, #6909 ) ;
#7039 = ADVANCED_FACE ( 'NONE', ( #2266 ), #7836, .F. ) ;
#7040 = MECHANICAL_DESIGN_GEOMETRIC_PRESENTATION_REPRESENTATION (  '', ( #3462 ), #668 ) ;
#7041 = CARTESIAN_POINT ( 'NONE',  ( -3.310000000000000497, 2.780000000000000249, 0.09999999999999940881 ) ) ;
#7042 = VERTEX_POINT ( 'NONE', #9122 ) ;
#7043 =( LENGTH_UNIT ( ) NAMED_UNIT ( * ) SI_UNIT ( .MILLI., .METRE. ) );
#7044 = ORIENTED_EDGE ( 'NONE', *, *, #2114, .T. ) ;
#7045 = VECTOR ( 'NONE', #6189, 1000.000000000000000 ) ;
#7046 = VERTEX_POINT ( 'NONE', #613 ) ;
#7047 = DIRECTION ( 'NONE',  ( 0.000000000000000000, 0.000000000000000000, -1.000000000000000000 ) ) ;
#7048 = SURFACE_STYLE_USAGE ( .BOTH. , #1573 ) ;
#7049 = ORIENTED_EDGE ( 'NONE', *, *, #6157, .F. ) ;
#7050 = PRESENTATION_STYLE_ASSIGNMENT (( #3321 ) ) ;
#7051 = DIRECTION ( 'NONE',  ( 0.000000000000000000, -0.05060417746537709816, 0.9987187878592515000 ) ) ;
#7052 = CARTESIAN_POINT ( 'NONE',  ( -3.310000000000000497, 2.880000000000000338, 0.5999999999999993117 ) ) ;
#7053 = PLANE ( 'NONE',  #1984 ) ;
#7054 = STYLED_ITEM ( 'NONE', ( #7481 ), #2018 ) ;
#7055 = ORIENTED_EDGE ( 'NONE', *, *, #6423, .T. ) ;
#7056 = CARTESIAN_POINT ( 'NONE',  ( 4.084999999999999964, -1.450000000000000178, -4.159551575750739083 ) ) ;
#7057 = VECTOR ( 'NONE', #5451, 1000.000000000000000 ) ;
#7058 = CARTESIAN_POINT ( 'NONE',  ( -3.060000000000000053, 0.2500000000000000000, -3.550576545463337119 ) ) ;
#7059 = EDGE_CURVE ( 'NONE', #3260, #2491, #8373, .T. ) ;
#7060 = ORIENTED_EDGE ( 'NONE', *, *, #7403, .T. ) ;
#7061 = EDGE_CURVE ( 'NONE', #1971, #1796, #2151, .T. ) ;
#7062 = LINE ( 'NONE', #7019, #6972 ) ;
#7063 = ADVANCED_FACE ( 'NONE', ( #5186 ), #1481, .F. ) ;
#7064 = CARTESIAN_POINT ( 'NONE',  ( 3.209999999999999964, 2.499999999999999112, 2.060000000000005382 ) ) ;
#7065 = VECTOR ( 'NONE', #197, 1000.000000000000000 ) ;
#7066 = AXIS2_PLACEMENT_3D ( 'NONE', #129, #4190, #6322 ) ;
#7067 = DIRECTION ( 'NONE',  ( -0.000000000000000000, -1.000000000000000000, 0.000000000000000000 ) ) ;
#7068 = CARTESIAN_POINT ( 'NONE',  ( -1.545000000000000373, -1.355060417746537293, -4.059679696964812123 ) ) ;
#7069 = CARTESIAN_POINT ( 'NONE',  ( -4.410000000000000142, 2.249999999999999556, -1.810000000000000275 ) ) ;
#7070 = ORIENTED_EDGE ( 'NONE', *, *, #6687, .F. ) ;
#7071 = CARTESIAN_POINT ( 'NONE',  ( 3.209999999999999964, 2.249999999999999112, 0.6999999999999992895 ) ) ;
#7072 = DIRECTION ( 'NONE',  ( -0.000000000000000000, -1.000000000000000000, -2.891205793294678326E-16 ) ) ;
#7073 = EDGE_LOOP ( 'NONE', ( #3148, #2999, #2456, #2732 ) ) ;
#7074 =( NAMED_UNIT ( * ) PLANE_ANGLE_UNIT ( ) SI_UNIT ( $, .RADIAN. ) );
#7075 = AXIS2_PLACEMENT_3D ( 'NONE', #7830, #5574, #5635 ) ;
#7076 = FACE_OUTER_BOUND ( 'NONE', #436, .T. ) ;
#7077 = VERTEX_POINT ( 'NONE', #7410 ) ;
#7078 = EDGE_CURVE ( 'NONE', #6897, #5023, #2176, .T. ) ;
#7079 = CARTESIAN_POINT ( 'NONE',  ( 5.815000000000000391, 0.000000000000000000, 3.349999999999999645 ) ) ;
#7080 = COLOUR_RGB ( '',1.000000000000000000, 1.000000000000000000, 0.5019607843137254832 ) ;
#7081 = FILL_AREA_STYLE ('',( #7953 ) ) ;
#7082 = UNCERTAINTY_MEASURE_WITH_UNIT (LENGTH_MEASURE( 1.000000000000000082E-05 ), #5647, 'distance_accuracy_value', 'NONE');
#7083 = VECTOR ( 'NONE', #3861, 1000.000000000000000 ) ;
#7084 = CARTESIAN_POINT ( 'NONE',  ( 3.060000000000000053, -1.149999999999999911, 4.049289471110532723 ) ) ;
#7085 = VECTOR ( 'NONE', #5254, 1000.000000000000000 ) ;
#7086 = ORIENTED_EDGE ( 'NONE', *, *, #493, .F. ) ;
#7087 = ORIENTED_EDGE ( 'NONE', *, *, #7567, .F. ) ;
#7088 = CARTESIAN_POINT ( 'NONE',  ( 0.6699999999999998179, 2.249999999999999112, 0.6999999999999992895 ) ) ;
#7089 = EDGE_CURVE ( 'NONE', #8821, #8344, #2024, .T. ) ;
#7090 = CARTESIAN_POINT ( 'NONE',  ( 1.869999999999999662, 2.249999999999999556, -1.810000000000000275 ) ) ;
#7091 = DIRECTION ( 'NONE',  ( -1.000000000000000000, 0.000000000000000000, 1.118695276855206521E-16 ) ) ;
#7092 = CYLINDRICAL_SURFACE ( 'NONE', #7262, 0.4500000000000002887 ) ;
#7093 = CARTESIAN_POINT ( 'NONE',  ( -1.870000000000000107, 2.499999999999999112, 2.060000000000005382 ) ) ;
#7094 = ORIENTED_EDGE ( 'NONE', *, *, #3517, .F. ) ;
#7095 = FACE_OUTER_BOUND ( 'NONE', #3762, .T. ) ;
#7096 = VECTOR ( 'NONE', #7491, 1000.000000000000000 ) ;
#7097 = EDGE_CURVE ( 'NONE', #8734, #4798, #8236, .T. ) ;
#7098 = PRODUCT_DEFINITION_FORMATION_WITH_SPECIFIED_SOURCE ( 'ANY', '', #2808, .NOT_KNOWN. ) ;
#7099 = VECTOR ( 'NONE', #6531, 1000.000000000000000 ) ;
#7100 = VERTEX_POINT ( 'NONE', #3160 ) ;
#7101 =( NAMED_UNIT ( * ) PLANE_ANGLE_UNIT ( ) SI_UNIT ( $, .RADIAN. ) );
#7102 = DIRECTION ( 'NONE',  ( 0.000000000000000000, 0.000000000000000000, -1.000000000000000000 ) ) ;
#7103 = CLOSED_SHELL ( 'NONE', ( #3430, #3956, #6931, #2428, #744, #1464, #7261, #7226, #5943, #7063, #1253, #9142, #8402, #3562, #6373, #2989, #6170, #7196 ) ) ;
#7104 = ORIENTED_EDGE ( 'NONE', *, *, #7676, .T. ) ;
#7105 = FACE_OUTER_BOUND ( 'NONE', #5546, .T. ) ;
#7106 = EDGE_CURVE ( 'NONE', #1736, #4656, #5056, .T. ) ;
#7107 = ORIENTED_EDGE ( 'NONE', *, *, #8976, .T. ) ;
#7108 = CARTESIAN_POINT ( 'NONE',  ( 0.6700000000000000400, 1.999999999999999112, 0.5999999999999992006 ) ) ;
#7109 = MANIFOLD_SOLID_BREP ( 'LPattern1[6]', #2942 ) ;
#7110 = CARTESIAN_POINT ( 'NONE',  ( 4.559999999999999609, -0.2000000000000000111, -3.550576545463337119 ) ) ;
#7111 = ORIENTED_EDGE ( 'NONE', *, *, #269, .T. ) ;
#7112 = DIRECTION ( 'NONE',  ( -1.000000000000000000, -0.000000000000000000, 1.118695276855206521E-16 ) ) ;
#7113 = SURFACE_STYLE_FILL_AREA ( #335 ) ;
#7114 = DIRECTION ( 'NONE',  ( -0.000000000000000000, 1.000000000000000000, 3.035766082959414782E-15 ) ) ;
#7115 = CARTESIAN_POINT ( 'NONE',  ( -4.410000000000000142, 2.249999999999999112, 1.809999999999999831 ) ) ;
#7116 = LINE ( 'NONE', #2279, #965 ) ;
#7117 = EDGE_CURVE ( 'NONE', #7693, #5211, #5129, .T. ) ;
#7118 = AXIS2_PLACEMENT_3D ( 'NONE', #2712, #5753, #7199 ) ;
#7119 = ORIENTED_EDGE ( 'NONE', *, *, #9187, .T. ) ;
#7120 = AXIS2_PLACEMENT_3D ( 'NONE', #1288, #8524, #9204 ) ;
#7121 = ORIENTED_EDGE ( 'NONE', *, *, #5209, .F. ) ;
#7122 = DIRECTION ( 'NONE',  ( -0.000000000000000000, -0.000000000000000000, 1.000000000000000000 ) ) ;
#7123 = CYLINDRICAL_SURFACE ( 'NONE', #1729, 0.1999999999999996503 ) ;
#7124 = CARTESIAN_POINT ( 'NONE',  ( -1.870000000000000107, 2.249999999999999112, -0.6999999999999994005 ) ) ;
#7125 = EDGE_LOOP ( 'NONE', ( #4486, #3595, #4216, #7014 ) ) ;
#7126 = STYLED_ITEM ( 'NONE', ( #8233 ), #387 ) ;
#7127 = ORIENTED_EDGE ( 'NONE', *, *, #1485, .T. ) ;
#7128 = VECTOR ( 'NONE', #6654, 1000.000000000000000 ) ;
#7129 = CARTESIAN_POINT ( 'NONE',  ( -3.535000000000000142, -0.1898791645069245193, -3.750320303035187042 ) ) ;
#7130 = FACE_OUTER_BOUND ( 'NONE', #1111, .T. ) ;
#7131 = VECTOR ( 'NONE', #822, 1000.000000000000114 ) ;
#7132 = CARTESIAN_POINT ( 'NONE',  ( 3.310000000000000053, 2.880000000000000338, 0.09999999999999949207 ) ) ;
#7133 = CARTESIAN_POINT ( 'NONE',  ( 3.060000000000000053, -0.1772281201405800644, 4.000000000000000000 ) ) ;
#7134 = EDGE_LOOP ( 'NONE', ( #3301, #6510, #768, #6593, #6145, #3484 ) ) ;
#7135 = CARTESIAN_POINT ( 'NONE',  ( -4.410000000000000142, 1.999999999999999112, 0.5999999999999992006 ) ) ;
#7136 = EDGE_CURVE ( 'NONE', #4430, #8043, #8293, .T. ) ;
#7137 = AXIS2_PLACEMENT_3D ( 'NONE', #5326, #2415, #2959 ) ;
#7138 = CARTESIAN_POINT ( 'NONE',  ( -2.020000000000000018, -0.1898791645069245193, 3.750320303035187042 ) ) ;
#7139 = ORIENTED_EDGE ( 'NONE', *, *, #5344, .F. ) ;
#7140 = PLANE ( 'NONE',  #7075 ) ;
#7141 = PRODUCT_DEFINITION_SHAPE ( 'NONE', 'NONE',  #3901 ) ;
#7142 = LINE ( 'NONE', #5554, #1107 ) ;
#7143 = VERTEX_POINT ( 'NONE', #7348 ) ;
#7144 = DIRECTION ( 'NONE',  ( 1.000000000000000000, -4.565061778886337988E-16, 2.313075504410461447E-17 ) ) ;
#7145 = SPHERICAL_SURFACE ( 'NONE', #1129, 0.1000000000000000056 ) ;
#7146 = VERTEX_POINT ( 'NONE', #2372 ) ;
#7147 = VECTOR ( 'NONE', #8012, 1000.000000000000000 ) ;
#7148 = CARTESIAN_POINT ( 'NONE',  ( 3.535000000000000142, -1.367711462112881859, -3.810000000000000053 ) ) ;
#7149 = DIRECTION ( 'NONE',  ( 0.000000000000000000, 0.000000000000000000, -1.000000000000000000 ) ) ;
#7150 = LINE ( 'NONE', #205, #1116 ) ;
#7151 = EDGE_CURVE ( 'NONE', #7846, #8546, #5073, .T. ) ;
#7153 = ORIENTED_EDGE ( 'NONE', *, *, #3526, .F. ) ;
#7152 = CARTESIAN_POINT ( 'NONE',  ( 1.769999999999999352, 1.999999999999999112, 0.09999999999999917288 ) ) ;
#7154 = VERTEX_POINT ( 'NONE', #7209 ) ;
#7155 = ORIENTED_EDGE ( 'NONE', *, *, #3501, .F. ) ;
#7156 =( NAMED_UNIT ( * ) SI_UNIT ( $, .STERADIAN. ) SOLID_ANGLE_UNIT ( ) );
#7157 = CARTESIAN_POINT ( 'NONE',  ( -3.310000000000000497, 2.780000000000000249, 0.6999999999999994005 ) ) ;
#7158 = DIRECTION ( 'NONE',  ( 0.000000000000000000, 1.000000000000000000, 2.891205793294678326E-16 ) ) ;
#7159 = CARTESIAN_POINT ( 'NONE',  ( 2.019999999999999574, -1.700000000000000178, -4.159551575750739083 ) ) ;
#7160 = MECHANICAL_DESIGN_GEOMETRIC_PRESENTATION_REPRESENTATION (  '', ( #8702 ), #5495 ) ;
#7161 = ORIENTED_EDGE ( 'NONE', *, *, #3717, .T. ) ;
#7162 = VECTOR ( 'NONE', #5407, 1000.000000000000000 ) ;
#7163 = ORIENTED_EDGE ( 'NONE', *, *, #5617, .F. ) ;
#7164 = FACE_OUTER_BOUND ( 'NONE', #5777, .T. ) ;
#7165 = CIRCLE ( 'NONE', #1996, 0.1000000000000011297 ) ;
#7166 = CARTESIAN_POINT ( 'NONE',  ( 4.084999999999999964, -1.700000000000000400, -4.159551575750739083 ) ) ;
#7167 = ORIENTED_EDGE ( 'NONE', *, *, #269, .F. ) ;
#7168 = DIRECTION ( 'NONE',  ( -1.000000000000000000, -0.000000000000000000, 0.000000000000000000 ) ) ;
#7169 = DIRECTION ( 'NONE',  ( 0.000000000000000000, 0.000000000000000000, -1.000000000000000000 ) ) ;
#7170 = VERTEX_POINT ( 'NONE', #8730 ) ;
#7171 = VERTEX_POINT ( 'NONE', #955 ) ;
#7172 = MECHANICAL_DESIGN_GEOMETRIC_PRESENTATION_REPRESENTATION (  '', ( #225 ), #5308 ) ;
#7173 = EDGE_CURVE ( 'NONE', #4798, #8679, #2134, .T. ) ;
#7174 = CIRCLE ( 'NONE', #5299, 0.1999999999999996503 ) ;
#7175 = DIRECTION ( 'NONE',  ( 0.000000000000000000, -0.7071067811865398012, -0.7071067811865552333 ) ) ;
#7176 =( GEOMETRIC_REPRESENTATION_CONTEXT ( 3 ) GLOBAL_UNCERTAINTY_ASSIGNED_CONTEXT ( ( #8659 ) ) GLOBAL_UNIT_ASSIGNED_CONTEXT ( ( #3448, #2678, #9068 ) ) REPRESENTATION_CONTEXT ( 'NONE', 'WORKASPACE' ) );
#7177 = ORIENTED_EDGE ( 'NONE', *, *, #617, .F. ) ;
#7178 = CARTESIAN_POINT ( 'NONE',  ( 0.9949999999999997735, -1.150000000000000355, 3.798968757172755062 ) ) ;
#7179 = CARTESIAN_POINT ( 'NONE',  ( -3.060000000000000053, -0.2000000000000000111, -3.550576545463337119 ) ) ;
#7180 = CARTESIAN_POINT ( 'NONE',  ( 0.6699999999999998179, 1.999999999999999112, 0.6999999999999998446 ) ) ;
#7181 = PLANE ( 'NONE',  #3951 ) ;
#7182 = VECTOR ( 'NONE', #4894, 1000.000000000000000 ) ;
#7183 = EDGE_LOOP ( 'NONE', ( #3242, #887, #6357, #6771 ) ) ;
#7184 = EDGE_CURVE ( 'NONE', #733, #857, #8358, .T. ) ;
#7185 = ORIENTED_EDGE ( 'NONE', *, *, #3668, .F. ) ;
#7186 = ORIENTED_EDGE ( 'NONE', *, *, #78, .T. ) ;
#7187 = DIRECTION ( 'NONE',  ( 0.000000000000000000, -0.9987187878592515000, 0.05060417746537710509 ) ) ;
#7188 = DIRECTION ( 'NONE',  ( 0.000000000000000000, -1.000000000000000000, 2.602085213965212614E-15 ) ) ;
#7189 = VECTOR ( 'NONE', #859, 1000.000000000000000 ) ;
#7190 = ORIENTED_EDGE ( 'NONE', *, *, #6542, .T. ) ;
#7191 = EDGE_CURVE ( 'NONE', #2546, #872, #1992, .T. ) ;
#7192 = DIRECTION ( 'NONE',  ( -0.000000000000000000, 1.000000000000000000, 3.035766082959414782E-15 ) ) ;
#7193 = LINE ( 'NONE', #3550, #3975 ) ;
#7194 = LINE ( 'NONE', #8845, #1135 ) ;
#7195 = AXIS2_PLACEMENT_3D ( 'NONE', #2692, #7751, #5039 ) ;
#7196 = ADVANCED_FACE ( 'NONE', ( #5089 ), #319, .F. ) ;
#7197 = SURFACE_SIDE_STYLE ('',( #6547 ) ) ;
#7198 = ORIENTED_EDGE ( 'NONE', *, *, #4570, .F. ) ;
#7199 = DIRECTION ( 'NONE',  ( 0.000000000000000000, 0.000000000000000000, 1.000000000000000000 ) ) ;
#7200 = CARTESIAN_POINT ( 'NONE',  ( -1.870000000000000107, 2.249999999999999112, -0.6999999999999994005 ) ) ;
#7201 = ORIENTED_EDGE ( 'NONE', *, *, #7260, .T. ) ;
#7202 = ORIENTED_EDGE ( 'NONE', *, *, #2639, .F. ) ;
#7203 = DIRECTION ( 'NONE',  ( -0.000000000000000000, 1.000000000000000000, 3.035766082959414782E-15 ) ) ;
#7204 = EDGE_CURVE ( 'NONE', #3669, #3961, #5256, .T. ) ;
#7205 = UNCERTAINTY_MEASURE_WITH_UNIT (LENGTH_MEASURE( 1.000000000000000082E-05 ), #3709, 'distance_accuracy_value', 'NONE');
#7206 = VECTOR ( 'NONE', #3601, 1000.000000000000000 ) ;
#7207 = ORIENTED_EDGE ( 'NONE', *, *, #5617, .T. ) ;
#7208 = LINE ( 'NONE', #1271, #4057 ) ;
#7209 = CARTESIAN_POINT ( 'NONE',  ( -0.6700000000000004841, 1.999999999999999112, 0.09999999999999917288 ) ) ;
#7210 = EDGE_LOOP ( 'NONE', ( #253, #329, #6822, #3885 ) ) ;
#7211 = DIRECTION ( 'NONE',  ( -0.000000000000000000, 3.907034855803616961E-16, -1.000000000000000000 ) ) ;
#7212 = CARTESIAN_POINT ( 'NONE',  ( -4.559999999999999609, 0.2500000000000000000, 3.349999999999997424 ) ) ;
#7213 = CYLINDRICAL_SURFACE ( 'NONE', #949, 0.1000000000000000472 ) ;
#7214 = LINE ( 'NONE', #3844, #4156 ) ;
#7215 = EDGE_CURVE ( 'NONE', #263, #3796, #8326, .T. ) ;
#7217 = ORIENTED_EDGE ( 'NONE', *, *, #3289, .F. ) ;
#7216 = DIRECTION ( 'NONE',  ( -1.000000000000000000, -0.000000000000000000, -0.000000000000000000 ) ) ;
#7218 = ORIENTED_EDGE ( 'NONE', *, *, #4939, .F. ) ;
#7219 = VERTEX_POINT ( 'NONE', #6533 ) ;
#7220 = EDGE_CURVE ( 'NONE', #8557, #2832, #2236, .T. ) ;
#7221 = FILL_AREA_STYLE_COLOUR ( '', #235 ) ;
#7222 = ORIENTED_EDGE ( 'NONE', *, *, #5383, .T. ) ;
#7223 = CARTESIAN_POINT ( 'NONE',  ( 3.209999999999999964, 1.999999999999999112, 0.6999999999999998446 ) ) ;
#7224 = EDGE_LOOP ( 'NONE', ( #8882, #2188, #326, #4451, #6584, #6853, #5532, #239 ) ) ;
#7225 = ORIENTED_EDGE ( 'NONE', *, *, #5182, .F. ) ;
#7226 = ADVANCED_FACE ( 'NONE', ( #5116 ), #1866, .F. ) ;
#7227 = PRESENTATION_STYLE_ASSIGNMENT (( #6392 ) ) ;
#7228 = LINE ( 'NONE', #6176, #1031 ) ;
#7229 = DIRECTION ( 'NONE',  ( -1.000000000000000000, -0.000000000000000000, 0.000000000000000000 ) ) ;
#7230 = ORIENTED_EDGE ( 'NONE', *, *, #3998, .F. ) ;
#7231 = DIRECTION ( 'NONE',  ( 0.000000000000000000, 0.9987187878592513890, 0.05060417746537783368 ) ) ;
#7232 = EDGE_CURVE ( 'NONE', #6705, #1037, #2044, .T. ) ;
#7233 = DIRECTION ( 'NONE',  ( -1.000000000000000000, -0.000000000000000000, 0.000000000000000000 ) ) ;
#7234 = ORIENTED_EDGE ( 'NONE', *, *, #4116, .F. ) ;
#7235 = ORIENTED_EDGE ( 'NONE', *, *, #1537, .T. ) ;
#7236 = VERTEX_POINT ( 'NONE', #4681 ) ;
#7237 = AXIS2_PLACEMENT_3D ( 'NONE', #6430, #7925, #719 ) ;
#7238 = AXIS2_PLACEMENT_3D ( 'NONE', #8758, #231, #4440 ) ;
#7239 = FACE_OUTER_BOUND ( 'NONE', #1974, .T. ) ;
#7240 = CARTESIAN_POINT ( 'NONE',  ( -5.711446609406725550, 2.500000000000000444, 2.453553390593274486 ) ) ;
#7241 = DIRECTION ( 'NONE',  ( 0.000000000000000000, -1.000000000000000000, -0.000000000000000000 ) ) ;
#7242 =( LENGTH_UNIT ( ) NAMED_UNIT ( * ) SI_UNIT ( .MILLI., .METRE. ) );
#7243 = ORIENTED_EDGE ( 'NONE', *, *, #2628, .F. ) ;
#7244 = CIRCLE ( 'NONE', #3890, 0.09999999999999982514 ) ;
#7245 = SURFACE_SIDE_STYLE ('',( #4931 ) ) ;
#7246 = DIRECTION ( 'NONE',  ( -0.000000000000000000, -1.000000000000000000, -2.891205793294678326E-16 ) ) ;
#7247 = CARTESIAN_POINT ( 'NONE',  ( -4.410000000000000142, 2.499999999999999556, -2.060000000000005382 ) ) ;
#7248 = DIRECTION ( 'NONE',  ( -1.000000000000000000, -0.000000000000000000, -0.000000000000000000 ) ) ;
#7249 = STYLED_ITEM ( 'NONE', ( #3274 ), #3967 ) ;
#7250 = LINE ( 'NONE', #5545, #953 ) ;
#7251 = ORIENTED_EDGE ( 'NONE', *, *, #2469, .F. ) ;
#7252 = ADVANCED_FACE ( 'NONE', ( #8209 ), #8618, .T. ) ;
#7253 = ORIENTED_EDGE ( 'NONE', *, *, #1404, .F. ) ;
#7254 = EDGE_CURVE ( 'NONE', #8859, #1745, #8527, .T. ) ;
#7255 = SURFACE_STYLE_FILL_AREA ( #9092 ) ;
#7256 = DIRECTION ( 'NONE',  ( -0.000000000000000000, 1.000000000000000000, 3.035766082959414782E-15 ) ) ;
#7257 = ORIENTED_EDGE ( 'NONE', *, *, #1020, .T. ) ;
#7258 = CARTESIAN_POINT ( 'NONE',  ( 2.019999999999999574, 0.2500000000000000000, -3.550576545463337119 ) ) ;
#7259 = VECTOR ( 'NONE', #1055, 1000.000000000000000 ) ;
#7260 = EDGE_CURVE ( 'NONE', #7171, #2614, #2486, .T. ) ;
#7261 = ADVANCED_FACE ( 'NONE', ( #5492 ), #3353, .F. ) ;
#7262 = AXIS2_PLACEMENT_3D ( 'NONE', #6719, #2385, #7789 ) ;
#7263 = ORIENTED_EDGE ( 'NONE', *, *, #4108, .T. ) ;
#7264 = MANIFOLD_SOLID_BREP ( 'LPattern1[1]', #4891 ) ;
#7265 = CYLINDRICAL_SURFACE ( 'NONE', #2616, 0.1999999999999996503 ) ;
#7266 = CARTESIAN_POINT ( 'NONE',  ( -3.060000000000000053, 0.000000000000000000, -3.349999999999997424 ) ) ;
#7267 = AXIS2_PLACEMENT_3D ( 'NONE', #101, #1290, #8313 ) ;
#7268 = CARTESIAN_POINT ( 'NONE',  ( -0.6700000000000004841, 1.999999999999999112, 0.5999999999999990896 ) ) ;
#7269 = ORIENTED_EDGE ( 'NONE', *, *, #5956, .T. ) ;
#7270 = DIRECTION ( 'NONE',  ( -1.000000000000000000, -0.000000000000000000, 0.000000000000000000 ) ) ;
#7271 = CARTESIAN_POINT ( 'NONE',  ( 3.209999999999999964, 2.780000000000000249, 0.09999999999999954758 ) ) ;
#7272 = EDGE_LOOP ( 'NONE', ( #1861, #6664, #4022, #3663 ) ) ;
#7273 = ORIENTED_EDGE ( 'NONE', *, *, #4473, .T. ) ;
#7274 = CARTESIAN_POINT ( 'NONE',  ( -0.9950000000000002176, -1.450000000000000178, -4.159551575750739083 ) ) ;
#7275 = EDGE_LOOP ( 'NONE', ( #2562, #8270, #7543, #7594 ) ) ;
#7276 = VECTOR ( 'NONE', #8055, 1000.000000000000000 ) ;
#7277 = VECTOR ( 'NONE', #5650, 1000.000000000000000 ) ;
#7278 = ORIENTED_EDGE ( 'NONE', *, *, #3093, .T. ) ;
#7279 = PRESENTATION_STYLE_ASSIGNMENT (( #2665 ) ) ;
#7280 = CARTESIAN_POINT ( 'NONE',  ( 1.544999999999999929, -0.1898791645069245193, -3.750320303035187042 ) ) ;
#7281 = STYLED_ITEM ( 'NONE', ( #2443 ), #7264 ) ;
#7282 = CARTESIAN_POINT ( 'NONE',  ( -0.5200000000000004619, -0.1898791645069244916, -3.750320303035187042 ) ) ;
#7283 = VECTOR ( 'NONE', #8615, 1000.000000000000000 ) ;
#7284 = LINE ( 'NONE', #7745, #7383 ) ;
#7286 = ORIENTED_EDGE ( 'NONE', *, *, #5139, .F. ) ;
#7285 = CARTESIAN_POINT ( 'NONE',  ( 3.209999999999999964, 2.499999999999999556, -2.060000000000005382 ) ) ;
#7287 = STYLED_ITEM ( 'NONE', ( #522 ), #2485 ) ;
#7288 = ORIENTED_EDGE ( 'NONE', *, *, #356, .T. ) ;
#7289 = CARTESIAN_POINT ( 'NONE',  ( 3.209999999999999964, 0.000000000000000000, 0.000000000000000000 ) ) ;
#7290 = DIRECTION ( 'NONE',  ( -0.000000000000000000, -1.000000000000000000, -2.891205793294678326E-16 ) ) ;
#7291 = ORIENTED_EDGE ( 'NONE', *, *, #4175, .F. ) ;
#7292 = DIRECTION ( 'NONE',  ( 1.000000000000000000, 0.000000000000000000, 0.000000000000000000 ) ) ;
#7293 = CARTESIAN_POINT ( 'NONE',  ( 0.6699999999999998179, 2.499999999999999112, 2.060000000000005382 ) ) ;
#7294 = ORIENTED_EDGE ( 'NONE', *, *, #8346, .F. ) ;
#7295 = VECTOR ( 'NONE', #8248, 1000.000000000000000 ) ;
#7296 = LINE ( 'NONE', #2589, #6919 ) ;
#7297 = ORIENTED_EDGE ( 'NONE', *, *, #1761, .F. ) ;
#7298 = LINE ( 'NONE', #6453, #4189 ) ;
#7299 = AXIS2_PLACEMENT_3D ( 'NONE', #3434, #758, #5643 ) ;
#7300 = DIRECTION ( 'NONE',  ( -7.228014483236699514E-16, 0.000000000000000000, -1.000000000000000000 ) ) ;
#7301 = ORIENTED_EDGE ( 'NONE', *, *, #8936, .T. ) ;
#7302 = FILL_AREA_STYLE ('',( #6527 ) ) ;
#7303 =( NAMED_UNIT ( * ) SI_UNIT ( $, .STERADIAN. ) SOLID_ANGLE_UNIT ( ) );
#7304 = ORIENTED_EDGE ( 'NONE', *, *, #6142, .F. ) ;
#7305 = EDGE_CURVE ( 'NONE', #9119, #6793, #5596, .T. ) ;
#7306 = STYLED_ITEM ( 'NONE', ( #7983 ), #2390 ) ;
#7307 = LINE ( 'NONE', #897, #1165 ) ;
#7308 = ORIENTED_EDGE ( 'NONE', *, *, #7995, .T. ) ;
#7309 = VECTOR ( 'NONE', #8005, 1000.000000000000000 ) ;
#7310 = DIRECTION ( 'NONE',  ( -0.000000000000000000, 1.000000000000000000, -0.000000000000000000 ) ) ;
#7311 = EDGE_CURVE ( 'NONE', #4953, #7420, #5360, .T. ) ;
#7312 = VECTOR ( 'NONE', #4608, 1000.000000000000000 ) ;
#7313 = CARTESIAN_POINT ( 'NONE',  ( -0.5200000000000004619, 0.000000000000000000, 3.349999999999997424 ) ) ;
#7314 = ORIENTED_EDGE ( 'NONE', *, *, #3511, .T. ) ;
#7315 = FACE_OUTER_BOUND ( 'NONE', #1353, .T. ) ;
#7316 = CARTESIAN_POINT ( 'NONE',  ( -5.309999999999999609, 2.400000000000000355, 1.800000000000000711 ) ) ;
#7317 = DIRECTION ( 'NONE',  ( 0.000000000000000000, 1.000000000000000000, 0.000000000000000000 ) ) ;
#7318 = CARTESIAN_POINT ( 'NONE',  ( -0.6700000000000003730, 2.249999999999999556, -1.810000000000000275 ) ) ;
#7319 = VECTOR ( 'NONE', #8725, 1000.000000000000114 ) ;
#7320 =( NAMED_UNIT ( * ) SI_UNIT ( $, .STERADIAN. ) SOLID_ANGLE_UNIT ( ) );
#7321 = VECTOR ( 'NONE', #4497, 1000.000000000000000 ) ;
#7322 = ORIENTED_EDGE ( 'NONE', *, *, #6570, .T. ) ;
#7323 = STYLED_ITEM ( 'NONE', ( #8813 ), #5583 ) ;
#7324 = ORIENTED_EDGE ( 'NONE', *, *, #8210, .T. ) ;
#7325 = CARTESIAN_POINT ( 'NONE',  ( -5.815000000000000391, -4.671727114508762651E-32, 3.350000000000000977 ) ) ;
#7326 = LINE ( 'NONE', #4229, #1251 ) ;
#7327 = DIRECTION ( 'NONE',  ( -1.000000000000000000, -0.000000000000000000, -0.000000000000000000 ) ) ;
#7328 = ORIENTED_EDGE ( 'NONE', *, *, #4473, .F. ) ;
#7329 = CARTESIAN_POINT ( 'NONE',  ( -1.545000000000000373, -1.150000000000000355, 4.049289471110532723 ) ) ;
#7330 = LINE ( 'NONE', #3548, #7444 ) ;
#7331 = ORIENTED_EDGE ( 'NONE', *, *, #7876, .F. ) ;
#7332 = EDGE_CURVE ( 'NONE', #2166, #5787, #2543, .T. ) ;
#7333 = COLOUR_RGB ( '',1.000000000000000000, 1.000000000000000000, 0.5019607843137254832 ) ;
#7334 = COLOUR_RGB ( '',1.000000000000000000, 1.000000000000000000, 0.5019607843137254832 ) ;
#7335 = MECHANICAL_DESIGN_GEOMETRIC_PRESENTATION_REPRESENTATION (  '', ( #5638 ), #4814 ) ;
#7336 = UNCERTAINTY_MEASURE_WITH_UNIT (LENGTH_MEASURE( 1.000000000000000082E-05 ), #5210, 'distance_accuracy_value', 'NONE');
#7337 = DIRECTION ( 'NONE',  ( -0.000000000000000000, 0.000000000000000000, 1.000000000000000000 ) ) ;
#7338 = DIRECTION ( 'NONE',  ( 0.000000000000000000, 0.9987187878592515000, -0.05060417746537709816 ) ) ;
#7339 = DIRECTION ( 'NONE',  ( -1.000000000000000000, -0.000000000000000000, -0.000000000000000000 ) ) ;
#7340 = EDGE_LOOP ( 'NONE', ( #2370, #5224, #5488 ) ) ;
#7341 = DIRECTION ( 'NONE',  ( 0.000000000000000000, 1.000000000000000000, 0.000000000000000000 ) ) ;
#7342 = SURFACE_STYLE_FILL_AREA ( #6376 ) ;
#7343 = CIRCLE ( 'NONE', #4346, 0.1000000000000000472 ) ;
#7344 = EDGE_CURVE ( 'NONE', #2411, #6169, #8482, .T. ) ;
#7345 = ORIENTED_EDGE ( 'NONE', *, *, #7191, .F. ) ;
#7346 = VECTOR ( 'NONE', #4465, 1000.000000000000000 ) ;
#7347 = ADVANCED_FACE ( 'NONE', ( #8628 ), #5405, .T. ) ;
#7348 = CARTESIAN_POINT ( 'NONE',  ( 3.209999999999999964, 2.780000000000000249, 0.5999999999999994227 ) ) ;
#7349 = VECTOR ( 'NONE', #8595, 1000.000000000000114 ) ;
#7350 = VERTEX_POINT ( 'NONE', #5514 ) ;
#7351 = CARTESIAN_POINT ( 'NONE',  ( 3.310000000000000053, 2.780000000000000249, 0.6999999999999995115 ) ) ;
#7352 =( NAMED_UNIT ( * ) SI_UNIT ( $, .STERADIAN. ) SOLID_ANGLE_UNIT ( ) );
#7353 = EDGE_CURVE ( 'NONE', #551, #1249, #5408, .T. ) ;
#7354 = ADVANCED_FACE ( 'NONE', ( #8493 ), #9101, .F. ) ;
#7355 = ORIENTED_EDGE ( 'NONE', *, *, #2548, .F. ) ;
#7356 = CARTESIAN_POINT ( 'NONE',  ( 4.309999999999999609, 2.780000000000000249, 0.000000000000000000 ) ) ;
#7357 = LINE ( 'NONE', #9207, #4406 ) ;
#7358 = DIRECTION ( 'NONE',  ( 0.000000000000000000, 0.000000000000000000, 1.000000000000000000 ) ) ;
#7359 = DIRECTION ( 'NONE',  ( -0.2505628070857320866, 0.9351131265310290708, -0.2505628070857320866 ) ) ;
#7360 = DIRECTION ( 'NONE',  ( -1.000000000000000000, 0.000000000000000000, 2.168404344971009854E-16 ) ) ;
#7361 = PLANE ( 'NONE',  #8200 ) ;
#7362 = AXIS2_PLACEMENT_3D ( 'NONE', #2025, #5533, #4767 ) ;
#7363 = LINE ( 'NONE', #7559, #7057 ) ;
#7364 = ORIENTED_EDGE ( 'NONE', *, *, #2820, .F. ) ;
#7365 = ADVANCED_BREP_SHAPE_REPRESENTATION ( '', ( #1653, #7547, #5707, #7264, #5778, #3967, #6491, #5070, #7109, #8345, #2786, #2070, #2441, #3207, #182 ), #8272 ) ;
#7366 = CARTESIAN_POINT ( 'NONE',  ( -5.815000000000000391, 2.000000000000000000, 2.350000000000000977 ) ) ;
#7367 = ORIENTED_EDGE ( 'NONE', *, *, #2615, .T. ) ;
#7368 = CARTESIAN_POINT ( 'NONE',  ( -3.060000000000000053, -1.150000000000000133, 3.550576545463337119 ) ) ;
#7369 = EDGE_CURVE ( 'NONE', #2803, #8858, #2318, .T. ) ;
#7370 = AXIS2_PLACEMENT_3D ( 'NONE', #5314, #8929, #7449 ) ;
#7371 = DIRECTION ( 'NONE',  ( 0.000000000000000000, -0.000000000000000000, -1.000000000000000000 ) ) ;
#7372 = ORIENTED_EDGE ( 'NONE', *, *, #5052, .F. ) ;
#7373 = PRESENTATION_STYLE_ASSIGNMENT (( #7033 ) ) ;
#7374 = STYLED_ITEM ( 'NONE', ( #6051 ), #3927 ) ;
#7375 = VECTOR ( 'NONE', #2365, 1000.000000000000114 ) ;
#7376 = LINE ( 'NONE', #2538, #4269 ) ;
#7377 = PLANE ( 'NONE',  #8193 ) ;
#7378 = EDGE_LOOP ( 'NONE', ( #2668, #5682, #5217 ) ) ;
#7379 = PLANE ( 'NONE',  #6678 ) ;
#7380 = EDGE_CURVE ( 'NONE', #8718, #5337, #2514, .T. ) ;
#7381 = DIRECTION ( 'NONE',  ( 0.000000000000000000, 0.7071067811865404673, -0.7071067811865545671 ) ) ;
#7382 = DIRECTION ( 'NONE',  ( 0.000000000000000000, 1.000000000000000000, 2.891205793294678326E-16 ) ) ;
#7383 = VECTOR ( 'NONE', #9149, 1000.000000000000000 ) ;
#7384 = ORIENTED_EDGE ( 'NONE', *, *, #5548, .F. ) ;
#7385 = ORIENTED_EDGE ( 'NONE', *, *, #3819, .T. ) ;
#7386 = AXIS2_PLACEMENT_3D ( 'NONE', #7754, #4842, #9090 ) ;
#7387 = CARTESIAN_POINT ( 'NONE',  ( 4.559999999999999609, 0.2500000000000000000, 3.349999999999997424 ) ) ;
#7388 = CARTESIAN_POINT ( 'NONE',  ( 5.815000000000000391, 2.250000000000000444, 3.349999999999999645 ) ) ;
#7389 = AXIS2_PLACEMENT_3D ( 'NONE', #3728, #5796, #4507 ) ;
#7390 = VECTOR ( 'NONE', #7538, 1000.000000000000000 ) ;
#7391 = LINE ( 'NONE', #8964, #823 ) ;
#7392 = EDGE_LOOP ( 'NONE', ( #1041, #861, #2566, #476 ) ) ;
#7393 = VECTOR ( 'NONE', #429, 1000.000000000000000 ) ;
#7394 = ADVANCED_FACE ( 'NONE', ( #8410 ), #6201, .F. ) ;
#7395 = DIRECTION ( 'NONE',  ( -0.000000000000000000, 0.000000000000000000, 1.000000000000000000 ) ) ;
#7396 = CYLINDRICAL_SURFACE ( 'NONE', #1188, 0.1000000000000000472 ) ;
#7397 = VECTOR ( 'NONE', #1163, 1000.000000000000000 ) ;
#7398 = CARTESIAN_POINT ( 'NONE',  ( -1.545000000000000373, -1.450000000000000178, 4.159551575750739083 ) ) ;
#7399 = CARTESIAN_POINT ( 'NONE',  ( -3.535000000000000142, -1.349999999999999645, -4.159551575750739083 ) ) ;
#7400 = CARTESIAN_POINT ( 'NONE',  ( -3.060000000000000053, -1.450000000000000178, 4.159551575750739083 ) ) ;
#7401 = ORIENTED_EDGE ( 'NONE', *, *, #3526, .T. ) ;
#7402 = CARTESIAN_POINT ( 'NONE',  ( -0.7700000000000006839, 1.999999999999999112, 0.6999999999999992895 ) ) ;
#7403 = EDGE_CURVE ( 'NONE', #8942, #3868, #5567, .T. ) ;
#7404 = VERTEX_POINT ( 'NONE', #2126 ) ;
#7405 = CARTESIAN_POINT ( 'NONE',  ( -5.309999999999999609, 2.500000000000000000, 2.300000000000000711 ) ) ;
#7406 = FACE_OUTER_BOUND ( 'NONE', #4326, .T. ) ;
#7407 = AXIS2_PLACEMENT_3D ( 'NONE', #1635, #2354, #8455 ) ;
#7408 = ORIENTED_EDGE ( 'NONE', *, *, #8803, .F. ) ;
#7409 = LINE ( 'NONE', #8267, #7563 ) ;
#7410 = CARTESIAN_POINT ( 'NONE',  ( -4.084999999999999964, -1.355060417746537293, 4.059679696964812123 ) ) ;
#7411 = LINE ( 'NONE', #5165, #4584 ) ;
#7412 = ORIENTED_EDGE ( 'NONE', *, *, #7136, .F. ) ;
#7413 = PLANE ( 'NONE',  #8536 ) ;
#7414 = FILL_AREA_STYLE ('',( #5985 ) ) ;
#7415 = VECTOR ( 'NONE', #8374, 1000.000000000000000 ) ;
#7416 = LINE ( 'NONE', #8175, #1298 ) ;
#7418 = ORIENTED_EDGE ( 'NONE', *, *, #4131, .T. ) ;
#7417 = CARTESIAN_POINT ( 'NONE',  ( 3.209999999999999964, 2.249999999999999556, -1.810000000000000275 ) ) ;
#7419 = EDGE_CURVE ( 'NONE', #4343, #361, #5335, .T. ) ;
#7420 = VERTEX_POINT ( 'NONE', #1999 ) ;
#7421 = EDGE_CURVE ( 'NONE', #8557, #8908, #2416, .T. ) ;
#7422 =( NAMED_UNIT ( * ) PLANE_ANGLE_UNIT ( ) SI_UNIT ( $, .RADIAN. ) );
#7423 = DIRECTION ( 'NONE',  ( 1.000000000000000000, -4.565061778886337988E-16, -2.313075504410461447E-17 ) ) ;
#7424 = LINE ( 'NONE', #1364, #7555 ) ;
#7425 = LINE ( 'NONE', #1272, #1289 ) ;
#7426 = DIRECTION ( 'NONE',  ( -0.000000000000000000, -1.000000000000000000, -2.891205793294678326E-16 ) ) ;
#7427 = AXIS2_PLACEMENT_3D ( 'NONE', #4020, #7526, #6095 ) ;
#7428 = CARTESIAN_POINT ( 'NONE',  ( 1.301042606982606553E-16, 2.780000000000000249, 0.6000000000000003109 ) ) ;
#7429 = CARTESIAN_POINT ( 'NONE',  ( 4.410000000000000142, 2.249999999999999556, -1.810000000000000275 ) ) ;
#7430 = FACE_OUTER_BOUND ( 'NONE', #7224, .T. ) ;
#7431 = ORIENTED_EDGE ( 'NONE', *, *, #1194, .F. ) ;
#7432 = LINE ( 'NONE', #5088, #1297 ) ;
#7433 = VECTOR ( 'NONE', #8105, 1000.000000000000000 ) ;
#7434 =( GEOMETRIC_REPRESENTATION_CONTEXT ( 3 ) GLOBAL_UNCERTAINTY_ASSIGNED_CONTEXT ( ( #1555 ) ) GLOBAL_UNIT_ASSIGNED_CONTEXT ( ( #5591, #9138, #2158 ) ) REPRESENTATION_CONTEXT ( 'NONE', 'WORKASPACE' ) );
#7435 = DIRECTION ( 'NONE',  ( -1.000000000000000000, -0.000000000000000000, -0.000000000000000000 ) ) ;
#7436 = ORIENTED_EDGE ( 'NONE', *, *, #1404, .T. ) ;
#7437 = DIRECTION ( 'NONE',  ( -0.000000000000000000, 0.000000000000000000, 1.000000000000000000 ) ) ;
#7438 = ADVANCED_FACE ( 'NONE', ( #2529 ), #1693, .F. ) ;
#7439 = ORIENTED_EDGE ( 'NONE', *, *, #470, .T. ) ;
#7440 = DIRECTION ( 'NONE',  ( -1.000000000000000000, -0.000000000000000000, -0.000000000000000000 ) ) ;
#7441 = EDGE_CURVE ( 'NONE', #839, #5498, #5423, .T. ) ;
#7442 = VECTOR ( 'NONE', #6588, 1000.000000000000000 ) ;
#7443 = CARTESIAN_POINT ( 'NONE',  ( 0.9949999999999997735, -1.450000000000000178, -4.159551575750739083 ) ) ;
#7444 = VECTOR ( 'NONE', #7072, 1000.000000000000000 ) ;
#7445 = CARTESIAN_POINT ( 'NONE',  ( 5.394362474025633070, -1.569840618506411101, -2.929362474025630991 ) ) ;
#7446 = VERTEX_POINT ( 'NONE', #127 ) ;
#7447 = CARTESIAN_POINT ( 'NONE',  ( -0.5200000000000004619, 0.000000000000000000, -3.349999999999997424 ) ) ;
#7448 = UNCERTAINTY_MEASURE_WITH_UNIT (LENGTH_MEASURE( 1.000000000000000082E-05 ), #893, 'distance_accuracy_value', 'NONE');
#7449 = DIRECTION ( 'NONE',  ( 0.000000000000000000, 3.907034855803616961E-16, -1.000000000000000000 ) ) ;
#7450 = CARTESIAN_POINT ( 'NONE',  ( 0.5200000000000000178, 0.000000000000000000, 3.349999999999997424 ) ) ;
#7451 = CARTESIAN_POINT ( 'NONE',  ( -1.545000000000000373, -1.700000000000000178, -4.954999999999999183 ) ) ;
#7452 = EDGE_CURVE ( 'NONE', #7798, #8126, #5517, .T. ) ;
#7453 = FACE_OUTER_BOUND ( 'NONE', #6549, .T. ) ;
#7454 = EDGE_CURVE ( 'NONE', #1296, #5498, #5437, .T. ) ;
#7455 = CARTESIAN_POINT ( 'NONE',  ( -4.410000000000000142, 2.249999999999999112, -0.6999999999999994005 ) ) ;
#7456 = FACE_OUTER_BOUND ( 'NONE', #3214, .T. ) ;
#7457 = LINE ( 'NONE', #7108, #1392 ) ;
#7458 = CARTESIAN_POINT ( 'NONE',  ( -3.060000000000000053, -1.450000000000000178, -4.159551575750739083 ) ) ;
#7459 = UNCERTAINTY_MEASURE_WITH_UNIT (LENGTH_MEASURE( 1.000000000000000082E-05 ), #7828, 'distance_accuracy_value', 'NONE');
#7460 = DIRECTION ( 'NONE',  ( 1.000000000000000000, -4.565061778886337988E-16, -2.313075504410461447E-17 ) ) ;
#7461 = ORIENTED_EDGE ( 'NONE', *, *, #1020, .F. ) ;
#7462 = VECTOR ( 'NONE', #7114, 1000.000000000000000 ) ;
#7463 = ORIENTED_EDGE ( 'NONE', *, *, #7369, .T. ) ;
#7464 = DIRECTION ( 'NONE',  ( 0.000000000000000000, 0.000000000000000000, -1.000000000000000000 ) ) ;
#7465 = CARTESIAN_POINT ( 'NONE',  ( 2.019999999999999574, 0.2500000000000000000, 3.349999999999997424 ) ) ;
#7466 = DIRECTION ( 'NONE',  ( -1.000000000000000000, 0.000000000000000000, 0.000000000000000000 ) ) ;
#7467 = CARTESIAN_POINT ( 'NONE',  ( -1.770000000000000240, 2.880000000000000338, 0.5999999999999994227 ) ) ;
#7468 = ORIENTED_EDGE ( 'NONE', *, *, #2669, .F. ) ;
#7469 = CARTESIAN_POINT ( 'NONE',  ( -0.9950000000000002176, -0.1898791645069245193, 3.750320303035187042 ) ) ;
#7470 = FACE_OUTER_BOUND ( 'NONE', #624, .T. ) ;
#7471 = VECTOR ( 'NONE', #8049, 1000.000000000000000 ) ;
#7472 = EDGE_CURVE ( 'NONE', #5076, #294, #8537, .T. ) ;
#7473 = STYLED_ITEM ( 'NONE', ( #2088 ), #9192 ) ;
#7474 = AXIS2_PLACEMENT_3D ( 'NONE', #4736, #1034, #2539 ) ;
#7475 = DIRECTION ( 'NONE',  ( -0.000000000000000000, -0.000000000000000000, -1.000000000000000000 ) ) ;
#7476 = LINE ( 'NONE', #2077, #1346 ) ;
#7477 = EDGE_LOOP ( 'NONE', ( #8044, #8720, #2827, #2222 ) ) ;
#7478 = CARTESIAN_POINT ( 'NONE',  ( 4.559999999999999609, -0.2000000000000000111, 3.550576545463337119 ) ) ;
#7479 = ADVANCED_FACE ( 'NONE', ( #8653 ), #8429, .T. ) ;
#7480 = DIRECTION ( 'NONE',  ( -1.000000000000000000, 0.000000000000000000, 0.000000000000000000 ) ) ;
#7481 = PRESENTATION_STYLE_ASSIGNMENT (( #4357 ) ) ;
#7483 = ORIENTED_EDGE ( 'NONE', *, *, #4794, .T. ) ;
#7482 = FILL_AREA_STYLE_COLOUR ( '', #2892 ) ;
#7484 = ORIENTED_EDGE ( 'NONE', *, *, #5947, .T. ) ;
#7485 = AXIS2_PLACEMENT_3D ( 'NONE', #7638, #2707, #3253 ) ;
#7486 = FACE_OUTER_BOUND ( 'NONE', #8891, .T. ) ;
#7487 = CARTESIAN_POINT ( 'NONE',  ( 3.209999999999999964, 2.249999999999999112, 1.809999999999999831 ) ) ;
#7488 = VECTOR ( 'NONE', #5996, 1000.000000000000000 ) ;
#7489 = VECTOR ( 'NONE', #7581, 1000.000000000000000 ) ;
#7490 = DIRECTION ( 'NONE',  ( 1.000000000000000000, 0.000000000000000000, 0.000000000000000000 ) ) ;
#7491 = DIRECTION ( 'NONE',  ( 0.000000000000000000, 1.000000000000000000, 0.000000000000000000 ) ) ;
#7492 = DIRECTION ( 'NONE',  ( -1.000000000000000000, -4.565061778886337988E-16, -2.313075504410495651E-17 ) ) ;
#7493 = EDGE_LOOP ( 'NONE', ( #6605, #9173, #3892, #6205 ) ) ;
#7494 = FACE_OUTER_BOUND ( 'NONE', #1388, .T. ) ;
#7495 = EDGE_CURVE ( 'NONE', #7350, #47, #2300, .T. ) ;
#7496 = LINE ( 'NONE', #3000, #7670 ) ;
#7497 = ORIENTED_EDGE ( 'NONE', *, *, #5409, .T. ) ;
#7498 = COLOUR_RGB ( '',1.000000000000000000, 1.000000000000000000, 0.5019607843137254832 ) ;
#7499 = DIRECTION ( 'NONE',  ( -1.000000000000000000, -0.000000000000000000, 0.000000000000000000 ) ) ;
#7500 = ORIENTED_EDGE ( 'NONE', *, *, #9014, .F. ) ;
#7501 =( NAMED_UNIT ( * ) PLANE_ANGLE_UNIT ( ) SI_UNIT ( $, .RADIAN. ) );
#7502 = CARTESIAN_POINT ( 'NONE',  ( 0.5200000000000000178, -1.150000000000000133, 3.550576545463337119 ) ) ;
#7503 = PRODUCT_DEFINITION_CONTEXT ( 'detailed design', #6650, 'design' ) ;
#7504 = EDGE_CURVE ( 'NONE', #2280, #200, #5373, .T. ) ;
#7505 = LINE ( 'NONE', #232, #1375 ) ;
#7506 = PRESENTATION_STYLE_ASSIGNMENT (( #8932 ) ) ;
#7507 = CARTESIAN_POINT ( 'NONE',  ( 4.559999999999999609, -0.1898791645069244916, -3.750320303035187042 ) ) ;
#7508 = ADVANCED_FACE ( 'NONE', ( #8456 ), #3672, .F. ) ;
#7509 = VERTEX_POINT ( 'NONE', #3011 ) ;
#7510 = LINE ( 'NONE', #5262, #7610 ) ;
#7511 =( LENGTH_UNIT ( ) NAMED_UNIT ( * ) SI_UNIT ( .MILLI., .METRE. ) );
#7512 = DIRECTION ( 'NONE',  ( 0.7071067811865479058, 0.000000000000000000, 0.7071067811865472397 ) ) ;
#7513 = EDGE_CURVE ( 'NONE', #6731, #57, #2331, .T. ) ;
#7514 = AXIS2_PLACEMENT_3D ( 'NONE', #4593, #3754, #5283 ) ;
#7515 = CARTESIAN_POINT ( 'NONE',  ( -4.084999999999999964, -1.700000000000000178, -3.350000000000000533 ) ) ;
#7516 = VECTOR ( 'NONE', #444, 1000.000000000000000 ) ;
#7517 = DIRECTION ( 'NONE',  ( -0.000000000000000000, 1.000000000000000000, -0.000000000000000000 ) ) ;
#7518 = CYLINDRICAL_SURFACE ( 'NONE', #3715, 0.1000000000000002554 ) ;
#7519 = CARTESIAN_POINT ( 'NONE',  ( 0.7699999999999997957, 1.999999999999999112, 0.6999999999999992895 ) ) ;
#7520 = ORIENTED_EDGE ( 'NONE', *, *, #2639, .T. ) ;
#7521 = AXIS2_PLACEMENT_3D ( 'NONE', #5485, #5588, #1970 ) ;
#7522 = EDGE_LOOP ( 'NONE', ( #67, #3006, #6285, #3481 ) ) ;
#7523 = PLANE ( 'NONE',  #8212 ) ;
#7524 = LINE ( 'NONE', #7963, #4250 ) ;
#7525 = DIRECTION ( 'NONE',  ( 0.000000000000000000, 1.000000000000000000, 0.000000000000000000 ) ) ;
#7526 = DIRECTION ( 'NONE',  ( 0.000000000000000000, 1.000000000000000000, 2.891205793294678326E-16 ) ) ;
#7527 = EDGE_LOOP ( 'NONE', ( #8063, #4797, #4532, #5265 ) ) ;
#7528 = LINE ( 'NONE', #3748, #4496 ) ;
#7529 = CIRCLE ( 'NONE', #6097, 0.4499999999999999001 ) ;
#7530 = ORIENTED_EDGE ( 'NONE', *, *, #2628, .T. ) ;
#7531 = FACE_OUTER_BOUND ( 'NONE', #1062, .T. ) ;
#7532 = MECHANICAL_DESIGN_GEOMETRIC_PRESENTATION_REPRESENTATION (  '', ( #8997 ), #8101 ) ;
#7533 = DIRECTION ( 'NONE',  ( 0.000000000000000000, 0.000000000000000000, -1.000000000000000000 ) ) ;
#7534 = CARTESIAN_POINT ( 'NONE',  ( 4.559999999999999609, 0.2500000000000000000, 3.349999999999997424 ) ) ;
#7535 = DIRECTION ( 'NONE',  ( -1.000000000000000000, -0.000000000000000000, 0.000000000000000000 ) ) ;
#7536 = VERTEX_POINT ( 'NONE', #1583 ) ;
#7537 = DIRECTION ( 'NONE',  ( -0.000000000000000000, -0.000000000000000000, 1.000000000000000000 ) ) ;
#7538 = DIRECTION ( 'NONE',  ( -0.000000000000000000, -0.000000000000000000, 1.000000000000000000 ) ) ;
#7539 = ORIENTED_EDGE ( 'NONE', *, *, #5353, .F. ) ;
#7540 = EDGE_CURVE ( 'NONE', #3997, #2780, #2391, .T. ) ;
#7541 =( GEOMETRIC_REPRESENTATION_CONTEXT ( 3 ) GLOBAL_UNCERTAINTY_ASSIGNED_CONTEXT ( ( #8766 ) ) GLOBAL_UNIT_ASSIGNED_CONTEXT ( ( #1626, #3788, #2344 ) ) REPRESENTATION_CONTEXT ( 'NONE', 'WORKASPACE' ) );
#7542 = EDGE_CURVE ( 'NONE', #8903, #2664, #5479, .T. ) ;
#7543 = ORIENTED_EDGE ( 'NONE', *, *, #3324, .F. ) ;
#7544 = DIRECTION ( 'NONE',  ( -0.000000000000000000, -1.000000000000000000, -2.891205793294678326E-16 ) ) ;
#7545 = DIRECTION ( 'NONE',  ( -1.000000000000000000, -0.000000000000000000, 0.000000000000000000 ) ) ;
#7546 = VECTOR ( 'NONE', #1010, 1000.000000000000114 ) ;
#7547 = MANIFOLD_SOLID_BREP ( 'Mirror1', #7103 ) ;
#7548 = CYLINDRICAL_SURFACE ( 'NONE', #4562, 0.1000000000000001582 ) ;
#7549 = EDGE_CURVE ( 'NONE', #6577, #3621, #8792, .T. ) ;
#7551 = ORIENTED_EDGE ( 'NONE', *, *, #8545, .T. ) ;
#7550 = SURFACE_SIDE_STYLE ('',( #9077 ) ) ;
#7552 = EDGE_CURVE ( 'NONE', #4290, #3027, #2754, .T. ) ;
#7553 = LINE ( 'NONE', #8189, #4522 ) ;
#7554 = CARTESIAN_POINT ( 'NONE',  ( -4.410000000000000142, 2.499999999999999112, 2.060000000000005382 ) ) ;
#7555 = VECTOR ( 'NONE', #2102, 1000.000000000000000 ) ;
#7556 = AXIS2_PLACEMENT_3D ( 'NONE', #4548, #3909, #8791 ) ;
#7557 = COLOUR_RGB ( '',0.7921568627450980005, 0.8196078431372548767, 0.9333333333333333481 ) ;
#7558 = CARTESIAN_POINT ( 'NONE',  ( 3.535000000000000142, -1.349999999999999645, 4.159551575750739083 ) ) ;
#7559 = CARTESIAN_POINT ( 'NONE',  ( 3.310000000000000053, 2.880000000000000338, 0.5999999999999994227 ) ) ;
#7560 = CARTESIAN_POINT ( 'NONE',  ( 4.309999999999999609, 2.780000000000000249, 0.6999999999999994005 ) ) ;
#7561 = CARTESIAN_POINT ( 'NONE',  ( 3.535000000000000142, -1.450000000000000178, -4.159551575750739083 ) ) ;
#7562 = ORIENTED_EDGE ( 'NONE', *, *, #5854, .T. ) ;
#7563 = VECTOR ( 'NONE', #3153, 1000.000000000000000 ) ;
#7564 = LINE ( 'NONE', #4689, #1461 ) ;
#7565 = VERTEX_POINT ( 'NONE', #3797 ) ;
#7566 = FACE_OUTER_BOUND ( 'NONE', #8383, .T. ) ;
#7567 = EDGE_CURVE ( 'NONE', #6264, #6592, #5763, .T. ) ;
#7568 = LINE ( 'NONE', #312, #4618 ) ;
#7569 = CARTESIAN_POINT ( 'NONE',  ( -4.410000000000000142, 1.999999999999999112, -0.7000000000000001776 ) ) ;
#7570 = ORIENTED_EDGE ( 'NONE', *, *, #8014, .F. ) ;
#7571 = ORIENTED_EDGE ( 'NONE', *, *, #6107, .T. ) ;
#7572 = FACE_OUTER_BOUND ( 'NONE', #7493, .T. ) ;
#7573 = FACE_OUTER_BOUND ( 'NONE', #6893, .T. ) ;
#7574 = EDGE_CURVE ( 'NONE', #3172, #3439, #8682, .T. ) ;
#7575 = FACE_OUTER_BOUND ( 'NONE', #4063, .T. ) ;
#7576 = CARTESIAN_POINT ( 'NONE',  ( -3.535000000000000142, -1.150000000000000355, -3.350000000000000533 ) ) ;
#7577 = ORIENTED_EDGE ( 'NONE', *, *, #2826, .T. ) ;
#7578 = DIRECTION ( 'NONE',  ( 0.000000000000000000, 0.000000000000000000, -1.000000000000000000 ) ) ;
#7579 = DIRECTION ( 'NONE',  ( -1.000000000000000000, 0.000000000000000000, 0.000000000000000000 ) ) ;
#7580 = CARTESIAN_POINT ( 'NONE',  ( -0.5200000000000004619, 0.2500000000000000000, 3.550576545463337119 ) ) ;
#7581 = DIRECTION ( 'NONE',  ( 0.000000000000000000, 0.000000000000000000, -1.000000000000000000 ) ) ;
#7582 = EDGE_CURVE ( 'NONE', #4095, #6618, #2788, .T. ) ;
#7583 = EDGE_LOOP ( 'NONE', ( #9044, #3067, #6108, #210 ) ) ;
#7584 = UNCERTAINTY_MEASURE_WITH_UNIT (LENGTH_MEASURE( 1.000000000000000082E-05 ), #5064, 'distance_accuracy_value', 'NONE');
#7585 = EDGE_LOOP ( 'NONE', ( #7806, #3966, #8155, #4563 ) ) ;
#7586 = DIRECTION ( 'NONE',  ( -0.000000000000000000, -0.000000000000000000, 1.000000000000000000 ) ) ;
#7587 = CIRCLE ( 'NONE', #7779, 0.3500000000000004774 ) ;
#7588 = VECTOR ( 'NONE', #6021, 1000.000000000000000 ) ;
#7589 = VECTOR ( 'NONE', #8204, 1000.000000000000000 ) ;
#7590 = DIRECTION ( 'NONE',  ( -0.000000000000000000, 0.000000000000000000, 1.000000000000000000 ) ) ;
#7591 = CARTESIAN_POINT ( 'NONE',  ( 4.559999999999999609, -1.150000000000000133, -3.550576545463337119 ) ) ;
#7592 = EDGE_CURVE ( 'NONE', #1015, #5946, #5832, .T. ) ;
#7593 = FACE_OUTER_BOUND ( 'NONE', #3904, .T. ) ;
#7594 = ORIENTED_EDGE ( 'NONE', *, *, #5409, .F. ) ;
#7595 = FILL_AREA_STYLE ('',( #2725 ) ) ;
#7596 = DIRECTION ( 'NONE',  ( -4.565061778886337002E-16, 1.000000000000000000, 0.000000000000000000 ) ) ;
#7597 = LINE ( 'NONE', #6868, #1463 ) ;
#7598 = CARTESIAN_POINT ( 'NONE',  ( -3.060000000000000053, 0.000000000000000000, -3.550576545463337119 ) ) ;
#7599 = CARTESIAN_POINT ( 'NONE',  ( 5.815000000000000391, 0.000000000000000000, 3.349999999999999645 ) ) ;
#7600 = DIRECTION ( 'NONE',  ( 0.000000000000000000, 0.000000000000000000, -1.000000000000000000 ) ) ;
#7601 = EDGE_CURVE ( 'NONE', #8859, #5602, #2729, .T. ) ;
#7602 = DIRECTION ( 'NONE',  ( 1.000000000000000000, 0.000000000000000000, 0.000000000000000000 ) ) ;
#7603 = ORIENTED_EDGE ( 'NONE', *, *, #1841, .F. ) ;
#7604 = LINE ( 'NONE', #99, #4491 ) ;
#7605 = AXIS2_PLACEMENT_3D ( 'NONE', #290, #1577, #2289 ) ;
#7606 = LINE ( 'NONE', #1953, #1564 ) ;
#7607 = VECTOR ( 'NONE', #3960, 1000.000000000000000 ) ;
#7608 = LINE ( 'NONE', #1741, #1479 ) ;
#7609 = ORIENTED_EDGE ( 'NONE', *, *, #8530, .T. ) ;
#7610 = VECTOR ( 'NONE', #5953, 1000.000000000000000 ) ;
#7611 = DIRECTION ( 'NONE',  ( 0.000000000000000000, 0.000000000000000000, -1.000000000000000000 ) ) ;
#7612 = AXIS2_PLACEMENT_3D ( 'NONE', #4799, #1334, #2072 ) ;
#7613 = CARTESIAN_POINT ( 'NONE',  ( -0.5200000000000004619, -1.450000000000000178, 4.159551575750739083 ) ) ;
#7614 = COLOUR_RGB ( '',1.000000000000000000, 1.000000000000000000, 0.5019607843137254832 ) ;
#7615 = ADVANCED_FACE ( 'NONE', ( #5806 ), #587, .F. ) ;
#7616 = DIRECTION ( 'NONE',  ( -0.000000000000000000, -0.000000000000000000, 1.000000000000000000 ) ) ;
#7617 = STYLED_ITEM ( 'NONE', ( #3412 ), #8123 ) ;
#7618 = PLANE ( 'NONE',  #6597 ) ;
#7619 = FACE_OUTER_BOUND ( 'NONE', #4934, .T. ) ;
#7620 = LINE ( 'NONE', #2169, #7636 ) ;
#7621 = CARTESIAN_POINT ( 'NONE',  ( -0.5200000000000004619, -0.2000000000000000111, 3.550576545463337119 ) ) ;
#7622 = CARTESIAN_POINT ( 'NONE',  ( -4.084999999999999964, -1.700000000000000178, 4.954999999999999183 ) ) ;
#7623 = CARTESIAN_POINT ( 'NONE',  ( -3.060000000000000053, -0.1898791645069245193, 3.750320303035187042 ) ) ;
#7624 = LINE ( 'NONE', #5694, #1276 ) ;
#7625 = LINE ( 'NONE', #8704, #1536 ) ;
#7626 = VERTEX_POINT ( 'NONE', #2286 ) ;
#7627 = SURFACE_STYLE_FILL_AREA ( #3023 ) ;
#7628 = LINE ( 'NONE', #8235, #1500 ) ;
#7629 = ORIENTED_EDGE ( 'NONE', *, *, #5427, .F. ) ;
#7630 = CARTESIAN_POINT ( 'NONE',  ( -4.084999999999999964, -1.150000000000000355, 3.350000000000000533 ) ) ;
#7631 = CARTESIAN_POINT ( 'NONE',  ( -1.870000000000000107, 1.999999999999999112, -0.7000000000000001776 ) ) ;
#7632 = ORIENTED_EDGE ( 'NONE', *, *, #3007, .T. ) ;
#7633 = DIRECTION ( 'NONE',  ( 0.000000000000000000, 0.000000000000000000, -1.000000000000000000 ) ) ;
#7634 = MECHANICAL_DESIGN_GEOMETRIC_PRESENTATION_REPRESENTATION (  '', ( #2103 ), #2496 ) ;
#7635 = FACE_OUTER_BOUND ( 'NONE', #5006, .T. ) ;
#7636 = VECTOR ( 'NONE', #525, 1000.000000000000000 ) ;
#7637 = LINE ( 'NONE', #308, #1509 ) ;
#7638 = CARTESIAN_POINT ( 'NONE',  ( 2.019999999999999574, -0.1772281201405800644, 4.000000000000000000 ) ) ;
#7639 = LINE ( 'NONE', #7138, #7375 ) ;
#7640 = FACE_OUTER_BOUND ( 'NONE', #4312, .T. ) ;
#7641 = DIRECTION ( 'NONE',  ( 0.000000000000000000, 0.000000000000000000, -1.000000000000000000 ) ) ;
#7642 = ORIENTED_EDGE ( 'NONE', *, *, #3121, .F. ) ;
#7643 = ADVANCED_FACE ( 'NONE', ( #5717 ), #9222, .F. ) ;
#7644 = CARTESIAN_POINT ( 'NONE',  ( 4.559999999999999609, 0.2500000000000000000, 3.349999999999997424 ) ) ;
#7645 = ORIENTED_EDGE ( 'NONE', *, *, #7332, .T. ) ;
#7646 = DIRECTION ( 'NONE',  ( 0.000000000000000000, 0.000000000000000000, -1.000000000000000000 ) ) ;
#7647 = EDGE_LOOP ( 'NONE', ( #6009, #7331, #3840, #1115 ) ) ;
#7648 = PLANE ( 'NONE',  #2316 ) ;
#7649 = VECTOR ( 'NONE', #7112, 1000.000000000000000 ) ;
#7650 = DIRECTION ( 'NONE',  ( 1.000000000000000000, 0.000000000000000000, 0.000000000000000000 ) ) ;
#7651 = EDGE_CURVE ( 'NONE', #5869, #4106, #2635, .T. ) ;
#7652 = LINE ( 'NONE', #3487, #7309 ) ;
#7653 = FACE_OUTER_BOUND ( 'NONE', #4717, .T. ) ;
#7654 = VERTEX_POINT ( 'NONE', #3467 ) ;
#7655 = FILL_AREA_STYLE_COLOUR ( '', #8630 ) ;
#7656 = EDGE_CURVE ( 'NONE', #4420, #4358, #8898, .T. ) ;
#7657 = CARTESIAN_POINT ( 'NONE',  ( -0.5200000000000004619, -1.367711462112881859, -3.810000000000000053 ) ) ;
#7658 = STYLED_ITEM ( 'NONE', ( #7227 ), #1874 ) ;
#7659 = CARTESIAN_POINT ( 'NONE',  ( -3.209999999999999964, 2.249999999999999112, 0.6999999999999992895 ) ) ;
#7660 = DIRECTION ( 'NONE',  ( 0.000000000000000000, 0.000000000000000000, -1.000000000000000000 ) ) ;
#7661 = ADVANCED_FACE ( 'NONE', ( #8824 ), #1313, .T. ) ;
#7662 = FILL_AREA_STYLE_COLOUR ( '', #5054 ) ;
#7663 = DIRECTION ( 'NONE',  ( -1.000000000000000000, 0.000000000000000000, 1.219727444046192981E-16 ) ) ;
#7664 = ORIENTED_EDGE ( 'NONE', *, *, #5636, .T. ) ;
#7665 = EDGE_CURVE ( 'NONE', #649, #6954, #2703, .T. ) ;
#7666 = FACE_OUTER_BOUND ( 'NONE', #3991, .T. ) ;
#7667 = VECTOR ( 'NONE', #4502, 1000.000000000000000 ) ;
#7668 = SURFACE_STYLE_FILL_AREA ( #513 ) ;
#7669 = ADVANCED_FACE ( 'NONE', ( #5687 ), #5608, .T. ) ;
#7670 = VECTOR ( 'NONE', #4378, 1000.000000000000000 ) ;
#7671 = ORIENTED_EDGE ( 'NONE', *, *, #4456, .F. ) ;
#7672 = CARTESIAN_POINT ( 'NONE',  ( 4.559999999999999609, 0.2500000000000000000, -3.349999999999997424 ) ) ;
#7673 = CARTESIAN_POINT ( 'NONE',  ( 0.9949999999999997735, -1.349999999999999645, -4.159551575750739083 ) ) ;
#7674 = VECTOR ( 'NONE', #3884, 1000.000000000000000 ) ;
#7675 = LINE ( 'NONE', #8862, #1540 ) ;
#7676 = EDGE_CURVE ( 'NONE', #6370, #2396, #5797, .T. ) ;
#7677 = AXIS2_PLACEMENT_3D ( 'NONE', #4160, #5772, #5710 ) ;
#7678 =( NAMED_UNIT ( * ) SI_UNIT ( $, .STERADIAN. ) SOLID_ANGLE_UNIT ( ) );
#7679 = ORIENTED_EDGE ( 'NONE', *, *, #8397, .F. ) ;
#7680 = EDGE_CURVE ( 'NONE', #8934, #5108, #5850, .T. ) ;
#7681 = CARTESIAN_POINT ( 'NONE',  ( -1.770000000000000240, 2.880000000000000338, 0.09999999999999949207 ) ) ;
#7682 = FACE_OUTER_BOUND ( 'NONE', #5711, .T. ) ;
#7683 = DIRECTION ( 'NONE',  ( 0.000000000000000000, -0.9987187878592513890, -0.05060417746537783368 ) ) ;
#7684 = DIRECTION ( 'NONE',  ( -1.000000000000000000, -0.000000000000000000, -0.000000000000000000 ) ) ;
#7685 = DIRECTION ( 'NONE',  ( -1.000000000000000000, -0.000000000000000000, 0.000000000000000000 ) ) ;
#7686 = SURFACE_STYLE_USAGE ( .BOTH. , #8449 ) ;
#7687 = VECTOR ( 'NONE', #7512, 1000.000000000000000 ) ;
#7688 = ORIENTED_EDGE ( 'NONE', *, *, #1841, .T. ) ;
#7689 = STYLED_ITEM ( 'NONE', ( #2447 ), #5401 ) ;
#7690 = LINE ( 'NONE', #8431, #7516 ) ;
#7691 = PRESENTATION_STYLE_ASSIGNMENT (( #1506 ) ) ;
#7692 = CARTESIAN_POINT ( 'NONE',  ( 3.535000000000000142, -1.450000000000000178, 4.159551575750739083 ) ) ;
#7693 = VERTEX_POINT ( 'NONE', #4245 ) ;
#7694 = EDGE_CURVE ( 'NONE', #1367, #4889, #2804, .T. ) ;
#7695 = DIRECTION ( 'NONE',  ( 0.000000000000000000, 0.000000000000000000, -1.000000000000000000 ) ) ;
#7696 = CARTESIAN_POINT ( 'NONE',  ( 3.209999999999999964, 1.999999999999999112, -0.7000000000000001776 ) ) ;
#7697 = VECTOR ( 'NONE', #5846, 1000.000000000000000 ) ;
#7698 = CIRCLE ( 'NONE', #4241, 0.1000000000000001582 ) ;
#7699 = VECTOR ( 'NONE', #1145, 1000.000000000000000 ) ;
#7700 = EDGE_CURVE ( 'NONE', #8707, #57, #2568, .T. ) ;
#7701 = PRESENTATION_LAYER_ASSIGNMENT (  '', '', ( #2274 ) ) ;
#7702 = FACE_OUTER_BOUND ( 'NONE', #2518, .T. ) ;
#7703 = LINE ( 'NONE', #289, #4412 ) ;
#7704 = DIRECTION ( 'NONE',  ( -0.000000000000000000, -0.000000000000000000, 1.000000000000000000 ) ) ;
#7705 = CARTESIAN_POINT ( 'NONE',  ( 3.209999999999999964, 2.249999999999999112, 0.6999999999999992895 ) ) ;
#7706 = CARTESIAN_POINT ( 'NONE',  ( 2.019999999999999574, 0.000000000000000000, -3.349999999999997424 ) ) ;
#7707 = SPHERICAL_SURFACE ( 'NONE', #4581, 0.1000000000000000056 ) ;
#7708 = CARTESIAN_POINT ( 'NONE',  ( -2.020000000000000018, 0.2500000000000000000, -3.349999999999997424 ) ) ;
#7709 = SURFACE_STYLE_FILL_AREA ( #8807 ) ;
#7710 = SURFACE_SIDE_STYLE ('',( #4524 ) ) ;
#7711 = ORIENTED_EDGE ( 'NONE', *, *, #875, .T. ) ;
#7712 = ORIENTED_EDGE ( 'NONE', *, *, #1707, .T. ) ;
#7713 = VERTEX_POINT ( 'NONE', #8647 ) ;
#7714 = DIRECTION ( 'NONE',  ( 1.080576659662043073E-16, -0.2588190451025213501, 0.9659258262890680902 ) ) ;
#7715 = LINE ( 'NONE', #6989, #4950 ) ;
#7716 = CARTESIAN_POINT ( 'NONE',  ( -3.535000000000000142, -1.367711462112881859, 3.810000000000000053 ) ) ;
#7717 = DIRECTION ( 'NONE',  ( 0.000000000000000000, -0.7071067811865545671, -0.7071067811865404673 ) ) ;
#7718 = ORIENTED_EDGE ( 'NONE', *, *, #8616, .T. ) ;
#7719 = EDGE_CURVE ( 'NONE', #7862, #5661, #8697, .T. ) ;
#7720 = EDGE_LOOP ( 'NONE', ( #7251, #4217, #4211, #3816 ) ) ;
#7721 = DIRECTION ( 'NONE',  ( -0.000000000000000000, -0.000000000000000000, 1.000000000000000000 ) ) ;
#7722 = ADVANCED_FACE ( 'NONE', ( #8924 ), #5659, .T. ) ;
#7723 = DIRECTION ( 'NONE',  ( 0.000000000000000000, -0.000000000000000000, 1.000000000000000000 ) ) ;
#7724 = VECTOR ( 'NONE', #2141, 1000.000000000000000 ) ;
#7725 = EDGE_LOOP ( 'NONE', ( #297, #3129, #3267, #9186 ) ) ;
#7726 = FILL_AREA_STYLE_COLOUR ( '', #502 ) ;
#7727 = AXIS2_PLACEMENT_3D ( 'NONE', #3666, #1054, #1806 ) ;
#7728 = DIRECTION ( 'NONE',  ( 0.000000000000000000, 1.000000000000000000, 0.000000000000000000 ) ) ;
#7729 = ORIENTED_EDGE ( 'NONE', *, *, #1158, .T. ) ;
#7730 = CARTESIAN_POINT ( 'NONE',  ( 4.410000000000000142, 2.249999999999999112, 1.809999999999999831 ) ) ;
#7731 = VERTEX_POINT ( 'NONE', #1624 ) ;
#7732 = CARTESIAN_POINT ( 'NONE',  ( -4.309999999999999609, 4.649244398944980539, 0.5999999999999999778 ) ) ;
#7733 = DIRECTION ( 'NONE',  ( 0.000000000000000000, 0.000000000000000000, -1.000000000000000000 ) ) ;
#7734 = CARTESIAN_POINT ( 'NONE',  ( 4.410000000000000142, 2.249999999999999112, -0.6999999999999994005 ) ) ;
#7735 = EDGE_CURVE ( 'NONE', #6949, #4144, #8727, .T. ) ;
#7736 = ADVANCED_FACE ( 'NONE', ( #8740 ), #2400, .F. ) ;
#7737 = LINE ( 'NONE', #8594, #7649 ) ;
#7738 = LINE ( 'NONE', #1057, #4542 ) ;
#7739 = CIRCLE ( 'NONE', #3245, 0.09999999999999993616 ) ;
#7740 = VECTOR ( 'NONE', #230, 1000.000000000000000 ) ;
#7741 = VERTEX_POINT ( 'NONE', #8242 ) ;
#7742 = DIRECTION ( 'NONE',  ( 0.000000000000000000, -0.7071067811865552333, 0.7071067811865398012 ) ) ;
#7743 = EDGE_CURVE ( 'NONE', #1037, #1971, #6226, .T. ) ;
#7744 = MECHANICAL_DESIGN_GEOMETRIC_PRESENTATION_REPRESENTATION (  '', ( #8581 ), #902 ) ;
#7745 = CARTESIAN_POINT ( 'NONE',  ( 1.769999999999999352, 4.649244398944980539, 0.6999999999999999556 ) ) ;
#7746 = VECTOR ( 'NONE', #5814, 1000.000000000000000 ) ;
#7747 = ADVANCED_FACE ( 'NONE', ( #2991 ), #9174, .T. ) ;
#7748 = AXIS2_PLACEMENT_3D ( 'NONE', #3258, #4008, #2841 ) ;
#7749 = ORIENTED_EDGE ( 'NONE', *, *, #4939, .T. ) ;
#7750 = CARTESIAN_POINT ( 'NONE',  ( -0.9950000000000002176, -1.150000000000000355, 3.350000000000000533 ) ) ;
#7751 = DIRECTION ( 'NONE',  ( -1.000000000000000000, 0.000000000000000000, -0.000000000000000000 ) ) ;
#7753 = SURFACE_STYLE_FILL_AREA ( #854 ) ;
#7752 = DIRECTION ( 'NONE',  ( 0.000000000000000000, 0.000000000000000000, 1.000000000000000000 ) ) ;
#7754 = CARTESIAN_POINT ( 'NONE',  ( -0.5200000000000004619, 0.2500000000000000000, -3.349999999999997424 ) ) ;
#7755 = CARTESIAN_POINT ( 'NONE',  ( 3.535000000000000142, -1.450000000000000178, 4.954999999999999183 ) ) ;
#7756 = VERTEX_POINT ( 'NONE', #5258 ) ;
#7757 = VECTOR ( 'NONE', #375, 1000.000000000000000 ) ;
#7758 = ADVANCED_FACE ( 'NONE', ( #6177 ), #8114, .F. ) ;
#7759 = CYLINDRICAL_SURFACE ( 'NONE', #6077, 0.1000000000000001582 ) ;
#7760 = VERTEX_POINT ( 'NONE', #8754 ) ;
#7761 = DIRECTION ( 'NONE',  ( -1.000000000000000000, 0.000000000000000000, 2.168404344971009854E-16 ) ) ;
#7762 = VERTEX_POINT ( 'NONE', #5410 ) ;
#7763 = ORIENTED_EDGE ( 'NONE', *, *, #6377, .F. ) ;
#7764 = DIRECTION ( 'NONE',  ( 0.2588190451025213501, -0.9659258262890680902, 0.000000000000000000 ) ) ;
#7765 = AXIS2_PLACEMENT_3D ( 'NONE', #1469, #7885, #2766 ) ;
#7766 = EDGE_CURVE ( 'NONE', #573, #8351, #6, .T. ) ;
#7767 =( NAMED_UNIT ( * ) SI_UNIT ( $, .STERADIAN. ) SOLID_ANGLE_UNIT ( ) );
#7768 = VECTOR ( 'NONE', #3221, 1000.000000000000000 ) ;
#7769 = FACE_OUTER_BOUND ( 'NONE', #4573, .T. ) ;
#7770 = SURFACE_STYLE_USAGE ( .BOTH. , #6329 ) ;
#7771 = ORIENTED_EDGE ( 'NONE', *, *, #7472, .T. ) ;
#7772 = CARTESIAN_POINT ( 'NONE',  ( 0.5200000000000000178, -1.149999999999999911, -4.049289471110532723 ) ) ;
#7773 = CARTESIAN_POINT ( 'NONE',  ( 3.060000000000000053, -0.2000000000000000111, -3.550576545463337119 ) ) ;
#7774 = FACE_OUTER_BOUND ( 'NONE', #2851, .T. ) ;
#7775 =( NAMED_UNIT ( * ) PLANE_ANGLE_UNIT ( ) SI_UNIT ( $, .RADIAN. ) );
#7776 = EDGE_LOOP ( 'NONE', ( #970, #3408, #6217, #6467, #3379, #6305, #5875, #132 ) ) ;
#7777 = EDGE_CURVE ( 'NONE', #7713, #1044, #3009, .T. ) ;
#7778 = DIRECTION ( 'NONE',  ( -1.000000000000000000, -0.000000000000000000, -0.000000000000000000 ) ) ;
#7779 = AXIS2_PLACEMENT_3D ( 'NONE', #3176, #3910, #8576 ) ;
#7780 = CIRCLE ( 'NONE', #5148, 0.3500000000000004774 ) ;
#7781 = SURFACE_STYLE_USAGE ( .BOTH. , #680 ) ;
#7782 = ADVANCED_FACE ( 'NONE', ( #3124 ), #7377, .T. ) ;
#7783 = DIRECTION ( 'NONE',  ( -0.000000000000000000, 1.000000000000000000, -0.000000000000000000 ) ) ;
#7784 = VECTOR ( 'NONE', #7663, 1000.000000000000000 ) ;
#7785 = VECTOR ( 'NONE', #9114, 1000.000000000000000 ) ;
#7786 = EDGE_CURVE ( 'NONE', #5399, #5274, #18, .T. ) ;
#7787 = CARTESIAN_POINT ( 'NONE',  ( -4.709999999999999964, 2.400000000000000355, 2.300000000000000266 ) ) ;
#7788 = VECTOR ( 'NONE', #7991, 1000.000000000000000 ) ;
#7789 = DIRECTION ( 'NONE',  ( 0.000000000000000000, 0.000000000000000000, 1.000000000000000000 ) ) ;
#7790 = DIRECTION ( 'NONE',  ( -0.000000000000000000, -0.000000000000000000, 1.000000000000000000 ) ) ;
#7791 = ORIENTED_EDGE ( 'NONE', *, *, #265, .F. ) ;
#7792 = ORIENTED_EDGE ( 'NONE', *, *, #3376, .F. ) ;
#7793 = DIRECTION ( 'NONE',  ( -0.000000000000000000, 0.7071067811865404673, -0.7071067811865545671 ) ) ;
#7794 = ORIENTED_EDGE ( 'NONE', *, *, #5571, .F. ) ;
#7795 = FILL_AREA_STYLE_COLOUR ( '', #7498 ) ;
#7796 = AXIS2_PLACEMENT_3D ( 'NONE', #2278, #7300, #8436 ) ;
#7797 = SURFACE_STYLE_FILL_AREA ( #4109 ) ;
#7798 = VERTEX_POINT ( 'NONE', #1121 ) ;
#7799 = FACE_OUTER_BOUND ( 'NONE', #4258, .T. ) ;
#7800 = VECTOR ( 'NONE', #7270, 1000.000000000000000 ) ;
#7801 = PLANE ( 'NONE',  #485 ) ;
#7802 = DIRECTION ( 'NONE',  ( 1.000000000000000000, 0.000000000000000000, 0.000000000000000000 ) ) ;
#7803 = LINE ( 'NONE', #5125, #7746 ) ;
#7804 = VECTOR ( 'NONE', #6817, 1000.000000000000000 ) ;
#7805 = EDGE_CURVE ( 'NONE', #5108, #171, #2965, .T. ) ;
#7806 = ORIENTED_EDGE ( 'NONE', *, *, #901, .F. ) ;
#7807 = ORIENTED_EDGE ( 'NONE', *, *, #3623, .F. ) ;
#7808 = CARTESIAN_POINT ( 'NONE',  ( 0.7699999999999997957, 1.999999999999999112, 0.09999999999999928391 ) ) ;
#7809 = CARTESIAN_POINT ( 'NONE',  ( 3.310000000000000053, 2.780000000000000249, 0.09999999999999958922 ) ) ;
#7810 = DIRECTION ( 'NONE',  ( 1.000000000000000000, -4.565061778886337988E-16, -2.313075504410461447E-17 ) ) ;
#7811 = UNCERTAINTY_MEASURE_WITH_UNIT (LENGTH_MEASURE( 1.000000000000000082E-05 ), #4183, 'distance_accuracy_value', 'NONE');
#7812 = DIRECTION ( 'NONE',  ( -2.168404344971009854E-16, 2.891205793294678326E-16, -1.000000000000000000 ) ) ;
#7813 = CARTESIAN_POINT ( 'NONE',  ( 0.9949999999999997735, -1.700000000000000178, 3.350000000000000533 ) ) ;
#7814 = ORIENTED_EDGE ( 'NONE', *, *, #6057, .F. ) ;
#7815 = EDGE_CURVE ( 'NONE', #1994, #4358, #5967, .T. ) ;
#7816 = LINE ( 'NONE', #1471, #1783 ) ;
#7817 = LINE ( 'NONE', #6092, #1681 ) ;
#7818 = SURFACE_STYLE_USAGE ( .BOTH. , #6934 ) ;
#7819 = EDGE_CURVE ( 'NONE', #2618, #6859, #9106, .T. ) ;
#7820 = CARTESIAN_POINT ( 'NONE',  ( -3.060000000000000941, -1.150000000000000799, -3.798968757172755062 ) ) ;
#7821 = ORIENTED_EDGE ( 'NONE', *, *, #7305, .F. ) ;
#7822 = PRESENTATION_LAYER_ASSIGNMENT (  '', '', ( #407 ) ) ;
#7823 = DIRECTION ( 'NONE',  ( 0.000000000000000000, 0.000000000000000000, -1.000000000000000000 ) ) ;
#7824 = ADVANCED_FACE ( 'NONE', ( #6019 ), #5363, .F. ) ;
#7825 = VECTOR ( 'NONE', #1704, 1000.000000000000000 ) ;
#7826 = CARTESIAN_POINT ( 'NONE',  ( -3.060000000000000053, -1.367711462112881859, 3.810000000000000053 ) ) ;
#7827 = PLANE ( 'NONE',  #906 ) ;
#7828 =( LENGTH_UNIT ( ) NAMED_UNIT ( * ) SI_UNIT ( .MILLI., .METRE. ) );
#7829 = PRESENTATION_STYLE_ASSIGNMENT (( #2125 ) ) ;
#7830 = CARTESIAN_POINT ( 'NONE',  ( 0.000000000000000000, 2.880000000000000338, 0.000000000000000000 ) ) ;
#7831 = EDGE_LOOP ( 'NONE', ( #8394, #8417, #2032, #5047, #1497, #8229, #2167, #7771 ) ) ;
#7832 = ORIENTED_EDGE ( 'NONE', *, *, #656, .T. ) ;
#7833 = ORIENTED_EDGE ( 'NONE', *, *, #5131, .T. ) ;
#7834 = EDGE_CURVE ( 'NONE', #4630, #5448, #6066, .T. ) ;
#7835 = AXIS2_PLACEMENT_3D ( 'NONE', #4803, #5366, #7381 ) ;
#7836 = PLANE ( 'NONE',  #5215 ) ;
#7837 =( NAMED_UNIT ( * ) SI_UNIT ( $, .STERADIAN. ) SOLID_ANGLE_UNIT ( ) );
#7838 = CARTESIAN_POINT ( 'NONE',  ( -4.709999999999999964, 2.500000000000000000, 2.300000000000000266 ) ) ;
#7839 = AXIS2_PLACEMENT_3D ( 'NONE', #6270, #1646, #5809 ) ;
#7840 = FACE_BOUND ( 'NONE', #2255, .T. ) ;
#7841 = DIRECTION ( 'NONE',  ( 0.000000000000000000, 0.000000000000000000, 1.000000000000000000 ) ) ;
#7842 = EDGE_CURVE ( 'NONE', #792, #4966, #9143, .T. ) ;
#7843 =( LENGTH_UNIT ( ) NAMED_UNIT ( * ) SI_UNIT ( .MILLI., .METRE. ) );
#7844 = DIRECTION ( 'NONE',  ( 0.000000000000000000, 0.9987187878592513890, -0.05060417746537783368 ) ) ;
#7845 =( BOUNDED_CURVE ( )  B_SPLINE_CURVE ( 3, ( #7388, #2507, #5372, #8132 ),
 .UNSPECIFIED., .F., .F. ) 
 B_SPLINE_CURVE_WITH_KNOTS ( ( 4, 4 ),
 ( 0.000000000000000000, 1.570796326794897446 ),
 .UNSPECIFIED. ) 
 CURVE ( )  GEOMETRIC_REPRESENTATION_ITEM ( )  RATIONAL_B_SPLINE_CURVE ( ( 1.000000000000000000, 0.8047378541243648264, 0.8047378541243648264, 1.000000000000000000 ) ) 
 REPRESENTATION_ITEM ( '' )  );
#7846 = VERTEX_POINT ( 'NONE', #852 ) ;
#7847 = ORIENTED_EDGE ( 'NONE', *, *, #2700, .F. ) ;
#7848 = DIRECTION ( 'NONE',  ( 0.000000000000000000, 0.000000000000000000, 1.000000000000000000 ) ) ;
#7849 = DIRECTION ( 'NONE',  ( -0.000000000000000000, -1.000000000000000000, -2.891205793294678326E-16 ) ) ;
#7850 = EDGE_LOOP ( 'NONE', ( #5078, #7530, #4789, #2294 ) ) ;
#7851 = PLANE ( 'NONE',  #2339 ) ;
#7852 = EDGE_CURVE ( 'NONE', #294, #2962, #3156, .T. ) ;
#7853 = AXIS2_PLACEMENT_3D ( 'NONE', #4503, #5212, #5845 ) ;
#7854 = LINE ( 'NONE', #7681, #7922 ) ;
#7855 = ADVANCED_FACE ( 'NONE', ( #9209 ), #3719, .F. ) ;
#7856 = LINE ( 'NONE', #4650, #1622 ) ;
#7857 = AXIS2_PLACEMENT_3D ( 'NONE', #7773, #2606, #6811 ) ;
#7858 = PLANE ( 'NONE',  #7796 ) ;
#7859 =( NAMED_UNIT ( * ) PLANE_ANGLE_UNIT ( ) SI_UNIT ( $, .RADIAN. ) );
#7860 = CARTESIAN_POINT ( 'NONE',  ( -3.535000000000000142, -1.700000000000000400, -4.954999999999999183 ) ) ;
#7861 = VECTOR ( 'NONE', #7122, 1000.000000000000000 ) ;
#7862 = VERTEX_POINT ( 'NONE', #7313 ) ;
#7863 = ORIENTED_EDGE ( 'NONE', *, *, #6741, .T. ) ;
#7864 = DIRECTION ( 'NONE',  ( 0.000000000000000000, 1.000000000000000000, 2.891205793294678326E-16 ) ) ;
#7865 = DIRECTION ( 'NONE',  ( -0.000000000000000000, -1.000000000000000000, -2.891205793294678326E-16 ) ) ;
#7866 = CARTESIAN_POINT ( 'NONE',  ( 5.815000000000000391, 0.000000000000000000, 3.349999999999999645 ) ) ;
#7867 = LINE ( 'NONE', #7554, #8051 ) ;
#7868 = VECTOR ( 'NONE', #509, 1000.000000000000000 ) ;
#7869 = DIRECTION ( 'NONE',  ( 0.000000000000000000, 0.000000000000000000, 1.000000000000000000 ) ) ;
#7870 = DIRECTION ( 'NONE',  ( 1.000000000000000000, 0.000000000000000000, 0.000000000000000000 ) ) ;
#7871 = SURFACE_SIDE_STYLE ('',( #7342 ) ) ;
#7872 = FACE_OUTER_BOUND ( 'NONE', #5248, .T. ) ;
#7873 = CIRCLE ( 'NONE', #681, 0.1000000000000001582 ) ;
#7874 = VERTEX_POINT ( 'NONE', #8701 ) ;
#7875 = CARTESIAN_POINT ( 'NONE',  ( -1.870000000000000107, 2.780000000000000249, 0.09999999999999954758 ) ) ;
#7876 = EDGE_CURVE ( 'NONE', #857, #5755, #3024, .T. ) ;
#7877 = ADVANCED_FACE ( 'NONE', ( #6159 ), #8509, .F. ) ;
#7878 = LINE ( 'NONE', #8739, #1867 ) ;
#7879 = FACE_OUTER_BOUND ( 'NONE', #5725, .T. ) ;
#7880 = ORIENTED_EDGE ( 'NONE', *, *, #3428, .T. ) ;
#7881 = FACE_OUTER_BOUND ( 'NONE', #5257, .T. ) ;
#7882 = VECTOR ( 'NONE', #4033, 1000.000000000000114 ) ;
#7883 = DIRECTION ( 'NONE',  ( 0.000000000000000000, 1.000000000000000000, -0.000000000000000000 ) ) ;
#7884 = PLANE ( 'NONE',  #5980 ) ;
#7885 = DIRECTION ( 'NONE',  ( -0.000000000000000000, -1.000000000000000000, -2.891205793294678326E-16 ) ) ;
#7886 = DIRECTION ( 'NONE',  ( 0.000000000000000000, 0.000000000000000000, -1.000000000000000000 ) ) ;
#7887 = DIRECTION ( 'NONE',  ( -1.000000000000000000, -0.000000000000000000, -0.000000000000000000 ) ) ;
#7888 = VECTOR ( 'NONE', #4325, 1000.000000000000000 ) ;
#7889 = FILL_AREA_STYLE ('',( #2901 ) ) ;
#7890 = EDGE_CURVE ( 'NONE', #4359, #857, #3057, .T. ) ;
#7891 = AXIS2_PLACEMENT_3D ( 'NONE', #6058, #3831, #3699 ) ;
#7892 = VERTEX_POINT ( 'NONE', #2133 ) ;
#7893 = ORIENTED_EDGE ( 'NONE', *, *, #3628, .F. ) ;
#7894 = EDGE_CURVE ( 'NONE', #4103, #3939, #9021, .T. ) ;
#7895 = CARTESIAN_POINT ( 'NONE',  ( -3.060000000000000053, 0.2500000000000000000, 3.349999999999997424 ) ) ;
#7896 = LINE ( 'NONE', #4902, #4726 ) ;
#7897 = DIRECTION ( 'NONE',  ( 0.000000000000000000, -0.9987187878592513890, -0.05060417746537783368 ) ) ;
#7898 = CARTESIAN_POINT ( 'NONE',  ( 4.084999999999999964, -1.700000000000000400, -3.350000000000000533 ) ) ;
#7899 = LINE ( 'NONE', #5275, #4809 ) ;
#7900 = DIRECTION ( 'NONE',  ( 0.000000000000000000, 0.000000000000000000, 1.000000000000000000 ) ) ;
#7901 = AXIS2_PLACEMENT_3D ( 'NONE', #5028, #2164, #2799 ) ;
#7902 = VECTOR ( 'NONE', #4743, 1000.000000000000000 ) ;
#7903 = DIRECTION ( 'NONE',  ( -1.000000000000000000, 0.000000000000000000, 1.118695276855206521E-16 ) ) ;
#7904 = ORIENTED_EDGE ( 'NONE', *, *, #6722, .T. ) ;
#7905 = EDGE_CURVE ( 'NONE', #6949, #1796, #69, .T. ) ;
#7906 =( NAMED_UNIT ( * ) SI_UNIT ( $, .STERADIAN. ) SOLID_ANGLE_UNIT ( ) );
#7907 = DIRECTION ( 'NONE',  ( 0.000000000000000000, -0.000000000000000000, -1.000000000000000000 ) ) ;
#7908 = ORIENTED_EDGE ( 'NONE', *, *, #4846, .F. ) ;
#7909 = DIRECTION ( 'NONE',  ( 0.000000000000000000, -0.7071067811865398012, -0.7071067811865552333 ) ) ;
#7910 = PLANE ( 'NONE',  #6117 ) ;
#7911 = CIRCLE ( 'NONE', #8719, 0.4499999999999999001 ) ;
#7912 = EDGE_CURVE ( 'NONE', #5856, #7874, #3039, .T. ) ;
#7913 = STYLED_ITEM ( 'NONE', ( #7279 ), #4840 ) ;
#7914 = CIRCLE ( 'NONE', #2231, 0.1000000000000000056 ) ;
#7915 = FACE_OUTER_BOUND ( 'NONE', #1823, .T. ) ;
#7916 = DIRECTION ( 'NONE',  ( 0.000000000000000000, 3.035766082959414782E-15, -1.000000000000000000 ) ) ;
#7917 = SURFACE_STYLE_FILL_AREA ( #5739 ) ;
#7918 = UNCERTAINTY_MEASURE_WITH_UNIT (LENGTH_MEASURE( 1.000000000000000082E-05 ), #4818, 'distance_accuracy_value', 'NONE');
#7919 = ORIENTED_EDGE ( 'NONE', *, *, #5826, .T. ) ;
#7920 = EDGE_CURVE ( 'NONE', #8920, #5376, #6210, .T. ) ;
#7921 = DIRECTION ( 'NONE',  ( -0.000000000000000000, -0.000000000000000000, -1.000000000000000000 ) ) ;
#7922 = VECTOR ( 'NONE', #6987, 1000.000000000000000 ) ;
#7923 = PLANE ( 'NONE',  #7978 ) ;
#7924 = ADVANCED_FACE ( 'NONE', ( #6003 ), #3069, .T. ) ;
#7925 = DIRECTION ( 'NONE',  ( 4.565061778886337002E-16, 1.000000000000000000, 0.000000000000000000 ) ) ;
#7926 = CARTESIAN_POINT ( 'NONE',  ( 4.084999999999999964, -1.450000000000000178, -4.159551575750739083 ) ) ;
#7927 = DIRECTION ( 'NONE',  ( 0.000000000000000000, 0.9987187878592513890, 0.05060417746537783368 ) ) ;
#7928 = ORIENTED_EDGE ( 'NONE', *, *, #2492, .F. ) ;
#7929 = EDGE_CURVE ( 'NONE', #6233, #7404, #8990, .T. ) ;
#7930 = PRESENTATION_LAYER_ASSIGNMENT (  '', '', ( #6409 ) ) ;
#7931 = FACE_BOUND ( 'NONE', #6356, .T. ) ;
#7932 = EDGE_LOOP ( 'NONE', ( #3577, #3952, #8327, #5831 ) ) ;
#7933 = STYLED_ITEM ( 'NONE', ( #8603 ), #653 ) ;
#7934 = LINE ( 'NONE', #6248, #4777 ) ;
#7935 = DIRECTION ( 'NONE',  ( 0.000000000000000000, 0.000000000000000000, -1.000000000000000000 ) ) ;
#7936 = ORIENTED_EDGE ( 'NONE', *, *, #3204, .F. ) ;
#7937 = FACE_BOUND ( 'NONE', #4619, .T. ) ;
#7938 = CARTESIAN_POINT ( 'NONE',  ( 3.535000000000000142, -1.700000000000000178, 4.954999999999999183 ) ) ;
#7939 =( NAMED_UNIT ( * ) PLANE_ANGLE_UNIT ( ) SI_UNIT ( $, .RADIAN. ) );
#7940 = CARTESIAN_POINT ( 'NONE',  ( 4.309999999999999609, 2.780000000000000249, 0.5999999999999993117 ) ) ;
#7941 = ADVANCED_FACE ( 'NONE', ( #2916 ), #4989, .F. ) ;
#7942 = CARTESIAN_POINT ( 'NONE',  ( 4.559999999999999609, -1.367711462112881859, -3.810000000000000053 ) ) ;
#7943 = CARTESIAN_POINT ( 'NONE',  ( -1.545000000000000373, -1.700000000000000178, 3.350000000000000533 ) ) ;
#7944 = LINE ( 'NONE', #3604, #5022 ) ;
#7945 = ORIENTED_EDGE ( 'NONE', *, *, #2161, .T. ) ;
#7946 = CARTESIAN_POINT ( 'NONE',  ( -0.5200000000000004619, -1.150000000000000133, 4.049289471110532723 ) ) ;
#7947 = VERTEX_POINT ( 'NONE', #5520 ) ;
#7948 = ORIENTED_EDGE ( 'NONE', *, *, #9144, .F. ) ;
#7949 = ORIENTED_EDGE ( 'NONE', *, *, #102, .T. ) ;
#7950 = DIRECTION ( 'NONE',  ( -1.000000000000000000, -4.565061778886337002E-16, -0.000000000000000000 ) ) ;
#7951 = FACE_OUTER_BOUND ( 'NONE', #8759, .T. ) ;
#7952 = VECTOR ( 'NONE', #3065, 1000.000000000000000 ) ;
#7953 = FILL_AREA_STYLE_COLOUR ( '', #4154 ) ;
#7954 = DIRECTION ( 'NONE',  ( 0.000000000000000000, 0.000000000000000000, 1.000000000000000000 ) ) ;
#7955 = ORIENTED_EDGE ( 'NONE', *, *, #6501, .F. ) ;
#7956 = LINE ( 'NONE', #4994, #4715 ) ;
#7957 = EDGE_CURVE ( 'NONE', #4908, #5934, #5940, .T. ) ;
#7958 = ORIENTED_EDGE ( 'NONE', *, *, #4231, .F. ) ;
#7959 = ORIENTED_EDGE ( 'NONE', *, *, #8174, .F. ) ;
#7960 = ORIENTED_EDGE ( 'NONE', *, *, #8046, .T. ) ;
#7961 = SURFACE_STYLE_USAGE ( .BOTH. , #8481 ) ;
#7962 = ORIENTED_EDGE ( 'NONE', *, *, #1277, .F. ) ;
#7963 = CARTESIAN_POINT ( 'NONE',  ( -0.5200000000000004619, -1.450000000000000178, -4.159551575750739083 ) ) ;
#7964 = AXIS2_PLACEMENT_3D ( 'NONE', #8071, #6103, #8579 ) ;
#7965 = COLOUR_RGB ( '',1.000000000000000000, 1.000000000000000000, 0.5019607843137254832 ) ;
#7966 = PRESENTATION_STYLE_ASSIGNMENT (( #2789 ) ) ;
#7967 = VECTOR ( 'NONE', #8052, 1000.000000000000000 ) ;
#7968 = LINE ( 'NONE', #8142, #8001 ) ;
#7969 = DIRECTION ( 'NONE',  ( 0.000000000000000000, 0.000000000000000000, -1.000000000000000000 ) ) ;
#7970 = DIRECTION ( 'NONE',  ( 1.000000000000000000, 0.000000000000000000, -0.000000000000000000 ) ) ;
#7971 = DIRECTION ( 'NONE',  ( 0.000000000000000000, 0.000000000000000000, -1.000000000000000000 ) ) ;
#7972 = ORIENTED_EDGE ( 'NONE', *, *, #864, .F. ) ;
#7973 = ORIENTED_EDGE ( 'NONE', *, *, #7819, .T. ) ;
#7974 = ORIENTED_EDGE ( 'NONE', *, *, #4685, .F. ) ;
#7975 = ORIENTED_EDGE ( 'NONE', *, *, #2281, .T. ) ;
#7976 = EDGE_CURVE ( 'NONE', #3541, #6306, #3190, .T. ) ;
#7977 = CARTESIAN_POINT ( 'NONE',  ( -5.814999999999998614, 2.396446609406726491, 2.350000000000001421 ) ) ;
#7978 = AXIS2_PLACEMENT_3D ( 'NONE', #55, #7051, #3062 ) ;
#7979 = LINE ( 'NONE', #8850, #4710 ) ;
#7980 = CARTESIAN_POINT ( 'NONE',  ( -3.535000000000000142, -0.1898791645069245193, 3.750320303035187042 ) ) ;
#7981 = CARTESIAN_POINT ( 'NONE',  ( -4.709999999999999964, 2.500000000000000000, 1.800000000000000711 ) ) ;
#7982 = ORIENTED_EDGE ( 'NONE', *, *, #1519, .T. ) ;
#7983 = PRESENTATION_STYLE_ASSIGNMENT (( #3596 ) ) ;
#7984 = FACE_OUTER_BOUND ( 'NONE', #7025, .T. ) ;
#7985 = EDGE_CURVE ( 'NONE', #8772, #598, #5986, .T. ) ;
#7986 = VECTOR ( 'NONE', #5904, 1000.000000000000000 ) ;
#7987 = ORIENTED_EDGE ( 'NONE', *, *, #7454, .T. ) ;
#7988 = ORIENTED_EDGE ( 'NONE', *, *, #6703, .T. ) ;
#7989 = EDGE_CURVE ( 'NONE', #57, #1197, #2946, .T. ) ;
#7990 = ORIENTED_EDGE ( 'NONE', *, *, #826, .F. ) ;
#7991 = DIRECTION ( 'NONE',  ( -1.000000000000000000, -0.000000000000000000, 0.000000000000000000 ) ) ;
#7992 = ORIENTED_EDGE ( 'NONE', *, *, #6071, .F. ) ;
#7993 = CARTESIAN_POINT ( 'NONE',  ( 3.310000000000000053, 2.880000000000000338, 0.09999999999999949207 ) ) ;
#7994 = VECTOR ( 'NONE', #7844, 1000.000000000000114 ) ;
#7995 = EDGE_CURVE ( 'NONE', #3820, #3997, #6140, .T. ) ;
#7996 = DIRECTION ( 'NONE',  ( 0.000000000000000000, 0.000000000000000000, -1.000000000000000000 ) ) ;
#7997 = MECHANICAL_DESIGN_GEOMETRIC_PRESENTATION_REPRESENTATION (  '', ( #245 ), #4110 ) ;
#7998 = ORIENTED_EDGE ( 'NONE', *, *, #2292, .F. ) ;
#7999 = COLOUR_RGB ( '',1.000000000000000000, 1.000000000000000000, 0.5019607843137254832 ) ;
#8000 = LINE ( 'NONE', #3875, #5141 ) ;
#8001 = VECTOR ( 'NONE', #6634, 1000.000000000000000 ) ;
#8002 = DIRECTION ( 'NONE',  ( 0.000000000000000000, -0.000000000000000000, -1.000000000000000000 ) ) ;
#8003 = FILL_AREA_STYLE_COLOUR ( '', #9103 ) ;
#8004 = CARTESIAN_POINT ( 'NONE',  ( 4.559999999999999609, -1.450000000000000178, -4.159551575750739083 ) ) ;
#8005 = DIRECTION ( 'NONE',  ( -1.000000000000000000, -0.000000000000000000, 0.000000000000000000 ) ) ;
#8006 = VECTOR ( 'NONE', #7187, 1000.000000000000000 ) ;
#8007 = ORIENTED_EDGE ( 'NONE', *, *, #8572, .T. ) ;
#8008 = EDGE_CURVE ( 'NONE', #4106, #8075, #53, .T. ) ;
#8009 = ORIENTED_EDGE ( 'NONE', *, *, #1307, .F. ) ;
#8010 = PRESENTATION_STYLE_ASSIGNMENT (( #2871 ) ) ;
#8011 = FACE_OUTER_BOUND ( 'NONE', #1923, .T. ) ;
#8012 = DIRECTION ( 'NONE',  ( -0.000000000000000000, -0.9987187878592515000, 0.05060417746537709816 ) ) ;
#8013 = CARTESIAN_POINT ( 'NONE',  ( 2.019999999999999574, 0.000000000000000000, 3.349999999999997424 ) ) ;
#8014 = EDGE_CURVE ( 'NONE', #986, #8147, #9223, .T. ) ;
#8015 = VECTOR ( 'NONE', #8136, 1000.000000000000000 ) ;
#8016 = VECTOR ( 'NONE', #6761, 1000.000000000000000 ) ;
#8017 = DIRECTION ( 'NONE',  ( 0.000000000000000000, -0.7071067811865545671, -0.7071067811865404673 ) ) ;
#8018 = ADVANCED_FACE ( 'NONE', ( #3104 ), #6318, .T. ) ;
#8019 = ORIENTED_EDGE ( 'NONE', *, *, #7719, .T. ) ;
#8020 = EDGE_LOOP ( 'NONE', ( #7972, #4303, #6770, #3056 ) ) ;
#8021 = ORIENTED_EDGE ( 'NONE', *, *, #4640, .F. ) ;
#8022 =( NAMED_UNIT ( * ) PLANE_ANGLE_UNIT ( ) SI_UNIT ( $, .RADIAN. ) );
#8023 = EDGE_CURVE ( 'NONE', #4782, #649, #3262, .T. ) ;
#8024 = DIRECTION ( 'NONE',  ( -1.000000000000000000, 0.000000000000000000, -0.000000000000000000 ) ) ;
#8025 = ORIENTED_EDGE ( 'NONE', *, *, #4846, .T. ) ;
#8026 = CARTESIAN_POINT ( 'NONE',  ( 3.535000000000000142, -0.1772281201405800644, 4.000000000000000000 ) ) ;
#8027 =( NAMED_UNIT ( * ) PLANE_ANGLE_UNIT ( ) SI_UNIT ( $, .RADIAN. ) );
#8028 = ORIENTED_EDGE ( 'NONE', *, *, #2264, .T. ) ;
#8029 = DIRECTION ( 'NONE',  ( 0.000000000000000000, -0.7071067811865552333, 0.7071067811865398012 ) ) ;
#8030 = ADVANCED_FACE ( 'NONE', ( #6256 ), #75, .F. ) ;
#8031 = VECTOR ( 'NONE', #6785, 1000.000000000000000 ) ;
#8032 = LINE ( 'NONE', #162, #4996 ) ;
#8033 = ORIENTED_EDGE ( 'NONE', *, *, #8716, .T. ) ;
#8034 = UNCERTAINTY_MEASURE_WITH_UNIT (LENGTH_MEASURE( 1.000000000000000082E-05 ), #4363, 'distance_accuracy_value', 'NONE');
#8035 = CYLINDRICAL_SURFACE ( 'NONE', #1616, 0.09999999999999993616 ) ;
#8036 = VECTOR ( 'NONE', #79, 1000.000000000000000 ) ;
#8037 = DIRECTION ( 'NONE',  ( -0.000000000000000000, -1.000000000000000000, -0.000000000000000000 ) ) ;
#8038 = CARTESIAN_POINT ( 'NONE',  ( 1.544999999999999929, -1.355060417746537293, -4.059679696964812123 ) ) ;
#8039 = EDGE_CURVE ( 'NONE', #5362, #4656, #3232, .T. ) ;
#8040 = CARTESIAN_POINT ( 'NONE',  ( 3.535000000000000142, -1.349999999999999645, -4.159551575750739083 ) ) ;
#8041 = ADVANCED_FACE ( 'NONE', ( #397 ), #164, .F. ) ;
#8042 = LINE ( 'NONE', #6748, #4839 ) ;
#8043 = VERTEX_POINT ( 'NONE', #3149 ) ;
#8044 = ORIENTED_EDGE ( 'NONE', *, *, #6960, .F. ) ;
#8045 = VERTEX_POINT ( 'NONE', #1755 ) ;
#8046 = EDGE_CURVE ( 'NONE', #2078, #7146, #3388, .T. ) ;
#8047 = ORIENTED_EDGE ( 'NONE', *, *, #7540, .F. ) ;
#8048 = AXIS2_PLACEMENT_3D ( 'NONE', #5107, #8543, #1316 ) ;
#8049 = DIRECTION ( 'NONE',  ( 0.000000000000000000, 0.000000000000000000, -1.000000000000000000 ) ) ;
#8050 = DIRECTION ( 'NONE',  ( -1.000000000000000000, 4.565061778886337988E-16, 2.313075504410495651E-17 ) ) ;
#8051 = VECTOR ( 'NONE', #8092, 1000.000000000000000 ) ;
#8052 = DIRECTION ( 'NONE',  ( 0.000000000000000000, 0.000000000000000000, 1.000000000000000000 ) ) ;
#8053 = DIRECTION ( 'NONE',  ( -1.000000000000000000, -0.000000000000000000, -0.000000000000000000 ) ) ;
#8054 = CARTESIAN_POINT ( 'NONE',  ( 5.815000000000000391, 2.000000000000000000, -3.349999999999999201 ) ) ;
#8055 = DIRECTION ( 'NONE',  ( 0.000000000000000000, 0.000000000000000000, -1.000000000000000000 ) ) ;
#8056 = MECHANICAL_DESIGN_GEOMETRIC_PRESENTATION_REPRESENTATION (  '', ( #5191 ), #4293 ) ;
#8057 = EDGE_LOOP ( 'NONE', ( #9200, #8933, #3230, #5519 ) ) ;
#8058 = VECTOR ( 'NONE', #2854, 1000.000000000000000 ) ;
#8059 = CIRCLE ( 'NONE', #2880, 0.3500000000000004774 ) ;
#8060 = PRESENTATION_LAYER_ASSIGNMENT (  '', '', ( #6326 ) ) ;
#8061 = EDGE_LOOP ( 'NONE', ( #3592, #6366, #647, #7324 ) ) ;
#8062 = ORIENTED_EDGE ( 'NONE', *, *, #7441, .F. ) ;
#8063 = ORIENTED_EDGE ( 'NONE', *, *, #5984, .F. ) ;
#8064 = FILL_AREA_STYLE ('',( #3736 ) ) ;
#8065 = ORIENTED_EDGE ( 'NONE', *, *, #7819, .F. ) ;
#8066 = EDGE_CURVE ( 'NONE', #8908, #5137, #3300, .T. ) ;
#8067 = AXIS2_PLACEMENT_3D ( 'NONE', #1219, #2728, #9062 ) ;
#8068 = CARTESIAN_POINT ( 'NONE',  ( 0.7699999999999997957, 2.780000000000000249, 0.5999999999999994227 ) ) ;
#8069 = ORIENTED_EDGE ( 'NONE', *, *, #6754, .T. ) ;
#8070 = CARTESIAN_POINT ( 'NONE',  ( 2.019999999999999574, -0.2000000000000000111, -3.550576545463337119 ) ) ;
#8071 = CARTESIAN_POINT ( 'NONE',  ( -0.9950000000000002176, -1.349999999999999645, 4.159551575750739083 ) ) ;
#8072 = DIRECTION ( 'NONE',  ( 0.000000000000000000, 1.000000000000000000, 0.000000000000000000 ) ) ;
#8073 = ORIENTED_EDGE ( 'NONE', *, *, #5870, .F. ) ;
#8074 = CARTESIAN_POINT ( 'NONE',  ( -1.545000000000000373, -1.450000000000000178, -4.954999999999999183 ) ) ;
#8075 = VERTEX_POINT ( 'NONE', #7398 ) ;
#8076 = ORIENTED_EDGE ( 'NONE', *, *, #7890, .F. ) ;
#8077 = EDGE_LOOP ( 'NONE', ( #5042, #6947, #3828, #7167, #7408, #804, #631, #7230 ) ) ;
#8078 = EDGE_CURVE ( 'NONE', #4730, #536, #3275, .T. ) ;
#8079 = CIRCLE ( 'NONE', #5325, 0.1000000000000000472 ) ;
#8080 = CIRCLE ( 'NONE', #7120, 0.1000000000000011297 ) ;
#8081 = DIRECTION ( 'NONE',  ( 1.000000000000000000, 0.000000000000000000, 0.000000000000000000 ) ) ;
#8082 = ADVANCED_FACE ( 'NONE', ( #148 ), #8609, .F. ) ;
#8083 = AXIS2_PLACEMENT_3D ( 'NONE', #1088, #6457, #7950 ) ;
#8084 = ORIENTED_EDGE ( 'NONE', *, *, #2860, .T. ) ;
#8085 = VECTOR ( 'NONE', #3378, 1000.000000000000000 ) ;
#8086 =( NAMED_UNIT ( * ) PLANE_ANGLE_UNIT ( ) SI_UNIT ( $, .RADIAN. ) );
#8087 = PRESENTATION_STYLE_ASSIGNMENT (( #8781 ) ) ;
#8088 = ORIENTED_EDGE ( 'NONE', *, *, #5604, .F. ) ;
#8089 = VERTEX_POINT ( 'NONE', #7266 ) ;
#8090 = ORIENTED_EDGE ( 'NONE', *, *, #6980, .F. ) ;
#8091 = DIRECTION ( 'NONE',  ( 1.000000000000000000, 0.000000000000000000, 0.000000000000000000 ) ) ;
#8092 = DIRECTION ( 'NONE',  ( -0.000000000000000000, -1.052623468432525814E-16, 1.000000000000000000 ) ) ;
#8093 = VERTEX_POINT ( 'NONE', #3880 ) ;
#8094 = SURFACE_STYLE_USAGE ( .BOTH. , #3111 ) ;
#8095 = ORIENTED_EDGE ( 'NONE', *, *, #6107, .F. ) ;
#8096 = CARTESIAN_POINT ( 'NONE',  ( -0.5200000000000004619, 0.000000000000000000, -3.550576545463337119 ) ) ;
#8097 = EDGE_CURVE ( 'NONE', #4592, #6880, #6288, .T. ) ;
#8098 = FACE_OUTER_BOUND ( 'NONE', #2501, .T. ) ;
#8099 = ORIENTED_EDGE ( 'NONE', *, *, #8475, .F. ) ;
#8100 = LINE ( 'NONE', #3077, #2115 ) ;
#8101 =( GEOMETRIC_REPRESENTATION_CONTEXT ( 3 ) GLOBAL_UNCERTAINTY_ASSIGNED_CONTEXT ( ( #2744 ) ) GLOBAL_UNIT_ASSIGNED_CONTEXT ( ( #5837, #8749, #7303 ) ) REPRESENTATION_CONTEXT ( 'NONE', 'WORKASPACE' ) );
#8102 = CARTESIAN_POINT ( 'NONE',  ( -2.020000000000000018, -0.1898791645069244916, -3.750320303035187042 ) ) ;
#8103 =( LENGTH_UNIT ( ) NAMED_UNIT ( * ) SI_UNIT ( .MILLI., .METRE. ) );
#8104 = ADVANCED_FACE ( 'NONE', ( #6404 ), #5913, .F. ) ;
#8105 = DIRECTION ( 'NONE',  ( -0.000000000000000000, 3.907034855803616961E-16, -1.000000000000000000 ) ) ;
#8106 = VECTOR ( 'NONE', #5640, 1000.000000000000000 ) ;
#8107 = ORIENTED_EDGE ( 'NONE', *, *, #6018, .T. ) ;
#8108 = EDGE_LOOP ( 'NONE', ( #1793, #7297, #3806, #7163 ) ) ;
#8109 = AXIS2_PLACEMENT_3D ( 'NONE', #4246, #5450, #6122 ) ;
#8110 = EDGE_LOOP ( 'NONE', ( #9093, #3370, #3278, #3297, #5889, #6338 ) ) ;
#8111 = ORIENTED_EDGE ( 'NONE', *, *, #5182, .T. ) ;
#8112 = EDGE_CURVE ( 'NONE', #6306, #5689, #6451, .T. ) ;
#8113 = ADVANCED_FACE ( 'NONE', ( #6532 ), #1700, .F. ) ;
#8114 = PLANE ( 'NONE',  #6111 ) ;
#8115 = CIRCLE ( 'NONE', #1342, 0.3500000000000004774 ) ;
#8116 =( NAMED_UNIT ( * ) PLANE_ANGLE_UNIT ( ) SI_UNIT ( $, .RADIAN. ) );
#8117 = LINE ( 'NONE', #440, #8152 ) ;
#8118 = DIRECTION ( 'NONE',  ( 0.000000000000000000, 1.000000000000000000, 2.891205793294678326E-16 ) ) ;
#8119 = PLANE ( 'NONE',  #7238 ) ;
#8120 = DIRECTION ( 'NONE',  ( 0.000000000000000000, 0.000000000000000000, 1.000000000000000000 ) ) ;
#8121 = ORIENTED_EDGE ( 'NONE', *, *, #8768, .F. ) ;
#8122 = FACE_OUTER_BOUND ( 'NONE', #1771, .T. ) ;
#8123 = ADVANCED_FACE ( 'NONE', ( #3494 ), #519, .T. ) ;
#8124 = VECTOR ( 'NONE', #5336, 1000.000000000000000 ) ;
#8125 = ORIENTED_EDGE ( 'NONE', *, *, #9045, .F. ) ;
#8126 = VERTEX_POINT ( 'NONE', #5586 ) ;
#8127 = EDGE_CURVE ( 'NONE', #2095, #6592, #3608, .T. ) ;
#8128 = DIRECTION ( 'NONE',  ( -0.000000000000000000, -1.000000000000000000, -2.891205793294678326E-16 ) ) ;
#8129 = MECHANICAL_DESIGN_GEOMETRIC_PRESENTATION_REPRESENTATION (  '', ( #3292 ), #5528 ) ;
#8130 = ORIENTED_EDGE ( 'NONE', *, *, #6300, .F. ) ;
#8131 = CARTESIAN_POINT ( 'NONE',  ( -3.535000000000000142, -0.1772281201405800644, -4.000000000000000000 ) ) ;
#8132 = CARTESIAN_POINT ( 'NONE',  ( 5.565000000000000391, 2.500000000000000000, 3.099999999999999645 ) ) ;
#8133 = FACE_OUTER_BOUND ( 'NONE', #8375, .T. ) ;
#8134 = FACE_OUTER_BOUND ( 'NONE', #283, .T. ) ;
#8135 = EDGE_CURVE ( 'NONE', #7154, #4430, #6870, .T. ) ;
#8136 = DIRECTION ( 'NONE',  ( 0.000000000000000000, 0.000000000000000000, 1.000000000000000000 ) ) ;
#8137 = EDGE_LOOP ( 'NONE', ( #6839, #1049, #3670, #6978, #6247, #3866, #3713, #886 ) ) ;
#8138 = VECTOR ( 'NONE', #4708, 1000.000000000000000 ) ;
#8139 = COLOUR_RGB ( '',1.000000000000000000, 1.000000000000000000, 0.5019607843137254832 ) ;
#8140 = CARTESIAN_POINT ( 'NONE',  ( 3.209999999999999964, 2.249999999999999112, 0.6999999999999992895 ) ) ;
#8141 = DIRECTION ( 'NONE',  ( -1.000000000000000000, -0.000000000000000000, -0.000000000000000000 ) ) ;
#8142 = CARTESIAN_POINT ( 'NONE',  ( 0.6699999999999998179, 2.249999999999999112, 1.809999999999999831 ) ) ;
#8143 = VECTOR ( 'NONE', #1281, 1000.000000000000000 ) ;
#8144 = ORIENTED_EDGE ( 'NONE', *, *, #4739, .T. ) ;
#8145 = FILL_AREA_STYLE_COLOUR ( '', #7333 ) ;
#8146 = PRESENTATION_LAYER_ASSIGNMENT (  '', '', ( #7689 ) ) ;
#8147 = VERTEX_POINT ( 'NONE', #4030 ) ;
#8148 = ORIENTED_EDGE ( 'NONE', *, *, #4038, .F. ) ;
#8149 = EDGE_CURVE ( 'NONE', #4908, #399, #6763, .T. ) ;
#8150 =( NAMED_UNIT ( * ) PLANE_ANGLE_UNIT ( ) SI_UNIT ( $, .RADIAN. ) );
#8151 = VECTOR ( 'NONE', #2690, 1000.000000000000000 ) ;
#8152 = VECTOR ( 'NONE', #1220, 1000.000000000000000 ) ;
#8153 = DIRECTION ( 'NONE',  ( 1.000000000000000000, 0.000000000000000000, -7.228014483236698528E-16 ) ) ;
#8154 = CARTESIAN_POINT ( 'NONE',  ( 1.544999999999999929, -1.700000000000000400, 3.350000000000000533 ) ) ;
#8155 = ORIENTED_EDGE ( 'NONE', *, *, #6773, .T. ) ;
#8156 = EDGE_CURVE ( 'NONE', #1189, #3669, #3626, .T. ) ;
#8157 = FACE_OUTER_BOUND ( 'NONE', #8607, .T. ) ;
#8158 = CARTESIAN_POINT ( 'NONE',  ( 4.309999999999999609, 2.880000000000000338, 0.09999999999999940881 ) ) ;
#8159 = EDGE_LOOP ( 'NONE', ( #4784, #7847, #8171, #8069 ) ) ;
#8160 = VERTEX_POINT ( 'NONE', #8262 ) ;
#8161 = ORIENTED_EDGE ( 'NONE', *, *, #3032, .F. ) ;
#8162 = CARTESIAN_POINT ( 'NONE',  ( -4.410000000000000142, 2.499999999999999112, 2.060000000000005382 ) ) ;
#8163 = UNCERTAINTY_MEASURE_WITH_UNIT (LENGTH_MEASURE( 1.000000000000000082E-05 ), #4642, 'distance_accuracy_value', 'NONE');
#8164 = DIRECTION ( 'NONE',  ( 0.000000000000000000, 3.907034855803616961E-16, -1.000000000000000000 ) ) ;
#8165 = CARTESIAN_POINT ( 'NONE',  ( 4.559999999999999609, -0.1772281201405800644, 4.000000000000000000 ) ) ;
#8166 = ORIENTED_EDGE ( 'NONE', *, *, #8112, .F. ) ;
#8167 = CARTESIAN_POINT ( 'NONE',  ( 0.5200000000000000178, -0.1772281201405800644, 4.000000000000000000 ) ) ;
#8168 = FACE_OUTER_BOUND ( 'NONE', #6149, .T. ) ;
#8169 = VECTOR ( 'NONE', #1246, 1000.000000000000000 ) ;
#8170 = ADVANCED_FACE ( 'NONE', ( #561 ), #8369, .F. ) ;
#8171 = ORIENTED_EDGE ( 'NONE', *, *, #8968, .F. ) ;
#8172 = LINE ( 'NONE', #3146, #8015 ) ;
#8173 = DIRECTION ( 'NONE',  ( 0.000000000000000000, 0.000000000000000000, -1.000000000000000000 ) ) ;
#8174 = EDGE_CURVE ( 'NONE', #3564, #637, #547, .T. ) ;
#8175 = CARTESIAN_POINT ( 'NONE',  ( -4.559999999999999609, 0.000000000000000000, 3.349999999999997424 ) ) ;
#8176 = LINE ( 'NONE', #5075, #5198 ) ;
#8177 = VERTEX_POINT ( 'NONE', #4943 ) ;
#8178 = ORIENTED_EDGE ( 'NONE', *, *, #7380, .T. ) ;
#8179 = ORIENTED_EDGE ( 'NONE', *, *, #3121, .T. ) ;
#8180 = CARTESIAN_POINT ( 'NONE',  ( 1.769999999999999352, 2.880000000000000338, 0.5999999999999993117 ) ) ;
#8181 = VERTEX_POINT ( 'NONE', #6291 ) ;
#8182 = CARTESIAN_POINT ( 'NONE',  ( -0.6700000000000003730, 0.000000000000000000, 0.000000000000000000 ) ) ;
#8183 = LINE ( 'NONE', #49, #2069 ) ;
#8184 = CARTESIAN_POINT ( 'NONE',  ( 0.7699999999999997957, 4.649244398944980539, 0.7000000000000000666 ) ) ;
#8185 = LINE ( 'NONE', #1969, #2052 ) ;
#8186 = EDGE_CURVE ( 'NONE', #1330, #4987, #6602, .T. ) ;
#8187 = DIRECTION ( 'NONE',  ( 0.000000000000000000, 0.9987187878592515000, 0.05060417746537709816 ) ) ;
#8188 = PLANE ( 'NONE',  #7605 ) ;
#8189 = CARTESIAN_POINT ( 'NONE',  ( 5.815000000000000391, 2.500000000000000000, -3.349999999999999201 ) ) ;
#8190 = ORIENTED_EDGE ( 'NONE', *, *, #2813, .T. ) ;
#8191 = ORIENTED_EDGE ( 'NONE', *, *, #736, .T. ) ;
#8192 = EDGE_CURVE ( 'NONE', #2618, #6306, #3738, .T. ) ;
#8193 = AXIS2_PLACEMENT_3D ( 'NONE', #8182, #3928, #6080 ) ;
#8194 = VERTEX_POINT ( 'NONE', #7598 ) ;
#8195 = DIRECTION ( 'NONE',  ( -2.168404344971009854E-16, 2.891205793294678326E-16, -1.000000000000000000 ) ) ;
#8196 = VERTEX_POINT ( 'NONE', #1968 ) ;
#8197 = DIRECTION ( 'NONE',  ( -1.000000000000000000, -0.000000000000000000, 0.000000000000000000 ) ) ;
#8198 = DIRECTION ( 'NONE',  ( 0.000000000000000000, 0.000000000000000000, -1.000000000000000000 ) ) ;
#8199 = ORIENTED_EDGE ( 'NONE', *, *, #1319, .T. ) ;
#8200 = AXIS2_PLACEMENT_3D ( 'NONE', #336, #2482, #5883 ) ;
#8201 = CARTESIAN_POINT ( 'NONE',  ( 4.559999999999999609, 0.2500000000000000000, 3.349999999999997424 ) ) ;
#8202 = ORIENTED_EDGE ( 'NONE', *, *, #7601, .F. ) ;
#8203 = CIRCLE ( 'NONE', #4622, 0.3500000000000004774 ) ;
#8204 = DIRECTION ( 'NONE',  ( -1.000000000000000000, 0.000000000000000000, 0.000000000000000000 ) ) ;
#8205 = SURFACE_SIDE_STYLE ('',( #9159 ) ) ;
#8206 = PLANE ( 'NONE',  #5767 ) ;
#8207 = CARTESIAN_POINT ( 'NONE',  ( 4.559999999999999609, -0.1772281201405800644, 4.000000000000000000 ) ) ;
#8208 = ADVANCED_FACE ( 'NONE', ( #6562 ), #8999, .F. ) ;
#8209 = FACE_OUTER_BOUND ( 'NONE', #2450, .T. ) ;
#8210 = EDGE_CURVE ( 'NONE', #1024, #7100, #723, .T. ) ;
#8211 = EDGE_LOOP ( 'NONE', ( #1877, #3980, #5146, #7308 ) ) ;
#8212 = AXIS2_PLACEMENT_3D ( 'NONE', #6622, #8195, #8763 ) ;
#8213 = ORIENTED_EDGE ( 'NONE', *, *, #1788, .F. ) ;
#8214 = CARTESIAN_POINT ( 'NONE',  ( 1.869999999999999662, 4.649244398944980539, 0.09999999999999995004 ) ) ;
#8215 = EDGE_CURVE ( 'NONE', #7236, #200, #3575, .T. ) ;
#8216 = ORIENTED_EDGE ( 'NONE', *, *, #6214, .F. ) ;
#8217 = FACE_OUTER_BOUND ( 'NONE', #2705, .T. ) ;
#8218 = CIRCLE ( 'NONE', #1269, 0.1000000000000011297 ) ;
#8219 = SURFACE_STYLE_FILL_AREA ( #8480 ) ;
#8220 = CARTESIAN_POINT ( 'NONE',  ( -1.770000000000000240, 4.649244398944980539, 0.5999999999999999778 ) ) ;
#8221 = VECTOR ( 'NONE', #6571, 1000.000000000000000 ) ;
#8222 = EDGE_LOOP ( 'NONE', ( #1661, #5121, #1632, #8435 ) ) ;
#8223 = EDGE_LOOP ( 'NONE', ( #9060, #201, #3954, #4845, #7763, #3060, #3475, #3181 ) ) ;
#8224 = CARTESIAN_POINT ( 'NONE',  ( -4.084999999999999964, -1.700000000000000178, 4.954999999999999183 ) ) ;
#8225 = CARTESIAN_POINT ( 'NONE',  ( 4.815000000000000391, 2.250000000000000444, -3.349999999999999201 ) ) ;
#8226 = DIRECTION ( 'NONE',  ( 1.000000000000000000, 0.000000000000000000, 0.000000000000000000 ) ) ;
#8227 = AXIS2_PLACEMENT_3D ( 'NONE', #5578, #7717, #560 ) ;
#8228 = CARTESIAN_POINT ( 'NONE',  ( 3.209999999999999964, 1.999999999999999112, 0.6999999999999998446 ) ) ;
#8229 = ORIENTED_EDGE ( 'NONE', *, *, #3076, .F. ) ;
#8230 = CARTESIAN_POINT ( 'NONE',  ( -0.9950000000000002176, -1.450000000000000178, 4.954999999999999183 ) ) ;
#8231 = EDGE_CURVE ( 'NONE', #2280, #8287, #6849, .T. ) ;
#8232 = AXIS2_PLACEMENT_3D ( 'NONE', #1592, #609, #4339 ) ;
#8233 = PRESENTATION_STYLE_ASSIGNMENT (( #1750 ) ) ;
#8234 = VECTOR ( 'NONE', #512, 1000.000000000000000 ) ;
#8235 = CARTESIAN_POINT ( 'NONE',  ( -0.7700000000000006839, 4.649244398944980539, 0.6999999999999999556 ) ) ;
#8236 = LINE ( 'NONE', #3686, #5322 ) ;
#8237 = DIRECTION ( 'NONE',  ( 0.000000000000000000, 0.000000000000000000, 1.000000000000000000 ) ) ;
#8238 = EDGE_CURVE ( 'NONE', #6577, #2241, #3643, .T. ) ;
#8239 =( NAMED_UNIT ( * ) PLANE_ANGLE_UNIT ( ) SI_UNIT ( $, .RADIAN. ) );
#8240 = ORIENTED_EDGE ( 'NONE', *, *, #3800, .T. ) ;
#8241 = MECHANICAL_DESIGN_GEOMETRIC_PRESENTATION_REPRESENTATION (  '', ( #7323 ), #3068 ) ;
#8242 = CARTESIAN_POINT ( 'NONE',  ( -4.410000000000000142, 2.780000000000000249, 0.5999999999999994227 ) ) ;
#8243 = CARTESIAN_POINT ( 'NONE',  ( 4.560000000000000497, -1.150000000000000133, 4.049289471110532723 ) ) ;
#8244 = LINE ( 'NONE', #274, #2168 ) ;
#8245 = ADVANCED_FACE ( 'NONE', ( #6832 ), #2513, .F. ) ;
#8246 = DIRECTION ( 'NONE',  ( 0.000000000000000000, 0.9659258262890680902, -0.2588190451025213501 ) ) ;
#8247 = DIRECTION ( 'NONE',  ( 1.000000000000000000, -0.000000000000000000, 0.000000000000000000 ) ) ;
#8248 = DIRECTION ( 'NONE',  ( -0.000000000000000000, -1.000000000000000000, -2.891205793294678326E-16 ) ) ;
#8249 = DIRECTION ( 'NONE',  ( 0.000000000000000000, 0.000000000000000000, -1.000000000000000000 ) ) ;
#8250 = CYLINDRICAL_SURFACE ( 'NONE', #1118, 0.09999999999999993616 ) ;
#8251 = ORIENTED_EDGE ( 'NONE', *, *, #4892, .T. ) ;
#8252 = EDGE_CURVE ( 'NONE', #6981, #7046, #3753, .T. ) ;
#8253 = CARTESIAN_POINT ( 'NONE',  ( -5.309999999999999609, 2.400000000000000355, 2.300000000000000711 ) ) ;
#8254 = AXIS2_PLACEMENT_3D ( 'NONE', #2085, #5134, #6460 ) ;
#8255 =( NAMED_UNIT ( * ) PLANE_ANGLE_UNIT ( ) SI_UNIT ( $, .RADIAN. ) );
#8256 = PLANE ( 'NONE',  #6148 ) ;
#8257 = ORIENTED_EDGE ( 'NONE', *, *, #7995, .F. ) ;
#8258 =( LENGTH_UNIT ( ) NAMED_UNIT ( * ) SI_UNIT ( .MILLI., .METRE. ) );
#8259 = CARTESIAN_POINT ( 'NONE',  ( 3.060000000000000053, -0.1898791645069244916, -3.750320303035187042 ) ) ;
#8260 = VECTOR ( 'NONE', #3327, 1000.000000000000000 ) ;
#8261 = VECTOR ( 'NONE', #1428, 1000.000000000000114 ) ;
#8262 = CARTESIAN_POINT ( 'NONE',  ( 4.559999999999999609, -0.1772281201405800644, 4.000000000000000000 ) ) ;
#8263 = SURFACE_SIDE_STYLE ('',( #6559 ) ) ;
#8264 = DIRECTION ( 'NONE',  ( 0.000000000000000000, -0.9987187878592513890, 0.05060417746537783368 ) ) ;
#8265 = EDGE_CURVE ( 'NONE', #8196, #2383, #6815, .T. ) ;
#8266 = ADVANCED_FACE ( 'NONE', ( #6712 ), #5083, .F. ) ;
#8267 = CARTESIAN_POINT ( 'NONE',  ( 4.084999999999999964, -0.1772281201405800644, -4.000000000000000000 ) ) ;
#8268 = VECTOR ( 'NONE', #7778, 1000.000000000000000 ) ;
#8269 = PLANE ( 'NONE',  #5231 ) ;
#8270 = ORIENTED_EDGE ( 'NONE', *, *, #549, .F. ) ;
#8271 = EDGE_CURVE ( 'NONE', #5400, #6766, #3673, .T. ) ;
#8272 =( GEOMETRIC_REPRESENTATION_CONTEXT ( 3 ) GLOBAL_UNCERTAINTY_ASSIGNED_CONTEXT ( ( #5490 ) ) GLOBAL_UNIT_ASSIGNED_CONTEXT ( ( #4484, #8790, #7906 ) ) REPRESENTATION_CONTEXT ( 'NONE', 'WORKASPACE' ) );
#8273 = EDGE_LOOP ( 'NONE', ( #848, #3977, #918, #6421, #6341, #3348, #6442, #3234 ) ) ;
#8274 = ADVANCED_FACE ( 'NONE', ( #3556 ), #574, .T. ) ;
#8275 = CARTESIAN_POINT ( 'NONE',  ( 2.019999999999999574, -1.450000000000000178, -4.159551575750739083 ) ) ;
#8276 = DIRECTION ( 'NONE',  ( -0.000000000000000000, -0.000000000000000000, 1.000000000000000000 ) ) ;
#8277 = CIRCLE ( 'NONE', #2389, 0.4499999999999999001 ) ;
#8278 = DIRECTION ( 'NONE',  ( 0.000000000000000000, 3.907034855803616961E-16, -1.000000000000000000 ) ) ;
#8279 = UNCERTAINTY_MEASURE_WITH_UNIT (LENGTH_MEASURE( 1.000000000000000082E-05 ), #1122, 'distance_accuracy_value', 'NONE');
#8280 = LINE ( 'NONE', #3369, #8143 ) ;
#8281 = VERTEX_POINT ( 'NONE', #8743 ) ;
#8282 = MECHANICAL_DESIGN_GEOMETRIC_PRESENTATION_REPRESENTATION (  '', ( #6524 ), #1000 ) ;
#8283 = ORIENTED_EDGE ( 'NONE', *, *, #6703, .F. ) ;
#8284 = CARTESIAN_POINT ( 'NONE',  ( -1.770000000000000240, 4.649244398944980539, 0.7000000000000000666 ) ) ;
#8285 = DIRECTION ( 'NONE',  ( 1.000000000000000000, -0.000000000000000000, 0.000000000000000000 ) ) ;
#8286 = DIRECTION ( 'NONE',  ( -0.000000000000000000, -1.052623468432525814E-16, 1.000000000000000000 ) ) ;
#8287 = VERTEX_POINT ( 'NONE', #4353 ) ;
#8288 = EDGE_CURVE ( 'NONE', #2261, #1983, #3685, .T. ) ;
#8289 = LINE ( 'NONE', #4220, #8085 ) ;
#8290 = LINE ( 'NONE', #2731, #2163 ) ;
#8291 = MECHANICAL_DESIGN_GEOMETRIC_PRESENTATION_REPRESENTATION (  '', ( #2903 ), #4646 ) ;
#8292 = SURFACE_STYLE_USAGE ( .BOTH. , #6795 ) ;
#8293 = LINE ( 'NONE', #3891, #2251 ) ;
#8294 = SURFACE_SIDE_STYLE ('',( #8601 ) ) ;
#8295 = VERTEX_POINT ( 'NONE', #1033 ) ;
#8296 = EDGE_CURVE ( 'NONE', #8679, #8675, #3536, .T. ) ;
#8297 = DIRECTION ( 'NONE',  ( 0.000000000000000000, 0.000000000000000000, 1.000000000000000000 ) ) ;
#8298 = EDGE_LOOP ( 'NONE', ( #4005, #7679, #6750, #3103, #5743, #4068, #1060, #5982 ) ) ;
#8299 = DIRECTION ( 'NONE',  ( 0.000000000000000000, -1.000000000000000000, 0.000000000000000000 ) ) ;
#8300 = CARTESIAN_POINT ( 'NONE',  ( 1.769999999999999352, 2.780000000000000249, 0.09999999999999940881 ) ) ;
#8301 = AXIS2_PLACEMENT_3D ( 'NONE', #4906, #5504, #1988 ) ;
#8302 = DIRECTION ( 'NONE',  ( -1.000000000000000000, -0.000000000000000000, -0.000000000000000000 ) ) ;
#8303 = LINE ( 'NONE', #5476, #8316 ) ;
#8304 = AXIS2_PLACEMENT_3D ( 'NONE', #3083, #6632, #8264 ) ;
#8305 = CARTESIAN_POINT ( 'NONE',  ( -0.5200000000000004619, 0.2500000000000000000, 3.550576545463337119 ) ) ;
#8306 = DIRECTION ( 'NONE',  ( 0.000000000000000000, 1.000000000000000000, 0.000000000000000000 ) ) ;
#8307 = ORIENTED_EDGE ( 'NONE', *, *, #6304, .F. ) ;
#8308 =( NAMED_UNIT ( * ) SI_UNIT ( $, .STERADIAN. ) SOLID_ANGLE_UNIT ( ) );
#8309 = ADVANCED_FACE ( 'NONE', ( #667 ), #1782, .T. ) ;
#8310 = CARTESIAN_POINT ( 'NONE',  ( -5.453268590217984269, -1.350000000000000089, 2.988268590217984411 ) ) ;
#8311 = MECHANICAL_DESIGN_GEOMETRIC_PRESENTATION_REPRESENTATION (  '', ( #5005 ), #3052 ) ;
#8312 = DIRECTION ( 'NONE',  ( 0.000000000000000000, -0.05060417746537709816, 0.9987187878592515000 ) ) ;
#8313 = DIRECTION ( 'NONE',  ( 1.000000000000000000, 0.000000000000000000, 0.000000000000000000 ) ) ;
#8314 = CARTESIAN_POINT ( 'NONE',  ( -0.9950000000000002176, -1.150000000000000355, -4.049289471110532723 ) ) ;
#8315 = CARTESIAN_POINT ( 'NONE',  ( -0.7700000000000006839, 2.780000000000000249, 0.6999999999999994005 ) ) ;
#8316 = VECTOR ( 'NONE', #6151, 1000.000000000000000 ) ;
#8317 = ORIENTED_EDGE ( 'NONE', *, *, #1293, .F. ) ;
#8318 = EDGE_CURVE ( 'NONE', #5376, #7862, #6617, .T. ) ;
#8319 = EDGE_LOOP ( 'NONE', ( #4734, #4796, #3755 ) ) ;
#8320 = EDGE_CURVE ( 'NONE', #3500, #4630, #3702, .T. ) ;
#8321 = DIRECTION ( 'NONE',  ( 1.000000000000000000, 0.000000000000000000, -0.000000000000000000 ) ) ;
#8322 = CARTESIAN_POINT ( 'NONE',  ( 5.815000000000000391, 2.500000000000000000, 3.349999999999999645 ) ) ;
#8323 = VECTOR ( 'NONE', #5590, 1000.000000000000000 ) ;
#8324 = DIRECTION ( 'NONE',  ( -0.000000000000000000, -0.000000000000000000, 1.000000000000000000 ) ) ;
#8325 = MECHANICAL_DESIGN_GEOMETRIC_PRESENTATION_REPRESENTATION (  '', ( #2833 ), #2438 ) ;
#8326 = LINE ( 'NONE', #1113, #2121 ) ;
#8327 = ORIENTED_EDGE ( 'NONE', *, *, #2156, .F. ) ;
#8328 = EDGE_CURVE ( 'NONE', #2720, #5038, #433, .T. ) ;
#8329 = DIRECTION ( 'NONE',  ( -0.000000000000000000, -1.000000000000000000, -2.891205793294678326E-16 ) ) ;
#8330 =( GEOMETRIC_REPRESENTATION_CONTEXT ( 3 ) GLOBAL_UNCERTAINTY_ASSIGNED_CONTEXT ( ( #4763 ) ) GLOBAL_UNIT_ASSIGNED_CONTEXT ( ( #12, #7775, #6275 ) ) REPRESENTATION_CONTEXT ( 'NONE', 'WORKASPACE' ) );
#8331 = DIRECTION ( 'NONE',  ( 0.000000000000000000, 0.000000000000000000, 1.000000000000000000 ) ) ;
#8332 = CARTESIAN_POINT ( 'NONE',  ( -0.5200000000000004619, -0.2000000000000000111, -3.550576545463337119 ) ) ;
#8333 = DIRECTION ( 'NONE',  ( 0.000000000000000000, 0.000000000000000000, 1.000000000000000000 ) ) ;
#8334 = EDGE_LOOP ( 'NONE', ( #6468, #700, #6342, #3683 ) ) ;
#8335 = CARTESIAN_POINT ( 'NONE',  ( -1.870000000000000107, 2.780000000000000249, 0.5999999999999994227 ) ) ;
#8336 = ORIENTED_EDGE ( 'NONE', *, *, #204, .T. ) ;
#8337 = ADVANCED_FACE ( 'NONE', ( #486 ), #6885, .T. ) ;
#8338 = ORIENTED_EDGE ( 'NONE', *, *, #1797, .T. ) ;
#8339 = EDGE_CURVE ( 'NONE', #5697, #3671, #6743, .T. ) ;
#8340 = CARTESIAN_POINT ( 'NONE',  ( -0.9950000000000002176, -1.355060417746537293, -4.059679696964812123 ) ) ;
#8341 = VECTOR ( 'NONE', #7144, 1000.000000000000000 ) ;
#8342 = ORIENTED_EDGE ( 'NONE', *, *, #3942, .F. ) ;
#8343 = DIRECTION ( 'NONE',  ( 1.000000000000000000, 0.000000000000000000, 0.000000000000000000 ) ) ;
#8344 = VERTEX_POINT ( 'NONE', #160 ) ;
#8345 = MANIFOLD_SOLID_BREP ( 'LPattern1[7]', #8857 ) ;
#8346 = EDGE_CURVE ( 'NONE', #4186, #4983, #7015, .T. ) ;
#8347 = DIRECTION ( 'NONE',  ( 0.000000000000000000, 0.000000000000000000, -1.000000000000000000 ) ) ;
#8348 = EDGE_LOOP ( 'NONE', ( #6755, #254, #663, #6881 ) ) ;
#8349 = AXIS2_PLACEMENT_3D ( 'NONE', #459, #5989, #6778 ) ;
#8350 = CARTESIAN_POINT ( 'NONE',  ( -4.559999999999999609, -0.1898791645069245193, -3.750320303035187042 ) ) ;
#8351 = VERTEX_POINT ( 'NONE', #215 ) ;
#8352 = FACE_OUTER_BOUND ( 'NONE', #6516, .T. ) ;
#8353 = DIRECTION ( 'NONE',  ( 0.000000000000000000, -0.000000000000000000, 1.000000000000000000 ) ) ;
#8354 = CARTESIAN_POINT ( 'NONE',  ( -3.209999999999999964, 4.649244398944980539, 0.5999999999999998668 ) ) ;
#8355 = DIRECTION ( 'NONE',  ( 0.000000000000000000, 0.000000000000000000, 1.000000000000000000 ) ) ;
#8356 = EDGE_CURVE ( 'NONE', #3223, #4290, #4039, .T. ) ;
#8357 = SURFACE_STYLE_FILL_AREA ( #7595 ) ;
#8358 = CIRCLE ( 'NONE', #7035, 0.1000000000000000056 ) ;
#8359 = ORIENTED_EDGE ( 'NONE', *, *, #3758, .F. ) ;
#8360 = VERTEX_POINT ( 'NONE', #2437 ) ;
#8361 = CARTESIAN_POINT ( 'NONE',  ( -0.9950000000000002176, -1.700000000000000400, -4.954999999999999183 ) ) ;
#8362 = CARTESIAN_POINT ( 'NONE',  ( -4.084999999999999964, -1.367711462112881859, 3.810000000000000053 ) ) ;
#8363 = EDGE_LOOP ( 'NONE', ( #6883, #1453, #1150, #7792, #3735, #5033, #7814, #4097 ) ) ;
#8364 = EDGE_CURVE ( 'NONE', #4983, #2379, #3986, .T. ) ;
#8365 = ORIENTED_EDGE ( 'NONE', *, *, #5765, .F. ) ;
#8366 = DIRECTION ( 'NONE',  ( 0.000000000000000000, 0.000000000000000000, 1.000000000000000000 ) ) ;
#8367 = DIRECTION ( 'NONE',  ( -1.000000000000000000, -4.565061778886337002E-16, 0.000000000000000000 ) ) ;
#8368 = SURFACE_STYLE_FILL_AREA ( #5016 ) ;
#8369 = PLANE ( 'NONE',  #6441 ) ;
#8370 = DIRECTION ( 'NONE',  ( 0.000000000000000000, -1.000000000000000000, -0.000000000000000000 ) ) ;
#8371 = DIRECTION ( 'NONE',  ( 1.219727444046192981E-16, -2.891205793294678326E-16, 1.000000000000000000 ) ) ;
#8372 = DIRECTION ( 'NONE',  ( 0.000000000000000000, 0.000000000000000000, -1.000000000000000000 ) ) ;
#8373 = LINE ( 'NONE', #5002, #8106 ) ;
#8374 = DIRECTION ( 'NONE',  ( -0.000000000000000000, 1.000000000000000000, 3.035766082959414782E-15 ) ) ;
#8375 = EDGE_LOOP ( 'NONE', ( #1631, #3095, #8376, #1083 ) ) ;
#8376 = ORIENTED_EDGE ( 'NONE', *, *, #3099, .F. ) ;
#8377 =( NAMED_UNIT ( * ) SI_UNIT ( $, .STERADIAN. ) SOLID_ANGLE_UNIT ( ) );
#8378 = AXIS2_PLACEMENT_3D ( 'NONE', #4391, #2298, #189 ) ;
#8379 = ADVANCED_FACE ( 'NONE', ( #4351 ), #7092, .T. ) ;
#8380 = DIRECTION ( 'NONE',  ( -1.000000000000000000, -0.000000000000000000, -0.000000000000000000 ) ) ;
#8381 = CARTESIAN_POINT ( 'NONE',  ( 0.6699999999999998179, 2.249999999999999112, -0.6999999999999994005 ) ) ;
#8382 = LINE ( 'NONE', #2083, #5099 ) ;
#8383 = EDGE_LOOP ( 'NONE', ( #8635, #1480, #8501, #5462 ) ) ;
#8384 = EDGE_CURVE ( 'NONE', #491, #2984, #760, .T. ) ;
#8385 = MECHANICAL_DESIGN_GEOMETRIC_PRESENTATION_REPRESENTATION (  '', ( #5991 ), #5474 ) ;
#8386 = ORIENTED_EDGE ( 'NONE', *, *, #6696, .T. ) ;
#8387 = ADVANCED_FACE ( 'NONE', ( #7105 ), #4247, .F. ) ;
#8388 = CARTESIAN_POINT ( 'NONE',  ( 4.918553390593274344, 2.500000000000000444, -3.246446609406726136 ) ) ;
#8389 = CARTESIAN_POINT ( 'NONE',  ( 1.769999999999999352, 2.880000000000000338, 0.09999999999999940881 ) ) ;
#8390 = CARTESIAN_POINT ( 'NONE',  ( -4.410000000000000142, 2.499999999999999112, 2.060000000000005382 ) ) ;
#8391 = CLOSED_SHELL ( 'NONE', ( #2781, #8498, #285, #8208, #4688, #806, #6182, #2509, #2397, #684, #6193, #8828, #2120, #2170, #3584, #6528, #8788, #4080 ) ) ;
#8392 = FILL_AREA_STYLE_COLOUR ( '', #6674 ) ;
#8393 = PRESENTATION_LAYER_ASSIGNMENT (  '', '', ( #2903 ) ) ;
#8394 = ORIENTED_EDGE ( 'NONE', *, *, #2358, .T. ) ;
#8395 = DIRECTION ( 'NONE',  ( -1.000000000000000000, -0.000000000000000000, 0.000000000000000000 ) ) ;
#8396 = PLANE ( 'NONE',  #8696 ) ;
#8397 = EDGE_CURVE ( 'NONE', #2969, #6705, #6983, .T. ) ;
#8398 = DIRECTION ( 'NONE',  ( 0.000000000000000000, 0.000000000000000000, -1.000000000000000000 ) ) ;
#8399 = AXIS2_PLACEMENT_3D ( 'NONE', #787, #5040, #645 ) ;
#8400 = CARTESIAN_POINT ( 'NONE',  ( -0.6700000000000003730, 2.499999999999999556, -2.060000000000005382 ) ) ;
#8401 = VERTEX_POINT ( 'NONE', #4182 ) ;
#8402 = ADVANCED_FACE ( 'NONE', ( #1131 ), #2749, .T. ) ;
#8403 = DIRECTION ( 'NONE',  ( 0.000000000000000000, -0.000000000000000000, 1.000000000000000000 ) ) ;
#8404 = ORIENTED_EDGE ( 'NONE', *, *, #3051, .F. ) ;
#8405 = AXIS2_PLACEMENT_3D ( 'NONE', #2837, #77, #6331 ) ;
#8406 = CARTESIAN_POINT ( 'NONE',  ( -2.020000000000000018, -1.150000000000000133, -3.798968757172755062 ) ) ;
#8407 = DIRECTION ( 'NONE',  ( 0.000000000000000000, 0.000000000000000000, -1.000000000000000000 ) ) ;
#8408 = DIRECTION ( 'NONE',  ( 0.000000000000000000, 0.000000000000000000, -1.000000000000000000 ) ) ;
#8409 = CARTESIAN_POINT ( 'NONE',  ( 1.544999999999999929, -1.150000000000000355, 3.350000000000000533 ) ) ;
#8410 = FACE_OUTER_BOUND ( 'NONE', #4049, .T. ) ;
#8411 = ORIENTED_EDGE ( 'NONE', *, *, #8364, .F. ) ;
#8412 = EDGE_CURVE ( 'NONE', #1883, #6793, #7391, .T. ) ;
#8413 = DIRECTION ( 'NONE',  ( 0.000000000000000000, 0.000000000000000000, -1.000000000000000000 ) ) ;
#8414 = FILL_AREA_STYLE ('',( #2458 ) ) ;
#8415 = EDGE_CURVE ( 'NONE', #2862, #221, #4021, .T. ) ;
#8416 = PLANE ( 'NONE',  #6472 ) ;
#8417 = ORIENTED_EDGE ( 'NONE', *, *, #5667, .T. ) ;
#8418 = ORIENTED_EDGE ( 'NONE', *, *, #3450, .T. ) ;
#8419 = FILL_AREA_STYLE_COLOUR ( '', #2200 ) ;
#8420 = EDGE_CURVE ( 'NONE', #8606, #5362, #3889, .T. ) ;
#8421 = DIRECTION ( 'NONE',  ( 0.000000000000000000, 0.000000000000000000, -1.000000000000000000 ) ) ;
#8422 = AXIS2_PLACEMENT_3D ( 'NONE', #3401, #6310, #7490 ) ;
#8423 = SURFACE_SIDE_STYLE ('',( #3658 ) ) ;
#8424 = DIRECTION ( 'NONE',  ( 0.000000000000000000, 0.000000000000000000, -1.000000000000000000 ) ) ;
#8425 =( BOUNDED_CURVE ( )  B_SPLINE_CURVE ( 3, ( #1990, #2643, #6991, #4843 ),
 .UNSPECIFIED., .F., .F. ) 
 B_SPLINE_CURVE_WITH_KNOTS ( ( 4, 4 ),
 ( 4.712388980384689674, 6.283185307179586232 ),
 .UNSPECIFIED. ) 
 CURVE ( )  GEOMETRIC_REPRESENTATION_ITEM ( )  RATIONAL_B_SPLINE_CURVE ( ( 1.000000000000000000, 0.8047378541243649375, 0.8047378541243649375, 1.000000000000000000 ) ) 
 REPRESENTATION_ITEM ( '' )  );
#8426 = CARTESIAN_POINT ( 'NONE',  ( -4.709999999999999964, 2.500000000000000000, 2.300000000000000266 ) ) ;
#8427 = DIRECTION ( 'NONE',  ( 0.000000000000000000, 0.000000000000000000, -1.000000000000000000 ) ) ;
#8428 = CARTESIAN_POINT ( 'NONE',  ( -5.309999999999999609, 2.400000000000000355, 1.800000000000000711 ) ) ;
#8429 = CYLINDRICAL_SURFACE ( 'NONE', #2702, 0.3500000000000004774 ) ;
#8430 = ORIENTED_EDGE ( 'NONE', *, *, #6850, .T. ) ;
#8431 = CARTESIAN_POINT ( 'NONE',  ( 1.769999999999999352, 2.880000000000000338, 0.09999999999999917288 ) ) ;
#8432 = EDGE_CURVE ( 'NONE', #1994, #8196, #7296, .T. ) ;
#8433 = ADVANCED_FACE ( 'NONE', ( #7076 ), #7123, .F. ) ;
#8434 = AXIS2_PLACEMENT_3D ( 'NONE', #8154, #3757, #8784 ) ;
#8435 = ORIENTED_EDGE ( 'NONE', *, *, #5765, .T. ) ;
#8436 = DIRECTION ( 'NONE',  ( -1.000000000000000000, 0.000000000000000000, 7.228014483236699514E-16 ) ) ;
#8437 = SURFACE_STYLE_USAGE ( .BOTH. , #6976 ) ;
#8438 = CARTESIAN_POINT ( 'NONE',  ( 5.065000000000000391, 2.500000000000000000, -3.099999999999999645 ) ) ;
#8439 = AXIS2_PLACEMENT_3D ( 'NONE', #4900, #4433, #5101 ) ;
#8440 = VECTOR ( 'NONE', #4518, 1000.000000000000000 ) ;
#8441 = VECTOR ( 'NONE', #7231, 1000.000000000000114 ) ;
#8442 = DIRECTION ( 'NONE',  ( 0.000000000000000000, 0.000000000000000000, 1.000000000000000000 ) ) ;
#8443 = EDGE_CURVE ( 'NONE', #1018, #5337, #959, .T. ) ;
#8444 = CARTESIAN_POINT ( 'NONE',  ( 3.209999999999999964, 2.249999999999999112, -0.6999999999999994005 ) ) ;
#8445 = CARTESIAN_POINT ( 'NONE',  ( -4.559999999999999609, -0.2000000000000000111, -3.550576545463337119 ) ) ;
#8446 = PLANE ( 'NONE',  #4546 ) ;
#8447 = DIRECTION ( 'NONE',  ( 0.000000000000000000, 0.000000000000000000, -1.000000000000000000 ) ) ;
#8448 = ORIENTED_EDGE ( 'NONE', *, *, #3457, .F. ) ;
#8449 = SURFACE_SIDE_STYLE ('',( #7255 ) ) ;
#8450 = ORIENTED_EDGE ( 'NONE', *, *, #380, .F. ) ;
#8451 = VECTOR ( 'NONE', #3112, 1000.000000000000000 ) ;
#8452 = STYLED_ITEM ( 'NONE', ( #8656 ), #5457 ) ;
#8453 = CONTEXT_DEPENDENT_SHAPE_REPRESENTATION ( #268, #4118 ) ;
#8454 = DIRECTION ( 'NONE',  ( 0.000000000000000000, 0.000000000000000000, 1.000000000000000000 ) ) ;
#8455 = DIRECTION ( 'NONE',  ( 1.000000000000000000, 0.000000000000000000, 0.000000000000000000 ) ) ;
#8456 = FACE_OUTER_BOUND ( 'NONE', #4601, .T. ) ;
#8457 = ORIENTED_EDGE ( 'NONE', *, *, #5851, .T. ) ;
#8458 = LINE ( 'NONE', #5782, #2337 ) ;
#8459 = EDGE_CURVE ( 'NONE', #7731, #751, #3950, .T. ) ;
#8460 = FILL_AREA_STYLE ('',( #4921 ) ) ;
#8461 = CARTESIAN_POINT ( 'NONE',  ( 1.869999999999999662, 2.499999999999999112, 2.060000000000005382 ) ) ;
#8462 = ORIENTED_EDGE ( 'NONE', *, *, #7805, .F. ) ;
#8463 = PLANE ( 'NONE',  #2178 ) ;
#8464 = DIRECTION ( 'NONE',  ( 0.000000000000000000, 0.9987187878592513890, -0.05060417746537783368 ) ) ;
#8465 = CARTESIAN_POINT ( 'NONE',  ( 4.559999999999999609, -1.450000000000000178, -4.954999999999999183 ) ) ;
#8466 =( NAMED_UNIT ( * ) SI_UNIT ( $, .STERADIAN. ) SOLID_ANGLE_UNIT ( ) );
#8467 = COLOUR_RGB ( '',0.7921568627450980005, 0.8196078431372548767, 0.9333333333333333481 ) ;
#8468 = VERTEX_POINT ( 'NONE', #8389 ) ;
#8469 = LINE ( 'NONE', #5600, #2291 ) ;
#8470 = CARTESIAN_POINT ( 'NONE',  ( 2.019999999999999574, -0.1772281201405800644, -4.000000000000000000 ) ) ;
#8471 =( LENGTH_UNIT ( ) NAMED_UNIT ( * ) SI_UNIT ( .MILLI., .METRE. ) );
#8472 = UNCERTAINTY_MEASURE_WITH_UNIT (LENGTH_MEASURE( 1.000000000000000082E-05 ), #1387, 'distance_accuracy_value', 'NONE');
#8473 = CARTESIAN_POINT ( 'NONE',  ( -0.6700000000000004841, 4.649244398944980539, 0.5999999999999998668 ) ) ;
#8474 = EDGE_LOOP ( 'NONE', ( #8728, #3312, #542, #5807, #5903, #2908, #2687, #8771 ) ) ;
#8475 = EDGE_CURVE ( 'NONE', #3015, #80, #7001, .T. ) ;
#8476 = EDGE_LOOP ( 'NONE', ( #369, #834, #4986, #455, #3921, #6637, #5058, #1017 ) ) ;
#8477 = SURFACE_SIDE_STYLE ('',( #8357 ) ) ;
#8478 = CARTESIAN_POINT ( 'NONE',  ( 0.5200000000000000178, 0.2500000000000000000, 3.349999999999997424 ) ) ;
#8479 = PLANE ( 'NONE',  #1257 ) ;
#8480 = FILL_AREA_STYLE ('',( #5486 ) ) ;
#8481 = SURFACE_SIDE_STYLE ('',( #3441 ) ) ;
#8482 = LINE ( 'NONE', #4127, #8668 ) ;
#8483 = EDGE_LOOP ( 'NONE', ( #2630, #5920, #8283 ) ) ;
#8484 = SURFACE_STYLE_FILL_AREA ( #4365 ) ;
#8485 = EDGE_CURVE ( 'NONE', #1239, #491, #775, .T. ) ;
#8486 = ORIENTED_EDGE ( 'NONE', *, *, #1491, .F. ) ;
#8487 = ORIENTED_EDGE ( 'NONE', *, *, #3656, .F. ) ;
#8488 =( NAMED_UNIT ( * ) SI_UNIT ( $, .STERADIAN. ) SOLID_ANGLE_UNIT ( ) );
#8489 = CARTESIAN_POINT ( 'NONE',  ( 0.7699999999999997957, 2.780000000000000249, 0.000000000000000000 ) ) ;
#8490 = EDGE_CURVE ( 'NONE', #5622, #8960, #1114, .T. ) ;
#8491 = AXIS2_PLACEMENT_3D ( 'NONE', #9180, #4924, #9038 ) ;
#8492 = SHAPE_REPRESENTATION_RELATIONSHIP ( 'NONE' , 'NONE' ,  #5595, #7365 ) ;
#8493 = FACE_OUTER_BOUND ( 'NONE', #5112, .T. ) ;
#8494 = AXIS2_PLACEMENT_3D ( 'NONE', #192, #3151, #4583 ) ;
#8495 = CARTESIAN_POINT ( 'NONE',  ( -1.545000000000000373, -1.367711462112881859, 3.810000000000000053 ) ) ;
#8496 = DIRECTION ( 'NONE',  ( 1.000000000000000000, 0.000000000000000000, 0.000000000000000000 ) ) ;
#8497 =( LENGTH_UNIT ( ) NAMED_UNIT ( * ) SI_UNIT ( .MILLI., .METRE. ) );
#8498 = ADVANCED_FACE ( 'NONE', ( #4320 ), #6788, .F. ) ;
#8499 = PLANE ( 'NONE',  #7237 ) ;
#8500 = DIRECTION ( 'NONE',  ( -1.000000000000000000, -0.000000000000000000, 0.000000000000000000 ) ) ;
#8501 = ORIENTED_EDGE ( 'NONE', *, *, #5072, .T. ) ;
#8502 = EDGE_CURVE ( 'NONE', #5755, #4919, #7363, .T. ) ;
#8503 = STYLED_ITEM ( 'NONE', ( #8910 ), #7547 ) ;
#8504 = CARTESIAN_POINT ( 'NONE',  ( -3.209999999999999964, 4.649244398944980539, 0.09999999999999995004 ) ) ;
#8505 = VECTOR ( 'NONE', #6553, 1000.000000000000000 ) ;
#8506 = COLOUR_RGB ( '',1.000000000000000000, 1.000000000000000000, 0.5019607843137254832 ) ;
#8507 = ORIENTED_EDGE ( 'NONE', *, *, #3731, .F. ) ;
#8508 = CARTESIAN_POINT ( 'NONE',  ( 0.9949999999999997735, -1.700000000000000178, 4.954999999999999183 ) ) ;
#8509 = PLANE ( 'NONE',  #3013 ) ;
#8510 = VERTEX_POINT ( 'NONE', #6856 ) ;
#8511 = PLANE ( 'NONE',  #7839 ) ;
#8512 = CARTESIAN_POINT ( 'NONE',  ( -0.5200000000000004619, -1.450000000000000178, 4.159551575750739083 ) ) ;
#8513 = ADVANCED_FACE ( 'NONE', ( #6951 ), #8446, .F. ) ;
#8514 = FILL_AREA_STYLE ('',( #4273 ) ) ;
#8515 = EDGE_CURVE ( 'NONE', #1024, #5646, #905, .T. ) ;
#8516 = VECTOR ( 'NONE', #8237, 1000.000000000000000 ) ;
#8517 = ORIENTED_EDGE ( 'NONE', *, *, #7061, .F. ) ;
#8518 = AXIS2_PLACEMENT_3D ( 'NONE', #2588, #5503, #4783 ) ;
#8519 = CARTESIAN_POINT ( 'NONE',  ( 0.9949999999999997735, -1.367711462112881859, -3.810000000000000053 ) ) ;
#8520 = EDGE_LOOP ( 'NONE', ( #7833, #1845, #6073, #4447 ) ) ;
#8521 = VECTOR ( 'NONE', #5937, 1000.000000000000114 ) ;
#8522 = CARTESIAN_POINT ( 'NONE',  ( 3.060000000000000053, -0.2000000000000000111, 3.550576545463337119 ) ) ;
#8523 = DIRECTION ( 'NONE',  ( -1.000000000000000000, -0.000000000000000000, 0.000000000000000000 ) ) ;
#8524 = DIRECTION ( 'NONE',  ( 1.000000000000000000, 0.000000000000000000, 0.000000000000000000 ) ) ;
#8525 = CARTESIAN_POINT ( 'NONE',  ( -3.310000000000000497, 1.999999999999999112, 0.6999999999999992895 ) ) ;
#8526 = CARTESIAN_POINT ( 'NONE',  ( 3.535000000000000142, -0.1898791645069245193, 3.750320303035187042 ) ) ;
#8527 = LINE ( 'NONE', #5154, #5397 ) ;
#8528 = DIRECTION ( 'NONE',  ( -1.000000000000000000, 0.000000000000000000, 0.000000000000000000 ) ) ;
#8529 = FACE_OUTER_BOUND ( 'NONE', #2039, .T. ) ;
#8530 = EDGE_CURVE ( 'NONE', #8401, #3564, #7376, .T. ) ;
#8531 = AXIS2_PLACEMENT_3D ( 'NONE', #3108, #5293, #5933 ) ;
#8532 = VERTEX_POINT ( 'NONE', #3982 ) ;
#8533 = FILL_AREA_STYLE ('',( #2333 ) ) ;
#8534 = DIRECTION ( 'NONE',  ( -1.000000000000000000, 0.000000000000000000, 0.000000000000000000 ) ) ;
#8535 = EDGE_CURVE ( 'NONE', #1179, #3796, #795, .T. ) ;
#8536 = AXIS2_PLACEMENT_3D ( 'NONE', #6840, #1019, #6050 ) ;
#8537 = LINE ( 'NONE', #4389, #8588 ) ;
#8538 = ORIENTED_EDGE ( 'NONE', *, *, #4385, .T. ) ;
#8539 = VECTOR ( 'NONE', #7721, 1000.000000000000000 ) ;
#8540 = DIRECTION ( 'NONE',  ( 1.000000000000000000, -0.000000000000000000, -0.000000000000000000 ) ) ;
#8541 = CARTESIAN_POINT ( 'NONE',  ( 4.559999999999999609, -0.1898791645069244916, 3.750320303035187042 ) ) ;
#8542 = DIRECTION ( 'NONE',  ( 0.000000000000000000, 1.000000000000000000, 2.891205793294678326E-16 ) ) ;
#8543 = DIRECTION ( 'NONE',  ( 0.000000000000000000, 0.000000000000000000, 1.000000000000000000 ) ) ;
#8544 = CARTESIAN_POINT ( 'NONE',  ( 3.535000000000000142, -1.450000000000000178, -4.954999999999999183 ) ) ;
#8545 = EDGE_CURVE ( 'NONE', #916, #80, #841, .T. ) ;
#8546 = VERTEX_POINT ( 'NONE', #6543 ) ;
#8547 = EDGE_CURVE ( 'NONE', #4343, #6315, #1187, .T. ) ;
#8548 = PRESENTATION_LAYER_ASSIGNMENT (  '', '', ( #7473 ) ) ;
#8549 = SURFACE_STYLE_FILL_AREA ( #8064 ) ;
#8550 = ORIENTED_EDGE ( 'NONE', *, *, #7700, .T. ) ;
#8551 = DIRECTION ( 'NONE',  ( -1.000000000000000000, -0.000000000000000000, -0.000000000000000000 ) ) ;
#8552 = EDGE_LOOP ( 'NONE', ( #947, #2361, #3987, #5593 ) ) ;
#8553 = LINE ( 'NONE', #5662, #2352 ) ;
#8554 = ADVANCED_FACE ( 'NONE', ( #1206 ), #8499, .F. ) ;
#8555 = CARTESIAN_POINT ( 'NONE',  ( -4.410000000000000142, 2.249999999999999112, -0.6999999999999994005 ) ) ;
#8556 = DIRECTION ( 'NONE',  ( 0.000000000000000000, 1.000000000000000000, 0.000000000000000000 ) ) ;
#8557 = VERTEX_POINT ( 'NONE', #4438 ) ;
#8558 = DIRECTION ( 'NONE',  ( 0.000000000000000000, 0.000000000000000000, -1.000000000000000000 ) ) ;
#8559 =( GEOMETRIC_REPRESENTATION_CONTEXT ( 3 ) GLOBAL_UNCERTAINTY_ASSIGNED_CONTEXT ( ( #5207 ) ) GLOBAL_UNIT_ASSIGNED_CONTEXT ( ( #8258, #2564, #8308 ) ) REPRESENTATION_CONTEXT ( 'NONE', 'WORKASPACE' ) );
#8560 = CARTESIAN_POINT ( 'NONE',  ( 0.000000000000000000, 2.500000000000000000, 0.000000000000000000 ) ) ;
#8561 = CARTESIAN_POINT ( 'NONE',  ( 5.815000000000000391, 2.000000000000000000, -2.349999999999999201 ) ) ;
#8562 = SURFACE_STYLE_USAGE ( .BOTH. , #2771 ) ;
#8563 = UNCERTAINTY_MEASURE_WITH_UNIT (LENGTH_MEASURE( 1.000000000000000082E-05 ), #8471, 'distance_accuracy_value', 'NONE');
#8564 = LINE ( 'NONE', #777, #2474 ) ;
#8565 = CARTESIAN_POINT ( 'NONE',  ( -1.770000000000000240, 2.780000000000000249, 0.09999999999999951983 ) ) ;
#8566 = CARTESIAN_POINT ( 'NONE',  ( 4.559999999999999609, -0.1898791645069244916, -3.750320303035187042 ) ) ;
#8567 = DIRECTION ( 'NONE',  ( -1.000000000000000000, 0.000000000000000000, 0.000000000000000000 ) ) ;
#8568 = VERTEX_POINT ( 'NONE', #56 ) ;
#8569 = AXIS2_PLACEMENT_3D ( 'NONE', #2900, #3620, #5184 ) ;
#8570 = ORIENTED_EDGE ( 'NONE', *, *, #6907, .T. ) ;
#8571 = CARTESIAN_POINT ( 'NONE',  ( -2.020000000000000018, 0.2500000000000000000, -3.349999999999997424 ) ) ;
#8572 = EDGE_CURVE ( 'NONE', #7947, #409, #1225, .T. ) ;
#8573 = SURFACE_STYLE_USAGE ( .BOTH. , #2476 ) ;
#8574 = PLANE ( 'NONE',  #9022 ) ;
#8575 = VECTOR ( 'NONE', #1258, 1000.000000000000000 ) ;
#8576 = DIRECTION ( 'NONE',  ( 0.000000000000000000, 0.000000000000000000, 1.000000000000000000 ) ) ;
#8577 = VECTOR ( 'NONE', #2619, 1000.000000000000000 ) ;
#8578 = VERTEX_POINT ( 'NONE', #3598 ) ;
#8579 = DIRECTION ( 'NONE',  ( 0.000000000000000000, 0.000000000000000000, 1.000000000000000000 ) ) ;
#8580 = ADVANCED_FACE ( 'NONE', ( #4543 ), #920, .F. ) ;
#8581 = STYLED_ITEM ( 'NONE', ( #35 ), #8018 ) ;
#8582 = EDGE_LOOP ( 'NONE', ( #6045, #4413, #7992, #6246 ) ) ;
#8583 = ORIENTED_EDGE ( 'NONE', *, *, #1491, .T. ) ;
#8584 = MECHANICAL_DESIGN_GEOMETRIC_PRESENTATION_REPRESENTATION (  '', ( #2688 ), #5803 ) ;
#8585 = CARTESIAN_POINT ( 'NONE',  ( 3.535000000000000142, -1.355060417746537293, -4.059679696964812123 ) ) ;
#8586 = DIRECTION ( 'NONE',  ( 0.000000000000000000, -0.7071067811865398012, -0.7071067811865552333 ) ) ;
#8587 = DIRECTION ( 'NONE',  ( 0.000000000000000000, 1.000000000000000000, 3.035766082959414782E-15 ) ) ;
#8588 = VECTOR ( 'NONE', #1521, 1000.000000000000114 ) ;
#8589 = CARTESIAN_POINT ( 'NONE',  ( -3.209999999999999964, 2.499999999999999112, 2.060000000000005382 ) ) ;
#8590 = ORIENTED_EDGE ( 'NONE', *, *, #1208, .T. ) ;
#8591 = EDGE_CURVE ( 'NONE', #47, #4430, #7625, .T. ) ;
#8592 = CARTESIAN_POINT ( 'NONE',  ( 2.019999999999999574, -1.450000000000000178, 4.159551575750739083 ) ) ;
#8593 = CARTESIAN_POINT ( 'NONE',  ( -4.410000000000000142, 2.249999999999999112, 0.6999999999999992895 ) ) ;
#8594 = CARTESIAN_POINT ( 'NONE',  ( -5.815000000000000391, 2.250000000000000444, 3.350000000000000977 ) ) ;
#8595 = DIRECTION ( 'NONE',  ( -0.000000000000000000, 0.9987187878592513890, -0.05060417746537783368 ) ) ;
#8596 = DIRECTION ( 'NONE',  ( 1.000000000000000000, 0.000000000000000000, -1.118695276855206767E-16 ) ) ;
#8597 = CARTESIAN_POINT ( 'NONE',  ( 2.019999999999999574, 0.000000000000000000, 3.349999999999997424 ) ) ;
#8598 = EDGE_LOOP ( 'NONE', ( #4372, #1363, #4620, #1123 ) ) ;
#8599 = FACE_OUTER_BOUND ( 'NONE', #5740, .T. ) ;
#8600 = CARTESIAN_POINT ( 'NONE',  ( 1.544999999999999929, -1.450000000000000178, -4.159551575750739083 ) ) ;
#8601 = SURFACE_STYLE_FILL_AREA ( #5463 ) ;
#8603 = PRESENTATION_STYLE_ASSIGNMENT (( #6034 ) ) ;
#8602 = CARTESIAN_POINT ( 'NONE',  ( -0.7700000000000006839, 2.780000000000000249, -6.418476861114183291E-16 ) ) ;
#8604 = EDGE_CURVE ( 'NONE', #5399, #4908, #1413, .T. ) ;
#8605 = CARTESIAN_POINT ( 'NONE',  ( -0.5199999999999995737, -1.150000000000000133, -4.049289471110532723 ) ) ;
#8606 = VERTEX_POINT ( 'NONE', #9161 ) ;
#8607 = EDGE_LOOP ( 'NONE', ( #5906, #2777, #1896, #5895 ) ) ;
#8608 = EDGE_CURVE ( 'NONE', #2720, #6327, #4464, .T. ) ;
#8609 = PLANE ( 'NONE',  #5200 ) ;
#8610 = PLANE ( 'NONE',  #2592 ) ;
#8611 = DIRECTION ( 'NONE',  ( 0.000000000000000000, -0.000000000000000000, 1.000000000000000000 ) ) ;
#8612 = VECTOR ( 'NONE', #1930, 1000.000000000000000 ) ;
#8613 = CARTESIAN_POINT ( 'NONE',  ( 0.5200000000000000178, -0.2000000000000000111, -3.550576545463337119 ) ) ;
#8614 = DIRECTION ( 'NONE',  ( -1.000000000000000000, -4.565061778886337988E-16, 2.313075504410495651E-17 ) ) ;
#8615 = DIRECTION ( 'NONE',  ( 0.000000000000000000, 1.000000000000000000, 0.000000000000000000 ) ) ;
#8616 = EDGE_CURVE ( 'NONE', #2241, #6493, #4367, .T. ) ;
#8617 = PRESENTATION_LAYER_ASSIGNMENT (  '', '', ( #8702 ) ) ;
#8618 = CYLINDRICAL_SURFACE ( 'NONE', #9105, 0.09999999999999982514 ) ;
#8619 = LINE ( 'NONE', #4478, #2516 ) ;
#8620 = COLOUR_RGB ( '',1.000000000000000000, 1.000000000000000000, 0.5019607843137254832 ) ;
#8621 = EDGE_CURVE ( 'NONE', #13, #7892, #7411, .T. ) ;
#8622 = CARTESIAN_POINT ( 'NONE',  ( -4.410000000000000142, 2.249999999999999112, 1.809999999999999831 ) ) ;
#8623 = ADVANCED_FACE ( 'NONE', ( #1366 ), #856, .F. ) ;
#8624 = CARTESIAN_POINT ( 'NONE',  ( 3.209999999999999964, 2.499999999999999556, -2.060000000000005382 ) ) ;
#8625 = VERTEX_POINT ( 'NONE', #117 ) ;
#8626 = CARTESIAN_POINT ( 'NONE',  ( 0.000000000000000000, 1.700000000000000178, 8.673617379884035472E-16 ) ) ;
#8627 = CARTESIAN_POINT ( 'NONE',  ( -1.870000000000000107, 2.499999999999999556, -2.060000000000005382 ) ) ;
#8628 = FACE_OUTER_BOUND ( 'NONE', #7477, .T. ) ;
#8629 = DIRECTION ( 'NONE',  ( -1.000000000000000000, -0.000000000000000000, 0.000000000000000000 ) ) ;
#8630 = COLOUR_RGB ( '',1.000000000000000000, 1.000000000000000000, 0.5019607843137254832 ) ;
#8631 = DIRECTION ( 'NONE',  ( 4.565061778886337002E-16, 1.000000000000000000, 0.000000000000000000 ) ) ;
#8632 = VECTOR ( 'NONE', #7168, 1000.000000000000000 ) ;
#8633 = EDGE_CURVE ( 'NONE', #8093, #8578, #7496, .T. ) ;
#8634 = EDGE_LOOP ( 'NONE', ( #6887, #6658, #1644, #6638 ) ) ;
#8635 = ORIENTED_EDGE ( 'NONE', *, *, #1319, .F. ) ;
#8636 = DIRECTION ( 'NONE',  ( -1.000000000000000000, -4.565061778886337988E-16, -2.313075504410495651E-17 ) ) ;
#8637 = CARTESIAN_POINT ( 'NONE',  ( 4.559999999999999609, -0.1898791645069245193, -3.750320303035187042 ) ) ;
#8638 = ADVANCED_FACE ( 'NONE', ( #7640 ), #2812, .F. ) ;
#8639 = CARTESIAN_POINT ( 'NONE',  ( -1.870000000000000107, 2.249999999999999112, 1.809999999999999831 ) ) ;
#8640 = SURFACE_STYLE_FILL_AREA ( #8737 ) ;
#8641 =( GEOMETRIC_REPRESENTATION_CONTEXT ( 3 ) GLOBAL_UNCERTAINTY_ASSIGNED_CONTEXT ( ( #6029 ) ) GLOBAL_UNIT_ASSIGNED_CONTEXT ( ( #7043, #7859, #577 ) ) REPRESENTATION_CONTEXT ( 'NONE', 'WORKASPACE' ) );
#8642 = VECTOR ( 'NONE', #2598, 1000.000000000000000 ) ;
#8643 = EDGE_CURVE ( 'NONE', #2699, #649, #1380, .T. ) ;
#8644 = COLOUR_RGB ( '',1.000000000000000000, 1.000000000000000000, 0.5019607843137254832 ) ;
#8645 = PLANE ( 'NONE',  #2019 ) ;
#8646 =( NAMED_UNIT ( * ) PLANE_ANGLE_UNIT ( ) SI_UNIT ( $, .RADIAN. ) );
#8647 = CARTESIAN_POINT ( 'NONE',  ( -4.410000000000000142, 2.249999999999999556, -1.810000000000000275 ) ) ;
#8648 = DIRECTION ( 'NONE',  ( -1.000000000000000000, -0.000000000000000000, 0.000000000000000000 ) ) ;
#8649 = CARTESIAN_POINT ( 'NONE',  ( -4.410000000000000142, 2.499999999999999556, -2.060000000000005382 ) ) ;
#8650 = VERTEX_POINT ( 'NONE', #2173 ) ;
#8651 = DIRECTION ( 'NONE',  ( -1.000000000000000000, 0.000000000000000000, 0.000000000000000000 ) ) ;
#8652 = EDGE_CURVE ( 'NONE', #4953, #4309, #7529, .T. ) ;
#8653 = FACE_OUTER_BOUND ( 'NONE', #4766, .T. ) ;
#8654 = LINE ( 'NONE', #5581, #8670 ) ;
#8655 = DIRECTION ( 'NONE',  ( 0.000000000000000000, 0.000000000000000000, -1.000000000000000000 ) ) ;
#8656 = PRESENTATION_STYLE_ASSIGNMENT (( #907 ) ) ;
#8657 = STYLED_ITEM ( 'NONE', ( #3876 ), #147 ) ;
#8658 = DIRECTION ( 'NONE',  ( -0.000000000000000000, -1.000000000000000000, -2.891205793294678326E-16 ) ) ;
#8659 = UNCERTAINTY_MEASURE_WITH_UNIT (LENGTH_MEASURE( 1.000000000000000082E-05 ), #3448, 'distance_accuracy_value', 'NONE');
#8660 = DIRECTION ( 'NONE',  ( 1.000000000000000000, -0.000000000000000000, -0.000000000000000000 ) ) ;
#8661 = VERTEX_POINT ( 'NONE', #9225 ) ;
#8662 = DIRECTION ( 'NONE',  ( 0.000000000000000000, 0.000000000000000000, -1.000000000000000000 ) ) ;
#8663 = CARTESIAN_POINT ( 'NONE',  ( 4.410000000000000142, 2.780000000000000249, 0.5999999999999993117 ) ) ;
#8664 = DIRECTION ( 'NONE',  ( 0.000000000000000000, 0.000000000000000000, -1.000000000000000000 ) ) ;
#8665 = EDGE_CURVE ( 'NONE', #2277, #2239, #1496, .T. ) ;
#8666 = CARTESIAN_POINT ( 'NONE',  ( 3.310000000000000053, 4.649244398944980539, 0.1000000000000000611 ) ) ;
#8667 = PLANE ( 'NONE',  #817 ) ;
#8668 = VECTOR ( 'NONE', #3247, 1000.000000000000000 ) ;
#8669 = STYLED_ITEM ( 'NONE', ( #4631 ), #3845 ) ;
#8670 = VECTOR ( 'NONE', #4086, 1000.000000000000000 ) ;
#8671 = CARTESIAN_POINT ( 'NONE',  ( -3.310000000000000497, 2.780000000000000249, 0.09999999999999940881 ) ) ;
#8672 = CARTESIAN_POINT ( 'NONE',  ( -4.559999999999999609, -0.1772281201405800644, -4.000000000000000000 ) ) ;
#8673 =( GEOMETRIC_REPRESENTATION_CONTEXT ( 3 ) GLOBAL_UNCERTAINTY_ASSIGNED_CONTEXT ( ( #1667 ) ) GLOBAL_UNIT_ASSIGNED_CONTEXT ( ( #6134, #8239, #7767 ) ) REPRESENTATION_CONTEXT ( 'NONE', 'WORKASPACE' ) );
#8674 = CARTESIAN_POINT ( 'NONE',  ( -4.709999999999999964, 2.400000000000000355, 2.300000000000000266 ) ) ;
#8675 = VERTEX_POINT ( 'NONE', #353 ) ;
#8676 = VERTEX_POINT ( 'NONE', #4863 ) ;
#8677 = DIRECTION ( 'NONE',  ( 0.000000000000000000, 0.7071067811865404673, -0.7071067811865545671 ) ) ;
#8678 = PRESENTATION_LAYER_ASSIGNMENT (  '', '', ( #7281 ) ) ;
#8679 = VERTEX_POINT ( 'NONE', #1053 ) ;
#8680 = DIRECTION ( 'NONE',  ( 0.000000000000000000, 0.000000000000000000, 1.000000000000000000 ) ) ;
#8681 = DIRECTION ( 'NONE',  ( -0.000000000000000000, 0.000000000000000000, 1.000000000000000000 ) ) ;
#8682 = LINE ( 'NONE', #7875, #5746 ) ;
#8683 = DIRECTION ( 'NONE',  ( 1.000000000000000000, 0.000000000000000000, -1.219727444046192981E-16 ) ) ;
#8684 = PLANE ( 'NONE',  #628 ) ;
#8685 = EDGE_LOOP ( 'NONE', ( #5168, #1674, #1308, #2225, #9199, #1171, #1512, #5381 ) ) ;
#8686 = DIRECTION ( 'NONE',  ( 0.000000000000000000, -0.7071067811865398012, -0.7071067811865552333 ) ) ;
#8687 = AXIS2_PLACEMENT_3D ( 'NONE', #3066, #3791, #4568 ) ;
#8688 = LINE ( 'NONE', #2108, #8699 ) ;
#8689 = ADVANCED_FACE ( 'NONE', ( #7593 ), #4070, .F. ) ;
#8690 = ORIENTED_EDGE ( 'NONE', *, *, #7078, .F. ) ;
#8691 = EDGE_LOOP ( 'NONE', ( #7791, #2357, #2014 ) ) ;
#8692 = CARTESIAN_POINT ( 'NONE',  ( 2.019999999999999574, -0.2000000000000000111, 3.550576545463337119 ) ) ;
#8693 =( NAMED_UNIT ( * ) PLANE_ANGLE_UNIT ( ) SI_UNIT ( $, .RADIAN. ) );
#8694 = DIRECTION ( 'NONE',  ( 0.000000000000000000, 0.000000000000000000, 1.000000000000000000 ) ) ;
#8695 = ORIENTED_EDGE ( 'NONE', *, *, #2128, .T. ) ;
#8696 = AXIS2_PLACEMENT_3D ( 'NONE', #6796, #6660, #9030 ) ;
#8697 = LINE ( 'NONE', #4968, #2772 ) ;
#8698 = LINE ( 'NONE', #2185, #5688 ) ;
#8700 = EDGE_CURVE ( 'NONE', #6370, #6534, #1329, .T. ) ;
#8699 = VECTOR ( 'NONE', #5781, 1000.000000000000114 ) ;
#8701 = CARTESIAN_POINT ( 'NONE',  ( 1.869999999999999662, 2.249999999999999112, 1.809999999999999831 ) ) ;
#8702 = STYLED_ITEM ( 'NONE', ( #1960 ), #2451 ) ;
#8703 = DIRECTION ( 'NONE',  ( 0.000000000000000000, -2.891205793294678326E-16, 1.000000000000000000 ) ) ;
#8704 = CARTESIAN_POINT ( 'NONE',  ( -0.7700000000000006839, 4.649244398944980539, -1.014106625800827399E-16 ) ) ;
#8705 = CARTESIAN_POINT ( 'NONE',  ( -0.5200000000000013500, -1.150000000000000799, 4.049289471110532723 ) ) ;
#8706 = DIRECTION ( 'NONE',  ( -0.000000000000000000, 1.000000000000000000, -0.000000000000000000 ) ) ;
#8707 = VERTEX_POINT ( 'NONE', #3255 ) ;
#8708 = EDGE_CURVE ( 'NONE', #2886, #2818, #4398, .T. ) ;
#8709 = ORIENTED_EDGE ( 'NONE', *, *, #59, .F. ) ;
#8710 = EDGE_CURVE ( 'NONE', #1037, #4106, #7564, .T. ) ;
#8711 = CARTESIAN_POINT ( 'NONE',  ( -4.410000000000000142, 2.499999999999999112, 2.060000000000005382 ) ) ;
#8712 = SURFACE_SIDE_STYLE ('',( #8549 ) ) ;
#8713 = DIRECTION ( 'NONE',  ( -1.000000000000000000, -0.000000000000000000, 0.000000000000000000 ) ) ;
#8714 = LINE ( 'NONE', #2738, #8888 ) ;
#8715 = ADVANCED_FACE ( 'NONE', ( #4383 ), #1270, .F. ) ;
#8716 = EDGE_CURVE ( 'NONE', #862, #5878, #1585, .T. ) ;
#8717 = DIRECTION ( 'NONE',  ( -0.000000000000000000, 0.000000000000000000, 1.000000000000000000 ) ) ;
#8718 = VERTEX_POINT ( 'NONE', #1124 ) ;
#8719 = AXIS2_PLACEMENT_3D ( 'NONE', #5502, #527, #2111 ) ;
#8720 = ORIENTED_EDGE ( 'NONE', *, *, #8265, .F. ) ;
#8721 = CARTESIAN_POINT ( 'NONE',  ( -5.080000000000000071, 2.780000000000000249, 0.09999999999999989453 ) ) ;
#8722 = EDGE_LOOP ( 'NONE', ( #5343, #8095, #5149, #1414 ) ) ;
#8723 = PLANE ( 'NONE',  #8304 ) ;
#8724 = CARTESIAN_POINT ( 'NONE',  ( 0.7699999999999997957, 2.780000000000000249, 0.5999999999999994227 ) ) ;
#8725 = DIRECTION ( 'NONE',  ( 0.000000000000000000, -0.9987187878592513890, 0.05060417746537783368 ) ) ;
#8726 = EDGE_CURVE ( 'NONE', #4748, #7626, #1306, .T. ) ;
#8727 = LINE ( 'NONE', #8869, #2608 ) ;
#8728 = ORIENTED_EDGE ( 'NONE', *, *, #5060, .F. ) ;
#8729 = PRESENTATION_STYLE_ASSIGNMENT (( #3455 ) ) ;
#8730 = CARTESIAN_POINT ( 'NONE',  ( -0.9950000000000002176, -1.367711462112881859, 3.810000000000000053 ) ) ;
#8731 = DIRECTION ( 'NONE',  ( 0.000000000000000000, -0.7071067811865398012, -0.7071067811865552333 ) ) ;
#8732 = CARTESIAN_POINT ( 'NONE',  ( -5.815000000000000391, 2.000000000000000000, 3.350000000000000977 ) ) ;
#8733 = ORIENTED_EDGE ( 'NONE', *, *, #7592, .F. ) ;
#8735 = EDGE_CURVE ( 'NONE', #6233, #257, #4571, .T. ) ;
#8734 = VERTEX_POINT ( 'NONE', #1805 ) ;
#8736 = ORIENTED_EDGE ( 'NONE', *, *, #2610, .F. ) ;
#8737 = FILL_AREA_STYLE ('',( #2918 ) ) ;
#8738 = EDGE_CURVE ( 'NONE', #2224, #892, #4558, .T. ) ;
#8739 = CARTESIAN_POINT ( 'NONE',  ( 4.559999999999999609, -1.150000000000000133, 3.550576545463337119 ) ) ;
#8740 = FACE_OUTER_BOUND ( 'NONE', #702, .T. ) ;
#8741 = CARTESIAN_POINT ( 'NONE',  ( -0.9950000000000002176, -1.367711462112881859, -3.810000000000000053 ) ) ;
#8742 = VECTOR ( 'NONE', #504, 1000.000000000000000 ) ;
#8743 = CARTESIAN_POINT ( 'NONE',  ( -2.020000000000000018, -1.150000000000000133, 3.798968757172755062 ) ) ;
#8744 = CARTESIAN_POINT ( 'NONE',  ( -0.7700000000000006839, 1.999999999999999112, -8.673617379884035472E-16 ) ) ;
#8745 = ORIENTED_EDGE ( 'NONE', *, *, #5515, .T. ) ;
#8746 = CARTESIAN_POINT ( 'NONE',  ( 4.410000000000000142, 2.780000000000000249, 0.5999999999999993117 ) ) ;
#8747 = DIRECTION ( 'NONE',  ( 0.000000000000000000, -0.000000000000000000, 1.000000000000000000 ) ) ;
#8748 = EDGE_CURVE ( 'NONE', #1739, #1745, #7608, .T. ) ;
#8749 =( NAMED_UNIT ( * ) PLANE_ANGLE_UNIT ( ) SI_UNIT ( $, .RADIAN. ) );
#8750 = LINE ( 'NONE', #8605, #5718 ) ;
#8751 = AXIS2_PLACEMENT_3D ( 'NONE', #5866, #3084, #8664 ) ;
#8752 = ORIENTED_EDGE ( 'NONE', *, *, #4344, .T. ) ;
#8753 =( GEOMETRIC_REPRESENTATION_CONTEXT ( 3 ) GLOBAL_UNCERTAINTY_ASSIGNED_CONTEXT ( ( #4173 ) ) GLOBAL_UNIT_ASSIGNED_CONTEXT ( ( #5536, #8027, #2098 ) ) REPRESENTATION_CONTEXT ( 'NONE', 'WORKASPACE' ) );
#8754 = CARTESIAN_POINT ( 'NONE',  ( -3.535000000000000142, -1.700000000000000400, -4.159551575750739083 ) ) ;
#8755 = CARTESIAN_POINT ( 'NONE',  ( -3.310000000000000497, 4.649244398944980539, -1.014106625800827399E-16 ) ) ;
#8756 = ADVANCED_FACE ( 'NONE', ( #7653 ), #5413, .T. ) ;
#8757 = CARTESIAN_POINT ( 'NONE',  ( 2.019999999999999574, -0.1898791645069244916, 3.750320303035187042 ) ) ;
#8758 = CARTESIAN_POINT ( 'NONE',  ( -3.060000000000000053, 0.2500000000000000000, 3.349999999999997424 ) ) ;
#8759 = EDGE_LOOP ( 'NONE', ( #1335, #4637, #4517, #4964 ) ) ;
#8760 = CARTESIAN_POINT ( 'NONE',  ( 2.019999999999999574, -0.1772281201405800644, 4.000000000000000000 ) ) ;
#8761 =( GEOMETRIC_REPRESENTATION_CONTEXT ( 3 ) GLOBAL_UNCERTAINTY_ASSIGNED_CONTEXT ( ( #6598 ) ) GLOBAL_UNIT_ASSIGNED_CONTEXT ( ( #2129, #2762, #1264 ) ) REPRESENTATION_CONTEXT ( 'NONE', 'WORKASPACE' ) );
#8762 = ORIENTED_EDGE ( 'NONE', *, *, #5728, .F. ) ;
#8763 = DIRECTION ( 'NONE',  ( 0.000000000000000000, 1.000000000000000000, 2.891205793294678326E-16 ) ) ;
#8764 = VECTOR ( 'NONE', #4578, 1000.000000000000000 ) ;
#8765 = DIRECTION ( 'NONE',  ( 0.000000000000000000, 0.000000000000000000, -1.000000000000000000 ) ) ;
#8766 = UNCERTAINTY_MEASURE_WITH_UNIT (LENGTH_MEASURE( 1.000000000000000082E-05 ), #1626, 'distance_accuracy_value', 'NONE');
#8767 = FACE_OUTER_BOUND ( 'NONE', #8520, .T. ) ;
#8768 = EDGE_CURVE ( 'NONE', #3339, #1983, #1523, .T. ) ;
#8769 = STYLED_ITEM ( 'NONE', ( #6677 ), #8170 ) ;
#8770 = CARTESIAN_POINT ( 'NONE',  ( 5.815000000000000391, 2.250000000000000444, -3.349999999999999201 ) ) ;
#8771 = ORIENTED_EDGE ( 'NONE', *, *, #2402, .F. ) ;
#8772 = VERTEX_POINT ( 'NONE', #4007 ) ;
#8773 = CARTESIAN_POINT ( 'NONE',  ( -5.565000000000000391, 2.500000000000000000, 2.600000000000000533 ) ) ;
#8774 = CARTESIAN_POINT ( 'NONE',  ( -1.870000000000000107, 2.249999999999999112, 1.809999999999999831 ) ) ;
#8775 =( NAMED_UNIT ( * ) SI_UNIT ( $, .STERADIAN. ) SOLID_ANGLE_UNIT ( ) );
#8776 =( NAMED_UNIT ( * ) PLANE_ANGLE_UNIT ( ) SI_UNIT ( $, .RADIAN. ) );
#8777 = EDGE_LOOP ( 'NONE', ( #72, #5093, #4129, #6435 ) ) ;
#8778 = VECTOR ( 'NONE', #5730, 1000.000000000000000 ) ;
#8779 = CIRCLE ( 'NONE', #635, 0.4499999999999999001 ) ;
#8780 = ORIENTED_EDGE ( 'NONE', *, *, #167, .F. ) ;
#8781 = SURFACE_STYLE_USAGE ( .BOTH. , #3629 ) ;
#8782 = DIRECTION ( 'NONE',  ( -1.000000000000000000, -0.000000000000000000, -0.000000000000000000 ) ) ;
#8783 = MECHANICAL_DESIGN_GEOMETRIC_PRESENTATION_REPRESENTATION (  '', ( #7281 ), #3473 ) ;
#8784 = DIRECTION ( 'NONE',  ( 0.000000000000000000, 0.000000000000000000, -1.000000000000000000 ) ) ;
#8785 = EDGE_LOOP ( 'NONE', ( #5798, #6056, #2631, #5666 ) ) ;
#8786 = ORIENTED_EDGE ( 'NONE', *, *, #7582, .F. ) ;
#8787 = CARTESIAN_POINT ( 'NONE',  ( -0.5200000000000004619, 0.2500000000000000000, -3.349999999999997424 ) ) ;
#8788 = ADVANCED_FACE ( 'NONE', ( #7430 ), #5523, .F. ) ;
#8789 = AXIS2_PLACEMENT_3D ( 'NONE', #4862, #1267, #2494 ) ;
#8790 =( NAMED_UNIT ( * ) PLANE_ANGLE_UNIT ( ) SI_UNIT ( $, .RADIAN. ) );
#8791 = DIRECTION ( 'NONE',  ( 0.000000000000000000, 0.000000000000000000, -1.000000000000000000 ) ) ;
#8792 = LINE ( 'NONE', #7124, #5674 ) ;
#8793 = ORIENTED_EDGE ( 'NONE', *, *, #302, .T. ) ;
#8794 = CARTESIAN_POINT ( 'NONE',  ( -0.6700000000000004841, 2.780000000000000249, 0.09999999999999940881 ) ) ;
#8795 = VECTOR ( 'NONE', #71, 1000.000000000000114 ) ;
#8796 = DIRECTION ( 'NONE',  ( 1.000000000000000000, 0.000000000000000000, -7.457968512368043882E-17 ) ) ;
#8797 = DIRECTION ( 'NONE',  ( 0.000000000000000000, -0.05060417746537709816, -0.9987187878592515000 ) ) ;
#8798 = DIRECTION ( 'NONE',  ( 1.000000000000000000, 4.565061778886337988E-16, -2.313075504410461447E-17 ) ) ;
#8799 = VECTOR ( 'NONE', #6360, 1000.000000000000000 ) ;
#8800 = VERTEX_POINT ( 'NONE', #4136 ) ;
#8801 = VERTEX_POINT ( 'NONE', #6878 ) ;
#8802 = ADVANCED_FACE ( 'NONE', ( #1550 ), #6612, .F. ) ;
#8803 = EDGE_CURVE ( 'NONE', #5757, #9165, #4651, .T. ) ;
#8804 = AXIS2_PLACEMENT_3D ( 'NONE', #2634, #6242, #2802 ) ;
#8805 = EDGE_LOOP ( 'NONE', ( #4275, #6844, #4298, #7384, #1752, #738, #8202, #3830 ) ) ;
#8806 = CARTESIAN_POINT ( 'NONE',  ( -3.060000000000000053, -0.2000000000000000111, -3.550576545463337119 ) ) ;
#8807 = FILL_AREA_STYLE ('',( #3187 ) ) ;
#8808 = EDGE_CURVE ( 'NONE', #1636, #90, #7703, .T. ) ;
#8809 = AXIS2_PLACEMENT_3D ( 'NONE', #1611, #3770, #7358 ) ;
#8810 = FACE_OUTER_BOUND ( 'NONE', #7183, .T. ) ;
#8811 = CARTESIAN_POINT ( 'NONE',  ( -3.535000000000000142, -1.150000000000000355, -4.049289471110532723 ) ) ;
#8812 = ORIENTED_EDGE ( 'NONE', *, *, #4613, .T. ) ;
#8813 = PRESENTATION_STYLE_ASSIGNMENT (( #2219 ) ) ;
#8814 = EDGE_CURVE ( 'NONE', #2936, #361, #4665, .T. ) ;
#8815 = DIRECTION ( 'NONE',  ( 0.2505628070857320866, 0.9351131265310290708, -0.2505628070857321421 ) ) ;
#8816 = DIRECTION ( 'NONE',  ( -0.000000000000000000, -1.000000000000000000, -2.891205793294678326E-16 ) ) ;
#8817 = DIRECTION ( 'NONE',  ( 0.000000000000000000, 0.000000000000000000, -1.000000000000000000 ) ) ;
#8818 = DIRECTION ( 'NONE',  ( -1.000000000000000000, -0.000000000000000000, 0.000000000000000000 ) ) ;
#8819 = DIRECTION ( 'NONE',  ( 0.000000000000000000, -0.9987187878592515000, 0.05060417746537710509 ) ) ;
#8820 = EDGE_LOOP ( 'NONE', ( #3315, #7863, #8462, #8028 ) ) ;
#8821 = VERTEX_POINT ( 'NONE', #7135 ) ;
#8822 = ORIENTED_EDGE ( 'NONE', *, *, #5974, .F. ) ;
#8823 = PLANE ( 'NONE',  #1162 ) ;
#8824 = FACE_OUTER_BOUND ( 'NONE', #7522, .T. ) ;
#8825 = AXIS2_PLACEMENT_3D ( 'NONE', #2325, #5393, #3175 ) ;
#8826 = CARTESIAN_POINT ( 'NONE',  ( 1.769999999999999352, 2.780000000000000249, 0.000000000000000000 ) ) ;
#8827 = VECTOR ( 'NONE', #4304, 1000.000000000000000 ) ;
#8828 = ADVANCED_FACE ( 'NONE', ( #1260 ), #5123, .F. ) ;
#8829 = EDGE_CURVE ( 'NONE', #8287, #5622, #7476, .T. ) ;
#8830 =( NAMED_UNIT ( * ) SI_UNIT ( $, .STERADIAN. ) SOLID_ANGLE_UNIT ( ) );
#8831 = EDGE_LOOP ( 'NONE', ( #3466, #6812, #3864, #4210, #903, #6805, #3883, #3537 ) ) ;
#8832 = ORIENTED_EDGE ( 'NONE', *, *, #7542, .T. ) ;
#8833 = DIRECTION ( 'NONE',  ( 1.000000000000000000, 0.000000000000000000, 0.000000000000000000 ) ) ;
#8834 = EDGE_LOOP ( 'NONE', ( #8111, #5169, #2276, #5202 ) ) ;
#8835 = CARTESIAN_POINT ( 'NONE',  ( 2.019999999999999574, 0.000000000000000000, 3.550576545463337119 ) ) ;
#8836 = CARTESIAN_POINT ( 'NONE',  ( -1.870000000000000107, 1.999999999999999112, 0.6999999999999998446 ) ) ;
#8837 = CARTESIAN_POINT ( 'NONE',  ( -1.545000000000000373, -0.1898791645069245193, -3.750320303035187042 ) ) ;
#8838 = FACE_OUTER_BOUND ( 'NONE', #8685, .T. ) ;
#8839 = CARTESIAN_POINT ( 'NONE',  ( 1.544999999999999929, -0.1898791645069245193, 3.750320303035187042 ) ) ;
#8840 = ORIENTED_EDGE ( 'NONE', *, *, #1348, .T. ) ;
#8841 = EDGE_CURVE ( 'NONE', #3127, #316, #4446, .T. ) ;
#8842 = VERTEX_POINT ( 'NONE', #7706 ) ;
#8843 = AXIS2_PLACEMENT_3D ( 'NONE', #960, #2430, #327 ) ;
#8844 = DIRECTION ( 'NONE',  ( 0.000000000000000000, 0.000000000000000000, 1.000000000000000000 ) ) ;
#8845 = CARTESIAN_POINT ( 'NONE',  ( -4.410000000000000142, 2.249999999999999112, -0.6999999999999994005 ) ) ;
#8846 = ORIENTED_EDGE ( 'NONE', *, *, #6980, .T. ) ;
#8847 = EDGE_CURVE ( 'NONE', #2425, #3118, #4853, .T. ) ;
#8848 = ORIENTED_EDGE ( 'NONE', *, *, #1072, .T. ) ;
#8849 = DIRECTION ( 'NONE',  ( 0.000000000000000000, 0.000000000000000000, -1.000000000000000000 ) ) ;
#8850 = CARTESIAN_POINT ( 'NONE',  ( -4.309999999999999609, 2.880000000000000338, 0.5999999999999994227 ) ) ;
#8851 = DIRECTION ( 'NONE',  ( 0.000000000000000000, 0.9987187878592515000, 0.05060417746537709816 ) ) ;
#8852 = DIRECTION ( 'NONE',  ( 0.000000000000000000, 0.000000000000000000, 1.000000000000000000 ) ) ;
#8853 = ORIENTED_EDGE ( 'NONE', *, *, #1569, .F. ) ;
#8854 = VECTOR ( 'NONE', #8747, 1000.000000000000000 ) ;
#8855 = EDGE_CURVE ( 'NONE', #3652, #3552, #1669, .T. ) ;
#8856 = ADVANCED_FACE ( 'NONE', ( #7840, #4779, #1679, #7931, #1638, #7937 ), #9041, .T. ) ;
#8857 = CLOSED_SHELL ( 'NONE', ( #4840, #8170, #1052, #1964, #1332, #8104, #387, #3927, #653, #5565, #3845, #5342, #3074, #147, #2451, #2018, #5925, #9220 ) ) ;
#8858 = VERTEX_POINT ( 'NONE', #1531 ) ;
#8859 = VERTEX_POINT ( 'NONE', #8406 ) ;
#8860 = CARTESIAN_POINT ( 'NONE',  ( -0.9950000000000002176, -1.700000000000000400, 4.159551575750739083 ) ) ;
#8861 = EDGE_CURVE ( 'NONE', #8181, #2949, #7816, .T. ) ;
#8862 = CARTESIAN_POINT ( 'NONE',  ( -0.5200000000000004619, 0.2500000000000000000, 3.349999999999997424 ) ) ;
#8863 = LINE ( 'NONE', #7052, #8935 ) ;
#8864 = AXIS2_PLACEMENT_3D ( 'NONE', #6124, #1726, #3912 ) ;
#8865 = DIRECTION ( 'NONE',  ( 0.000000000000000000, 1.000000000000000000, 0.000000000000000000 ) ) ;
#8866 = AXIS2_PLACEMENT_3D ( 'NONE', #5227, #6102, #6760 ) ;
#8867 = CARTESIAN_POINT ( 'NONE',  ( 2.019999999999999574, 0.2500000000000000000, 3.349999999999997424 ) ) ;
#8868 = ORIENTED_EDGE ( 'NONE', *, *, #2869, .F. ) ;
#8869 = CARTESIAN_POINT ( 'NONE',  ( -0.5199999999999995737, -1.150000000000000133, 3.798968757172755062 ) ) ;
#8870 = CARTESIAN_POINT ( 'NONE',  ( 4.084999999999999964, -1.150000000000000355, -3.350000000000000533 ) ) ;
#8871 = EDGE_CURVE ( 'NONE', #872, #3442, #1837, .T. ) ;
#8872 = CARTESIAN_POINT ( 'NONE',  ( 4.559999999999999609, -1.700000000000000178, -4.954999999999999183 ) ) ;
#8873 = CARTESIAN_POINT ( 'NONE',  ( 4.559999999999999609, -1.700000000000000178, -4.159551575750739083 ) ) ;
#8874 = DIRECTION ( 'NONE',  ( -1.000000000000000000, -0.000000000000000000, -0.000000000000000000 ) ) ;
#8875 = DIRECTION ( 'NONE',  ( 0.000000000000000000, -0.000000000000000000, 1.000000000000000000 ) ) ;
#8876 = EDGE_LOOP ( 'NONE', ( #8062, #266, #802, #1844 ) ) ;
#8877 = ADVANCED_FACE ( 'NONE', ( #7872 ), #4742, .T. ) ;
#8878 = ORIENTED_EDGE ( 'NONE', *, *, #5357, .T. ) ;
#8879 = UNCERTAINTY_MEASURE_WITH_UNIT (LENGTH_MEASURE( 1.000000000000000082E-05 ), #5190, 'distance_accuracy_value', 'NONE');
#8880 = EDGE_CURVE ( 'NONE', #4985, #5934, #8059, .T. ) ;
#8881 = AXIS2_PLACEMENT_3D ( 'NONE', #8070, #5120, #6630 ) ;
#8882 = ORIENTED_EDGE ( 'NONE', *, *, #6293, .T. ) ;
#8883 = DIRECTION ( 'NONE',  ( 0.000000000000000000, 3.035766082959414782E-15, -1.000000000000000000 ) ) ;
#8884 = FILL_AREA_STYLE ('',( #2613 ) ) ;
#8885 = DIRECTION ( 'NONE',  ( 0.000000000000000000, -0.000000000000000000, 1.000000000000000000 ) ) ;
#8886 = ORIENTED_EDGE ( 'NONE', *, *, #4565, .F. ) ;
#8887 =( GEOMETRIC_REPRESENTATION_CONTEXT ( 3 ) GLOBAL_UNCERTAINTY_ASSIGNED_CONTEXT ( ( #4870 ) ) GLOBAL_UNIT_ASSIGNED_CONTEXT ( ( #722, #4844, #4184 ) ) REPRESENTATION_CONTEXT ( 'NONE', 'WORKASPACE' ) );
#8888 = VECTOR ( 'NONE', #8636, 1000.000000000000000 ) ;
#8889 = CARTESIAN_POINT ( 'NONE',  ( -7.620000000000000107, 2.780000000000000249, 0.09999999999999989453 ) ) ;
#8890 = CARTESIAN_POINT ( 'NONE',  ( -4.709999999999999964, 2.400000000000000355, 2.300000000000000266 ) ) ;
#8891 = EDGE_LOOP ( 'NONE', ( #8832, #2336, #156, #2681 ) ) ;
#8892 = CARTESIAN_POINT ( 'NONE',  ( -4.410000000000000142, 2.499999999999999556, -2.060000000000005382 ) ) ;
#8893 = FILL_AREA_STYLE_COLOUR ( '', #4981 ) ;
#8894 = DIRECTION ( 'NONE',  ( 0.000000000000000000, 0.000000000000000000, -1.000000000000000000 ) ) ;
#8895 = CARTESIAN_POINT ( 'NONE',  ( 0.6700000000000000400, 4.649244398944980539, 0.5999999999999999778 ) ) ;
#8896 = EDGE_CURVE ( 'NONE', #2735, #4343, #4695, .T. ) ;
#8897 = AXIS2_PLACEMENT_3D ( 'NONE', #6262, #479, #7633 ) ;
#8898 = LINE ( 'NONE', #7866, #5735 ) ;
#8899 = ORIENTED_EDGE ( 'NONE', *, *, #6150, .T. ) ;
#8900 = CARTESIAN_POINT ( 'NONE',  ( 1.544999999999999929, -1.450000000000000178, 4.159551575750739083 ) ) ;
#8901 = ADVANCED_FACE ( 'NONE', ( #7915 ), #4884, .T. ) ;
#8902 = DIRECTION ( 'NONE',  ( -1.000000000000000000, 0.000000000000000000, 0.000000000000000000 ) ) ;
#8903 = VERTEX_POINT ( 'NONE', #5066 ) ;
#8904 = ORIENTED_EDGE ( 'NONE', *, *, #1155, .F. ) ;
#8905 = EDGE_LOOP ( 'NONE', ( #2311, #9164, #1955, #8338 ) ) ;
#8906 =( NAMED_UNIT ( * ) PLANE_ANGLE_UNIT ( ) SI_UNIT ( $, .RADIAN. ) );
#8907 = VECTOR ( 'NONE', #922, 1000.000000000000000 ) ;
#8908 = VERTEX_POINT ( 'NONE', #4463 ) ;
#8909 = CARTESIAN_POINT ( 'NONE',  ( -0.6700000000000004841, 2.780000000000000249, 0.5999999999999993117 ) ) ;
#8910 = PRESENTATION_STYLE_ASSIGNMENT (( #5683 ) ) ;
#8911 = CARTESIAN_POINT ( 'NONE',  ( 4.815000000000000391, 2.396446609406726491, -3.349999999999999201 ) ) ;
#8912 = CARTESIAN_POINT ( 'NONE',  ( -0.6700000000000003730, 2.499999999999999556, -2.060000000000005382 ) ) ;
#8913 = EDGE_CURVE ( 'NONE', #3162, #4920, #4897, .T. ) ;
#8914 =( GEOMETRIC_REPRESENTATION_CONTEXT ( 3 ) GLOBAL_UNCERTAINTY_ASSIGNED_CONTEXT ( ( #5598 ) ) GLOBAL_UNIT_ASSIGNED_CONTEXT ( ( #4594, #3229, #7352 ) ) REPRESENTATION_CONTEXT ( 'NONE', 'WORKASPACE' ) );
#8915 = CARTESIAN_POINT ( 'NONE',  ( -1.770000000000000240, 2.780000000000000249, 0.5999999999999994227 ) ) ;
#8916 = EDGE_LOOP ( 'NONE', ( #8450, #5109, #4482, #1773, #3254, #6957, #1898, #6663 ) ) ;
#8917 = CARTESIAN_POINT ( 'NONE',  ( 4.309999999999999609, 1.999999999999999112, 0.6999999999999992895 ) ) ;
#8918 = VECTOR ( 'NONE', #6415, 1000.000000000000000 ) ;
#8919 = PRESENTATION_LAYER_ASSIGNMENT (  '', '', ( #1320 ) ) ;
#8920 = VERTEX_POINT ( 'NONE', #3424 ) ;
#8921 =( LENGTH_UNIT ( ) NAMED_UNIT ( * ) SI_UNIT ( .MILLI., .METRE. ) );
#8922 = CARTESIAN_POINT ( 'NONE',  ( 0.6700000000000000400, 2.780000000000000249, 0.09999999999999951983 ) ) ;
#8923 = EDGE_CURVE ( 'NONE', #4359, #3184, #7956, .T. ) ;
#8924 = FACE_OUTER_BOUND ( 'NONE', #6876, .T. ) ;
#8925 = SURFACE_STYLE_USAGE ( .BOTH. , #9035 ) ;
#8926 = ADVANCED_FACE ( 'NONE', ( #7769 ), #4203, .F. ) ;
#8927 = CARTESIAN_POINT ( 'NONE',  ( -3.310000000000000497, 4.649244398944980539, 0.5999999999999998668 ) ) ;
#8928 = DIRECTION ( 'NONE',  ( -0.000000000000000000, -0.000000000000000000, 1.000000000000000000 ) ) ;
#8929 = DIRECTION ( 'NONE',  ( 0.000000000000000000, -1.000000000000000000, -3.907034855803616961E-16 ) ) ;
#8930 = CARTESIAN_POINT ( 'NONE',  ( -0.5200000000000004619, -0.1772281201405800644, 4.000000000000000000 ) ) ;
#8931 = EDGE_LOOP ( 'NONE', ( #1347, #1153, #2924 ) ) ;
#8932 = SURFACE_STYLE_USAGE ( .BOTH. , #7710 ) ;
#8933 = ORIENTED_EDGE ( 'NONE', *, *, #6732, .F. ) ;
#8934 = VERTEX_POINT ( 'NONE', #4926 ) ;
#8935 = VECTOR ( 'NONE', #532, 1000.000000000000000 ) ;
#8936 = EDGE_CURVE ( 'NONE', #491, #7219, #1765, .T. ) ;
#8937 = AXIS2_PLACEMENT_3D ( 'NONE', #7478, #8782, #8844 ) ;
#8938 = CARTESIAN_POINT ( 'NONE',  ( 0.6699999999999998179, 2.249999999999999112, 1.809999999999999831 ) ) ;
#8939 = CARTESIAN_POINT ( 'NONE',  ( -3.060000000000000053, -1.450000000000000178, -4.954999999999999183 ) ) ;
#8940 = VECTOR ( 'NONE', #5204, 1000.000000000000000 ) ;
#8941 = DIRECTION ( 'NONE',  ( 0.000000000000000000, -0.7071067811865545671, -0.7071067811865404673 ) ) ;
#8942 = VERTEX_POINT ( 'NONE', #6208 ) ;
#8943 = ADVANCED_FACE ( 'NONE', ( #4871 ), #3152, .F. ) ;
#8944 = DIRECTION ( 'NONE',  ( -1.000000000000000000, 0.000000000000000000, 0.000000000000000000 ) ) ;
#8945 = VERTEX_POINT ( 'NONE', #138 ) ;
#8946 = DIRECTION ( 'NONE',  ( 0.000000000000000000, -0.000000000000000000, -1.000000000000000000 ) ) ;
#8947 = DIRECTION ( 'NONE',  ( 1.000000000000000000, -0.000000000000000000, -1.219727444046192981E-16 ) ) ;
#8948 = EDGE_CURVE ( 'NONE', #1736, #8606, #7899, .T. ) ;
#8949 = SURFACE_SIDE_STYLE ('',( #8219 ) ) ;
#8950 = CARTESIAN_POINT ( 'NONE',  ( 1.769999999999999352, 1.999999999999999112, 0.6999999999999991784 ) ) ;
#8951 = VECTOR ( 'NONE', #321, 1000.000000000000000 ) ;
#8952 = PLANE ( 'NONE',  #5511 ) ;
#8953 = ORIENTED_EDGE ( 'NONE', *, *, #6621, .T. ) ;
#8954 = VECTOR ( 'NONE', #8551, 1000.000000000000000 ) ;
#8955 =( BOUNDED_CURVE ( )  B_SPLINE_CURVE ( 3, ( #540, #1323, #9168, #4978 ),
 .UNSPECIFIED., .F., .F. ) 
 B_SPLINE_CURVE_WITH_KNOTS ( ( 4, 4 ),
 ( 1.570796326794896558, 3.141592653589793116 ),
 .UNSPECIFIED. ) 
 CURVE ( )  GEOMETRIC_REPRESENTATION_ITEM ( )  RATIONAL_B_SPLINE_CURVE ( ( 1.000000000000000000, 0.8047378541243649375, 0.8047378541243649375, 1.000000000000000000 ) ) 
 REPRESENTATION_ITEM ( '' )  );
#8956 = EDGE_CURVE ( 'NONE', #5646, #1739, #1816, .T. ) ;
#8957 = DIRECTION ( 'NONE',  ( -0.000000000000000000, -1.000000000000000000, -2.891205793294678326E-16 ) ) ;
#8958 = CARTESIAN_POINT ( 'NONE',  ( 4.559999999999999609, 0.000000000000000000, -3.550576545463337119 ) ) ;
#8959 = CYLINDRICAL_SURFACE ( 'NONE', #3304, 0.1000000000000011297 ) ;
#8960 = VERTEX_POINT ( 'NONE', #6505 ) ;
#8961 = ORIENTED_EDGE ( 'NONE', *, *, #1561, .F. ) ;
#8962 = DIRECTION ( 'NONE',  ( 0.000000000000000000, 0.000000000000000000, -1.000000000000000000 ) ) ;
#8963 = CARTESIAN_POINT ( 'NONE',  ( 1.544999999999999929, -1.349999999999999645, 4.159551575750739083 ) ) ;
#8964 = CARTESIAN_POINT ( 'NONE',  ( -5.309999999999999609, 2.500000000000000000, 2.300000000000000711 ) ) ;
#8965 = CARTESIAN_POINT ( 'NONE',  ( 2.019999999999999574, 0.2500000000000000000, 3.349999999999997424 ) ) ;
#8966 = ORIENTED_EDGE ( 'NONE', *, *, #9094, .F. ) ;
#8967 = CARTESIAN_POINT ( 'NONE',  ( 4.410000000000000142, 1.999999999999999112, 0.09999999999999917288 ) ) ;
#8968 = EDGE_CURVE ( 'NONE', #3063, #4654, #4825, .T. ) ;
#8969 = EDGE_LOOP ( 'NONE', ( #2319, #6938, #3838, #8840 ) ) ;
#8970 = VECTOR ( 'NONE', #8324, 1000.000000000000000 ) ;
#8971 = ORIENTED_EDGE ( 'NONE', *, *, #5021, .T. ) ;
#8972 = CARTESIAN_POINT ( 'NONE',  ( -5.080000000000000071, 2.780000000000000249, 0.6000000000000003109 ) ) ;
#8973 = CARTESIAN_POINT ( 'NONE',  ( 4.084999999999999964, -1.700000000000000400, 4.159551575750739083 ) ) ;
#8974 = CIRCLE ( 'NONE', #1477, 0.1000000000000000472 ) ;
#8975 = CARTESIAN_POINT ( 'NONE',  ( -4.559999999999999609, -1.150000000000000133, 3.550576545463337119 ) ) ;
#8976 = EDGE_CURVE ( 'NONE', #6728, #1189, #1694, .T. ) ;
#8977 = VECTOR ( 'NONE', #4004, 1000.000000000000000 ) ;
#8978 = SURFACE_SIDE_STYLE ('',( #3860 ) ) ;
#8979 = DIRECTION ( 'NONE',  ( 0.000000000000000000, 0.000000000000000000, -1.000000000000000000 ) ) ;
#8980 = DIRECTION ( 'NONE',  ( 0.000000000000000000, 0.9987187878592513890, 0.05060417746537783368 ) ) ;
#8981 = CARTESIAN_POINT ( 'NONE',  ( -0.6700000000000003730, 2.249999999999999112, 1.809999999999999831 ) ) ;
#8982 = AXIS2_PLACEMENT_3D ( 'NONE', #6269, #1266, #5631 ) ;
#8983 = CARTESIAN_POINT ( 'NONE',  ( 4.559999999999999609, 0.2500000000000000000, -3.349999999999997424 ) ) ;
#8984 = DIRECTION ( 'NONE',  ( -1.000000000000000000, 4.565061778886337002E-16, 0.000000000000000000 ) ) ;
#8985 = ORIENTED_EDGE ( 'NONE', *, *, #3256, .T. ) ;
#8986 = ORIENTED_EDGE ( 'NONE', *, *, #317, .F. ) ;
#8987 = ADVANCED_FACE ( 'NONE', ( #1656 ), #7759, .T. ) ;
#8988 = AXIS2_PLACEMENT_3D ( 'NONE', #3881, #1146, #5329 ) ;
#8989 = ORIENTED_EDGE ( 'NONE', *, *, #497, .T. ) ;
#8990 = LINE ( 'NONE', #666, #6100 ) ;
#8991 = CARTESIAN_POINT ( 'NONE',  ( -4.709999999999999964, 2.400000000000000355, 1.800000000000000711 ) ) ;
#8992 = FACE_OUTER_BOUND ( 'NONE', #5458, .T. ) ;
#8993 = ADVANCED_FACE ( 'NONE', ( #4756 ), #2465, .F. ) ;
#8994 = EDGE_CURVE ( 'NONE', #8075, #3423, #4915, .T. ) ;
#8995 = VERTEX_POINT ( 'NONE', #4771 ) ;
#8996 = EDGE_LOOP ( 'NONE', ( #7263, #1538, #1864, #1027 ) ) ;
#8997 = STYLED_ITEM ( 'NONE', ( #4324 ), #6443 ) ;
#8998 = LINE ( 'NONE', #3694, #9046 ) ;
#8999 = PLANE ( 'NONE',  #1026 ) ;
#9000 = VERTEX_POINT ( 'NONE', #945 ) ;
#9001 = CARTESIAN_POINT ( 'NONE',  ( -3.209999999999999964, 2.249999999999999112, 0.6999999999999992895 ) ) ;
#9002 = CARTESIAN_POINT ( 'NONE',  ( -3.535000000000000142, -1.700000000000000400, 3.350000000000000533 ) ) ;
#9003 = CARTESIAN_POINT ( 'NONE',  ( -4.815000000000000391, 2.000000000000000000, 3.349999999999999201 ) ) ;
#9004 = FILL_AREA_STYLE_COLOUR ( '', #4614 ) ;
#9005 = LINE ( 'NONE', #3970, #2881 ) ;
#9006 = DIRECTION ( 'NONE',  ( -1.000000000000000000, -0.000000000000000000, 0.000000000000000000 ) ) ;
#9007 = AXIS2_PLACEMENT_3D ( 'NONE', #7705, #5633, #2190 ) ;
#9008 = VECTOR ( 'NONE', #2834, 1000.000000000000000 ) ;
#9009 = FACE_OUTER_BOUND ( 'NONE', #641, .T. ) ;
#9010 = EDGE_CURVE ( 'NONE', #4817, #3500, #7968, .T. ) ;
#9011 = CARTESIAN_POINT ( 'NONE',  ( 3.535000000000000142, -1.700000000000000178, 4.954999999999999183 ) ) ;
#9012 = DIRECTION ( 'NONE',  ( 0.000000000000000000, 0.9987187878592513890, 0.05060417746537783368 ) ) ;
#9013 = VERTEX_POINT ( 'NONE', #6560 ) ;
#9014 = EDGE_CURVE ( 'NONE', #8676, #8532, #4932, .T. ) ;
#9015 = ORIENTED_EDGE ( 'NONE', *, *, #8633, .T. ) ;
#9016 = VERTEX_POINT ( 'NONE', #7402 ) ;
#9017 = DIRECTION ( 'NONE',  ( -0.000000000000000000, -1.000000000000000000, -2.891205793294678326E-16 ) ) ;
#9018 = LINE ( 'NONE', #8672, #2800 ) ;
#9019 = EDGE_CURVE ( 'NONE', #5137, #5274, #7856, .T. ) ;
#9020 = DIRECTION ( 'NONE',  ( 0.000000000000000000, 0.000000000000000000, -1.000000000000000000 ) ) ;
#9021 = LINE ( 'NONE', #2710, #6085 ) ;
#9022 = AXIS2_PLACEMENT_3D ( 'NONE', #570, #3573, #7091 ) ;
#9023 = LINE ( 'NONE', #8836, #3224 ) ;
#9024 = CARTESIAN_POINT ( 'NONE',  ( 4.559999999999999609, -0.2000000000000000111, -3.550576545463337119 ) ) ;
#9025 = CARTESIAN_POINT ( 'NONE',  ( -0.5200000000000004619, 0.2500000000000000000, 3.349999999999997424 ) ) ;
#9026 = DIRECTION ( 'NONE',  ( 0.000000000000000000, 0.000000000000000000, 1.000000000000000000 ) ) ;
#9027 = ORIENTED_EDGE ( 'NONE', *, *, #7184, .T. ) ;
#9028 = ORIENTED_EDGE ( 'NONE', *, *, #3256, .F. ) ;
#9029 = ORIENTED_EDGE ( 'NONE', *, *, #1072, .F. ) ;
#9030 = DIRECTION ( 'NONE',  ( -1.000000000000000000, 4.565061778886337002E-16, 0.000000000000000000 ) ) ;
#9031 = LINE ( 'NONE', #2471, #2852 ) ;
#9032 = ORIENTED_EDGE ( 'NONE', *, *, #3780, .F. ) ;
#9033 = VECTOR ( 'NONE', #8815, 1000.000000000000000 ) ;
#9034 = VECTOR ( 'NONE', #4031, 1000.000000000000000 ) ;
#9035 = SURFACE_SIDE_STYLE ('',( #6661 ) ) ;
#9036 = EDGE_LOOP ( 'NONE', ( #506, #462, #3174, #524 ) ) ;
#9037 = AXIS2_PLACEMENT_3D ( 'NONE', #7417, #6711, #8278 ) ;
#9038 = DIRECTION ( 'NONE',  ( 1.000000000000000000, 0.000000000000000000, 0.000000000000000000 ) ) ;
#9039 = CARTESIAN_POINT ( 'NONE',  ( 0.5200000000000000178, -1.149999999999999911, 4.049289471110532723 ) ) ;
#9040 = ADVANCED_FACE ( 'NONE', ( #7984 ), #1903, .F. ) ;
#9041 = PLANE ( 'NONE',  #1492 ) ;
#9042 = ORIENTED_EDGE ( 'NONE', *, *, #9010, .F. ) ;
#9043 = PLANE ( 'NONE',  #6920 ) ;
#9044 = ORIENTED_EDGE ( 'NONE', *, *, #1569, .T. ) ;
#9045 = EDGE_CURVE ( 'NONE', #1542, #4721, #1856, .T. ) ;
#9046 = VECTOR ( 'NONE', #5240, 1000.000000000000000 ) ;
#9047 = EDGE_LOOP ( 'NONE', ( #735, #939, #4364, #7026 ) ) ;
#9048 = MECHANICAL_DESIGN_GEOMETRIC_PRESENTATION_REPRESENTATION (  '', ( #7913 ), #3418 ) ;
#9049 = VECTOR ( 'NONE', #2427, 1000.000000000000000 ) ;
#9050 = ADVANCED_FACE ( 'NONE', ( #1709 ), #8206, .F. ) ;
#9051 = CARTESIAN_POINT ( 'NONE',  ( -4.084999999999999964, -1.700000000000000178, 3.350000000000000533 ) ) ;
#9052 = VECTOR ( 'NONE', #6610, 1000.000000000000000 ) ;
#9053 = ORIENTED_EDGE ( 'NONE', *, *, #2227, .F. ) ;
#9054 = VECTOR ( 'NONE', #7535, 1000.000000000000000 ) ;
#9055 = SURFACE_SIDE_STYLE ('',( #4310 ) ) ;
#9056 = ORIENTED_EDGE ( 'NONE', *, *, #8652, .F. ) ;
#9057 = FACE_OUTER_BOUND ( 'NONE', #7275, .T. ) ;
#9058 = EDGE_CURVE ( 'NONE', #2735, #6690, #1873, .T. ) ;
#9059 = FILL_AREA_STYLE ('',( #8419 ) ) ;
#9060 = ORIENTED_EDGE ( 'NONE', *, *, #729, .F. ) ;
#9061 = LINE ( 'NONE', #8381, #2910 ) ;
#9062 = DIRECTION ( 'NONE',  ( 0.000000000000000000, 0.000000000000000000, 1.000000000000000000 ) ) ;
#9063 = VERTEX_POINT ( 'NONE', #5379 ) ;
#9064 = DIRECTION ( 'NONE',  ( 1.000000000000000000, -0.000000000000000000, -0.000000000000000000 ) ) ;
#9065 = DIRECTION ( 'NONE',  ( 0.000000000000000000, -0.9987187878592515000, -0.05060417746537710509 ) ) ;
#9066 = CARTESIAN_POINT ( 'NONE',  ( -3.209999999999999964, 4.649244398944980539, 0.5999999999999998668 ) ) ;
#9067 = EDGE_CURVE ( 'NONE', #8661, #6220, #4961, .T. ) ;
#9068 =( NAMED_UNIT ( * ) SI_UNIT ( $, .STERADIAN. ) SOLID_ANGLE_UNIT ( ) );
#9069 = AXIS2_PLACEMENT_3D ( 'NONE', #3294, #4673, #468 ) ;
#9070 = VECTOR ( 'NONE', #1875, 1000.000000000000000 ) ;
#9071 = VECTOR ( 'NONE', #5561, 1000.000000000000000 ) ;
#9072 = ADVANCED_FACE ( 'NONE', ( #1613 ), #8250, .T. ) ;
#9073 = DIRECTION ( 'NONE',  ( 1.000000000000000000, 0.000000000000000000, 0.000000000000000000 ) ) ;
#9074 = MECHANICAL_DESIGN_GEOMETRIC_PRESENTATION_REPRESENTATION (  '', ( #8657 ), #4396 ) ;
#9075 = PLANE ( 'NONE',  #339 ) ;
#9076 = ORIENTED_EDGE ( 'NONE', *, *, #265, .T. ) ;
#9077 = SURFACE_STYLE_FILL_AREA ( #1236 ) ;
#9078 = ORIENTED_EDGE ( 'NONE', *, *, #5418, .F. ) ;
#9079 = CIRCLE ( 'NONE', #3878, 0.1999999999999996503 ) ;
#9080 = AXIS2_PLACEMENT_3D ( 'NONE', #4625, #8353, #5952 ) ;
#9081 = EDGE_LOOP ( 'NONE', ( #3510, #7222, #8073, #1803 ) ) ;
#9082 = FACE_OUTER_BOUND ( 'NONE', #3362, .T. ) ;
#9083 = DIRECTION ( 'NONE',  ( -0.000000000000000000, -0.000000000000000000, 1.000000000000000000 ) ) ;
#9084 = DIRECTION ( 'NONE',  ( -0.000000000000000000, -1.000000000000000000, -0.000000000000000000 ) ) ;
#9085 =( NAMED_UNIT ( * ) SI_UNIT ( $, .STERADIAN. ) SOLID_ANGLE_UNIT ( ) );
#9086 = VECTOR ( 'NONE', #8050, 1000.000000000000000 ) ;
#9087 = LINE ( 'NONE', #8004, #9054 ) ;
#9088 = DIRECTION ( 'NONE',  ( -0.000000000000000000, 1.000000000000000000, 3.035766082959414782E-15 ) ) ;
#9089 = UNCERTAINTY_MEASURE_WITH_UNIT (LENGTH_MEASURE( 1.000000000000000082E-05 ), #546, 'distance_accuracy_value', 'NONE');
#9090 = DIRECTION ( 'NONE',  ( 0.000000000000000000, 0.000000000000000000, 1.000000000000000000 ) ) ;
#9091 = DIRECTION ( 'NONE',  ( 1.000000000000000000, 0.000000000000000000, 0.000000000000000000 ) ) ;
#9092 = FILL_AREA_STYLE ('',( #6191 ) ) ;
#9093 = ORIENTED_EDGE ( 'NONE', *, *, #2421, .T. ) ;
#9094 = EDGE_CURVE ( 'NONE', #3739, #3223, #5035, .T. ) ;
#9095 = FACE_OUTER_BOUND ( 'NONE', #8805, .T. ) ;
#9096 = ORIENTED_EDGE ( 'NONE', *, *, #3750, .T. ) ;
#9097 =( LENGTH_UNIT ( ) NAMED_UNIT ( * ) SI_UNIT ( .MILLI., .METRE. ) );
#9098 = PLANE ( 'NONE',  #4775 ) ;
#9100 = EDGE_CURVE ( 'NONE', #5787, #7846, #2131, .T. ) ;
#9099 = VECTOR ( 'NONE', #1913, 1000.000000000000000 ) ;
#9101 = PLANE ( 'NONE',  #1046 ) ;
#9102 = ORIENTED_EDGE ( 'NONE', *, *, #2993, .T. ) ;
#9103 = COLOUR_RGB ( '',1.000000000000000000, 1.000000000000000000, 0.5019607843137254832 ) ;
#9104 = EDGE_CURVE ( 'NONE', #2760, #6439, #5219, .T. ) ;
#9105 = AXIS2_PLACEMENT_3D ( 'NONE', #4431, #344, #111 ) ;
#9106 = LINE ( 'NONE', #286, #5927 ) ;
#9107 = FACE_OUTER_BOUND ( 'NONE', #2911, .T. ) ;
#9108 = PLANE ( 'NONE',  #7612 ) ;
#9109 = ORIENTED_EDGE ( 'NONE', *, *, #5838, .T. ) ;
#9110 = DIRECTION ( 'NONE',  ( 1.000000000000000000, 4.565061778886337988E-16, 2.313075504410461447E-17 ) ) ;
#9111 =( GEOMETRIC_REPRESENTATION_CONTEXT ( 3 ) GLOBAL_UNCERTAINTY_ASSIGNED_CONTEXT ( ( #1443 ) ) GLOBAL_UNIT_ASSIGNED_CONTEXT ( ( #2498, #3199, #7320 ) ) REPRESENTATION_CONTEXT ( 'NONE', 'WORKASPACE' ) );
#9112 = DIRECTION ( 'NONE',  ( 0.000000000000000000, -1.000000000000000000, 0.000000000000000000 ) ) ;
#9113 = DIRECTION ( 'NONE',  ( 1.000000000000000000, -0.000000000000000000, 0.000000000000000000 ) ) ;
#9114 = DIRECTION ( 'NONE',  ( 0.7071067811865479058, 0.000000000000000000, 0.7071067811865472397 ) ) ;
#9115 = DIRECTION ( 'NONE',  ( 0.000000000000000000, 0.000000000000000000, -1.000000000000000000 ) ) ;
#9116 = SURFACE_SIDE_STYLE ('',( #865 ) ) ;
#9117 = ORIENTED_EDGE ( 'NONE', *, *, #6621, .F. ) ;
#9118 = FACE_OUTER_BOUND ( 'NONE', #4912, .T. ) ;
#9119 = VERTEX_POINT ( 'NONE', #6829 ) ;
#9120 = SURFACE_STYLE_FILL_AREA ( #6283 ) ;
#9121 = ORIENTED_EDGE ( 'NONE', *, *, #8572, .F. ) ;
#9122 = CARTESIAN_POINT ( 'NONE',  ( 0.6699999999999998179, 2.499999999999999112, 2.060000000000005382 ) ) ;
#9123 = VECTOR ( 'NONE', #3195, 1000.000000000000000 ) ;
#9124 = VECTOR ( 'NONE', #1825, 1000.000000000000000 ) ;
#9125 =( NAMED_UNIT ( * ) PLANE_ANGLE_UNIT ( ) SI_UNIT ( $, .RADIAN. ) );
#9126 = AXIS2_PLACEMENT_3D ( 'NONE', #6476, #7233, #7971 ) ;
#9127 = PLANE ( 'NONE',  #1444 ) ;
#9128 = LINE ( 'NONE', #2544, #6116 ) ;
#9129 = CARTESIAN_POINT ( 'NONE',  ( -4.815000000000000391, 2.000000000000000000, 3.349999999999999201 ) ) ;
#9130 = EDGE_CURVE ( 'NONE', #151, #8177, #8290, .T. ) ;
#9131 = DIRECTION ( 'NONE',  ( -0.000000000000000000, 1.000000000000000000, -0.000000000000000000 ) ) ;
#9132 = EDGE_LOOP ( 'NONE', ( #2810, #6068, #9136, #5350 ) ) ;
#9133 = PRESENTATION_LAYER_ASSIGNMENT (  '', '', ( #7054 ) ) ;
#9134 = ORIENTED_EDGE ( 'NONE', *, *, #2756, .T. ) ;
#9135 = FACE_OUTER_BOUND ( 'NONE', #797, .T. ) ;
#9136 = ORIENTED_EDGE ( 'NONE', *, *, #8652, .T. ) ;
#9137 =( NAMED_UNIT ( * ) PLANE_ANGLE_UNIT ( ) SI_UNIT ( $, .RADIAN. ) );
#9138 =( NAMED_UNIT ( * ) PLANE_ANGLE_UNIT ( ) SI_UNIT ( $, .RADIAN. ) );
#9139 = PRESENTATION_STYLE_ASSIGNMENT (( #7781 ) ) ;
#9140 =( LENGTH_UNIT ( ) NAMED_UNIT ( * ) SI_UNIT ( .MILLI., .METRE. ) );
#9141 = EDGE_CURVE ( 'NONE', #3162, #5559, #8203, .T. ) ;
#9142 = ADVANCED_FACE ( 'NONE', ( #5281 ), #6967, .F. ) ;
#9143 = LINE ( 'NONE', #114, #9070 ) ;
#9144 = EDGE_CURVE ( 'NONE', #6949, #8920, #5142, .T. ) ;
#9145 = VECTOR ( 'NONE', #8141, 1000.000000000000000 ) ;
#9146 = ORIENTED_EDGE ( 'NONE', *, *, #8485, .F. ) ;
#9147 = LINE ( 'NONE', #867, #6181 ) ;
#9148 = DIRECTION ( 'NONE',  ( 1.000000000000000000, -0.000000000000000000, 0.000000000000000000 ) ) ;
#9149 = DIRECTION ( 'NONE',  ( -0.000000000000000000, -1.000000000000000000, -2.891205793294678326E-16 ) ) ;
#9150 = EDGE_LOOP ( 'NONE', ( #7355, #1692, #7269, #1517 ) ) ;
#9151 = ORIENTED_EDGE ( 'NONE', *, *, #4909, .F. ) ;
#9152 = AXIS2_PLACEMENT_3D ( 'NONE', #2534, #2382, #3043 ) ;
#9153 = LINE ( 'NONE', #3756, #5981 ) ;
#9154 = ORIENTED_EDGE ( 'NONE', *, *, #3490, .F. ) ;
#9155 = DIRECTION ( 'NONE',  ( 0.000000000000000000, 0.000000000000000000, 1.000000000000000000 ) ) ;
#9156 = EDGE_CURVE ( 'NONE', #4095, #6723, #5128, .T. ) ;
#9157 = VECTOR ( 'NONE', #8403, 1000.000000000000000 ) ;
#9158 = LINE ( 'NONE', #8589, #3040 ) ;
#9159 = SURFACE_STYLE_FILL_AREA ( #5863 ) ;
#9160 = CARTESIAN_POINT ( 'NONE',  ( 4.410000000000000142, 4.649244398944980539, 0.5999999999999998668 ) ) ;
#9161 = CARTESIAN_POINT ( 'NONE',  ( 4.084999999999999964, -1.700000000000000400, 4.954999999999999183 ) ) ;
#9162 = SURFACE_SIDE_STYLE ('',( #6891 ) ) ;
#9163 = ORIENTED_EDGE ( 'NONE', *, *, #5194, .F. ) ;
#9164 = ORIENTED_EDGE ( 'NONE', *, *, #6314, .F. ) ;
#9165 = VERTEX_POINT ( 'NONE', #8314 ) ;
#9166 = PRESENTATION_STYLE_ASSIGNMENT (( #1846 ) ) ;
#9167 = EDGE_LOOP ( 'NONE', ( #3472, #190, #2377, #8953 ) ) ;
#9168 = CARTESIAN_POINT ( 'NONE',  ( -5.814999999999998614, 2.396446609406726491, -3.349999999999998312 ) ) ;
#9169 = EDGE_CURVE ( 'NONE', #8772, #573, #5255, .T. ) ;
#9170 = CARTESIAN_POINT ( 'NONE',  ( -4.559999999999999609, -0.2000000000000000111, -3.550576545463337119 ) ) ;
#9171 = FACE_OUTER_BOUND ( 'NONE', #7850, .T. ) ;
#9172 = DIRECTION ( 'NONE',  ( -0.9659258262890680902, -0.2588190451025213501, 0.000000000000000000 ) ) ;
#9173 = ORIENTED_EDGE ( 'NONE', *, *, #3165, .T. ) ;
#9174 = CYLINDRICAL_SURFACE ( 'NONE', #6780, 0.2500000000000002220 ) ;
#9175 = FACE_OUTER_BOUND ( 'NONE', #5979, .T. ) ;
#9176 = EDGE_CURVE ( 'NONE', #1132, #6345, #5233, .T. ) ;
#9177 = CARTESIAN_POINT ( 'NONE',  ( -3.060000000000000053, -1.700000000000000178, -4.159551575750739083 ) ) ;
#9178 = ORIENTED_EDGE ( 'NONE', *, *, #6529, .F. ) ;
#9179 = LINE ( 'NONE', #6600, #6104 ) ;
#9180 = CARTESIAN_POINT ( 'NONE',  ( 4.309999999999999609, 2.780000000000000249, 0.09999999999999940881 ) ) ;
#9181 = FILL_AREA_STYLE ('',( #8003 ) ) ;
#9182 = DIRECTION ( 'NONE',  ( 0.000000000000000000, 0.000000000000000000, -1.000000000000000000 ) ) ;
#9183 = CARTESIAN_POINT ( 'NONE',  ( 3.060000000000000053, -0.1898791645069245193, -3.750320303035187042 ) ) ;
#9184 = DIRECTION ( 'NONE',  ( 0.000000000000000000, 0.000000000000000000, -1.000000000000000000 ) ) ;
#9185 = VERTEX_POINT ( 'NONE', #8525 ) ;
#9186 = ORIENTED_EDGE ( 'NONE', *, *, #7421, .T. ) ;
#9187 = EDGE_CURVE ( 'NONE', #5868, #7756, #5241, .T. ) ;
#9188 = CYLINDRICAL_SURFACE ( 'NONE', #4059, 0.1000000000000011297 ) ;
#9189 = VECTOR ( 'NONE', #2187, 1000.000000000000000 ) ;
#9190 = VECTOR ( 'NONE', #7921, 1000.000000000000000 ) ;
#9191 = COLOUR_RGB ( '',1.000000000000000000, 1.000000000000000000, 0.5019607843137254832 ) ;
#9192 = ADVANCED_FACE ( 'NONE', ( #2116 ), #9205, .F. ) ;
#9193 = CARTESIAN_POINT ( 'NONE',  ( -3.535000000000000142, -1.700000000000000400, -3.350000000000000533 ) ) ;
#9194 = VERTEX_POINT ( 'NONE', #3383 ) ;
#9195 = VECTOR ( 'NONE', #1792, 1000.000000000000000 ) ;
#9196 = DIRECTION ( 'NONE',  ( 1.000000000000000000, 0.000000000000000000, 0.000000000000000000 ) ) ;
#9197 = AXIS2_PLACEMENT_3D ( 'NONE', #8165, #8797, #4787 ) ;
#9198 = PLANE ( 'NONE',  #1718 ) ;
#9199 = ORIENTED_EDGE ( 'NONE', *, *, #65, .F. ) ;
#9200 = ORIENTED_EDGE ( 'NONE', *, *, #2828, .F. ) ;
#9201 = CYLINDRICAL_SURFACE ( 'NONE', #3411, 0.09999999999999993616 ) ;
#9202 = DIRECTION ( 'NONE',  ( 0.000000000000000000, 0.000000000000000000, -1.000000000000000000 ) ) ;
#9203 = ORIENTED_EDGE ( 'NONE', *, *, #5185, .T. ) ;
#9204 = DIRECTION ( 'NONE',  ( 0.000000000000000000, 0.000000000000000000, 1.000000000000000000 ) ) ;
#9205 = PLANE ( 'NONE',  #2375 ) ;
#9206 = DIRECTION ( 'NONE',  ( 0.000000000000000000, 0.000000000000000000, -1.000000000000000000 ) ) ;
#9207 = CARTESIAN_POINT ( 'NONE',  ( -3.310000000000000497, 4.649244398944980539, -1.014106625800827399E-16 ) ) ;
#9208 = PRESENTATION_LAYER_ASSIGNMENT (  '', '', ( #7126 ) ) ;
#9209 = FACE_OUTER_BOUND ( 'NONE', #855, .T. ) ;
#9210 = VECTOR ( 'NONE', #5145, 1000.000000000000000 ) ;
#9211 = CARTESIAN_POINT ( 'NONE',  ( 5.815000000000000391, 2.250000000000000444, -2.349999999999999201 ) ) ;
#9212 = ADVANCED_FACE ( 'NONE', ( #2216 ), #1972, .F. ) ;
#9213 = AXIS2_PLACEMENT_3D ( 'NONE', #8927, #1337, #7641 ) ;
#9214 = CARTESIAN_POINT ( 'NONE',  ( -4.709999999999999964, 2.500000000000000000, 1.800000000000000711 ) ) ;
#9215 = ORIENTED_EDGE ( 'NONE', *, *, #5984, .T. ) ;
#9216 = ORIENTED_EDGE ( 'NONE', *, *, #4605, .T. ) ;
#9217 = UNCERTAINTY_MEASURE_WITH_UNIT (LENGTH_MEASURE( 1.000000000000000082E-05 ), #1830, 'distance_accuracy_value', 'NONE');
#9218 = LINE ( 'NONE', #5924, #5896 ) ;
#9219 = CARTESIAN_POINT ( 'NONE',  ( 2.019999999999999574, 0.2500000000000000000, 3.550576545463337119 ) ) ;
#9220 = ADVANCED_FACE ( 'NONE', ( #2233 ), #5475, .T. ) ;
#9221 = DIRECTION ( 'NONE',  ( 0.2588190451025213501, 0.9659258262890680902, 0.000000000000000000 ) ) ;
#9222 = PLANE ( 'NONE',  #8399 ) ;
#9223 = LINE ( 'NONE', #5690, #3137 ) ;
#9224 = DIRECTION ( 'NONE',  ( 1.000000000000000000, 0.000000000000000000, 0.000000000000000000 ) ) ;
#9225 = CARTESIAN_POINT ( 'NONE',  ( 4.559999999999999609, -0.1772281201405800644, -4.000000000000000000 ) ) ;
#9226 = FILL_AREA_STYLE ('',( #3346 ) ) ;
#9227 = LINE ( 'NONE', #7366, #2887 ) ;
#9228 = NEXT_ASSEMBLY_USAGE_OCCURRENCE ( 'NAUO1', ' ', ' ', #5061, #3901, $ ) ;
ENDSEC;
END-ISO-10303-21;
